ExchangeSegment,ExchangeInstrumentId,InstrumentType,Name,Description,Series,NameWithSeries,InstrumentId,PriceBandHigh,PriceBandLow,FreezeQty,TickSize,LotSize,Multiplier,UnderlyingInstrumentId,UnderlyingIndexName,ContractExpiration,StrikePrice,OptionType,DisplayName,PriceNumerator,PriceDenominator,DetailedDescription
NCDEX,82910,1,JEERAUNJHA,JEERAUNJHA18DEC2026,FUTCOM,JEERAUNJHA-FUTCOM,21635200082910,22960,21200,150,5,3,10,21100100000082,,2026-12-18T00:00:00,0,0,JEERAUNJHA 18DEC2026,1,1,JEERAUNJHA18DEC2026
NCDEX,81785,1,CASTOR,CASTOR16OCT2026,FUTCOM,CASTOR-FUTCOM,21628900081785,7576,6994,500,1,5,10,21100100028124,,2026-10-16T00:00:00,0,0,CASTOR 16OCT2026,1,1,CASTOR16OCT2026
NCDEX,81798,1,STEEL,STEEL18SEP2026,FUTCOM,STEEL-FUTCOM,21626100081798,45230,40110,500,10,10,1,21100100044649,,2026-09-18T00:00:00,0,0,STEEL 18SEP2026,1,1,STEEL18SEP2026
NCDEX,82901,1,COCUDAKL,COCUDAKL19FEB2027,FUTCOM,COCUDAKL-FUTCOM,21705000082901,3524,3254,500,1,10,10,21100100000393,,2027-02-19T00:00:00,0,0,COCUDAKL 19FEB2027,1,1,COCUDAKL19FEB2027
NCDEX,80108,1,KAPAS,KAPAS26FEB2027,FUTCOM,KAPAS-FUTCOM,21705700080108,2061,1903,50,0.5,1,200,21100100030050,,2027-02-26T00:00:00,0,0,KAPAS 26FEB2027,1,1,KAPAS26FEB2027
NCDEX,80103,1,GUARGUM5,GUARGUM520AUG2026,FUTCOM,GUARGUM5-FUTCOM,21623200080103,12181,11245,250,1,5,10,21100100000537,,2026-08-20T00:00:00,0,0,GUARGUM5 20AUG2026,1,1,GUARGUM520AUG2026
NCDEX,78573,1,KAPAS,KAPAS30NOV2026,FUTCOM,KAPAS-FUTCOM,21633400078573,2031,1875,50,0.5,1,200,21100100030050,,2026-11-30T00:00:00,0,0,KAPAS 30NOV2026,1,1,KAPAS30NOV2026
NCDEX,81449,1,BARLEYJPR,BARLEYJPR18SEP2026,FUTCOM,BARLEYJPR-FUTCOM,21626100081449,2234,2063,500,0.5,10,10,21100100000233,,2026-09-18T00:00:00,0,0,BARLEYJPR 18SEP2026,1,1,BARLEYJPR18SEP2026
NCDEX,81789,1,COTWASOIL,COTWASOIL18DEC2026,FUTCOM,COTWASOIL-FUTCOM,21635200081789,1741.6,1607.8,500,0.1,1,100,21100100073063,,2026-12-18T00:00:00,0,0,COTWASOIL 18DEC2026,1,1,COTWASOIL18DEC2026
NCDEX,82911,1,MAIZE,MAIZE18DEC2026,FUTCOM,MAIZE-FUTCOM,21635200082911,2565,2369,500,1,10,10,21100100036639,,2026-12-18T00:00:00,0,0,MAIZE 18DEC2026,1,1,MAIZE18DEC2026
NCDEX,81452,1,COCUDAKL,COCUDAKL18SEP2026,FUTCOM,COCUDAKL-FUTCOM,21626100081452,3934,3632,500,1,10,10,21100100000393,,2026-09-18T00:00:00,0,0,COCUDAKL 18SEP2026,1,1,COCUDAKL18SEP2026
NCDEX,81791,1,GROUNDNUT,GROUNDNUT18SEP2026,FUTCOM,GROUNDNUT-FUTCOM,21626100081791,7463,7029,500,1,5,10,21100100065281,,2026-09-18T00:00:00,0,0,GROUNDNUT 18SEP2026,1,1,GROUNDNUT18SEP2026
NCDEX,81799,1,SUNOIL,SUNOIL30SEP2026,FUTCOM,SUNOIL-FUTCOM,21627300081799,1766.7,1630.9,500,0.1,5,100,21100100070636,,2026-09-30T00:00:00,0,0,SUNOIL 30SEP2026,1,1,SUNOIL30SEP2026
NCDEX,80104,1,GUARSEED10,GUARSEED1020AUG2026,FUTCOM,GUARSEED10-FUTCOM,21623200080104,6345,5857,500,1,5,10,21100100000486,,2026-08-20T00:00:00,0,0,GUARSEED10 20AUG2026,1,1,GUARSEED1020AUG2026
NCDEX,80890,1,CASTOR,CASTOR20AUG2026,FUTCOM,CASTOR-FUTCOM,21623200080890,7381,6815,500,1,5,10,21100100028124,,2026-08-20T00:00:00,0,0,CASTOR 20AUG2026,1,1,CASTOR20AUG2026
NCDEX,81796,1,JEERAUNJHA,JEERAUNJHA19OCT2026,FUTCOM,JEERAUNJHA-FUTCOM,21629200081796,22140,20440,150,5,3,10,21100100000082,,2026-10-19T00:00:00,0,0,JEERAUNJHA 19OCT2026,1,1,JEERAUNJHA19OCT2026
NCDEX,81458,1,JEERAMINI,JEERAMINI18SEP2026,FUTCOM,JEERAMINI-FUTCOM,21626100081458,21535,19885,50,5,1,10,21100100071208,,2026-09-18T00:00:00,0,0,JEERAMINI 18SEP2026,1,1,JEERAMINI18SEP2026
NCDEX,80099,1,COTTON,COTTON19FEB2027,FUTCOM,COTTON-FUTCOM,21705000080099,35050,32370,50,10,1,25,21100100000478,,2027-02-19T00:00:00,0,0,COTTON 19FEB2027,1,1,COTTON19FEB2027
NCDEX,82913,1,SESAMESEED,SESAMESEED20NOV2026,FUTCOM,SESAMESEED-FUTCOM,21632400082913,13000,12000,250,5,5,10,21100100040523,,2026-11-20T00:00:00,0,0,SESAMESEED 20NOV2026,1,1,SESAMESEED20NOV2026
NCDEX,82354,1,JEERAMINI,JEERAMINI20NOV2026,FUTCOM,JEERAMINI-FUTCOM,21632400082354,21765,20095,50,5,1,10,21100100071208,,2026-11-20T00:00:00,0,0,JEERAMINI 20NOV2026,1,1,JEERAMINI20NOV2026
NCDEX,82907,1,GUARSEED10,GUARSEED1019FEB2027,FUTCOM,GUARSEED10-FUTCOM,21705000082907,6567,6063,500,1,5,10,21100100000486,,2027-02-19T00:00:00,0,0,GUARSEED10 19FEB2027,1,1,GUARSEED1019FEB2027
NCDEX,82897,1,BAJRA,BAJRA18DEC2026,FUTCOM,BAJRA-FUTCOM,21635200082897,2426,2240,500,1,10,10,21100100000496,,2026-12-18T00:00:00,0,0,BAJRA 18DEC2026,1,1,BAJRA18DEC2026
NCDEX,82809,1,PEPPER,PEPPER20NOV2026,FUTCOM,PEPPER-FUTCOM,21632400082809,759.5,701.1,50,0.1,1,1000,21100100028643,,2026-11-20T00:00:00,0,0,PEPPER 20NOV2026,1,1,PEPPER20NOV2026
NCDEX,80902,1,JEERAUNJHA,JEERAUNJHA20AUG2026,FUTCOM,JEERAUNJHA-FUTCOM,21623200080902,21320,19680,150,5,3,10,21100100000082,,2026-08-20T00:00:00,0,0,JEERAUNJHA 20AUG2026,1,1,JEERAUNJHA20AUG2026
NCDEX,81450,1,CASTOR,CASTOR18SEP2026,FUTCOM,CASTOR-FUTCOM,21626100081450,7468,6894,500,1,5,10,21100100028124,,2026-09-18T00:00:00,0,0,CASTOR 18SEP2026,1,1,CASTOR18SEP2026
NCDEX,80889,1,BARLEYJPR,BARLEYJPR20AUG2026,FUTCOM,BARLEYJPR-FUTCOM,21623200080889,2620,2419,500,0.5,10,10,21100100000233,,2026-08-20T00:00:00,0,0,BARLEYJPR 20AUG2026,1,1,BARLEYJPR20AUG2026
NCDEX,80900,1,ISABGOL,ISABGOL20AUG2026,FUTCOM,ISABGOL-FUTCOM,21623200080900,13575,12535,150,5,3,10,21100100063931,,2026-08-20T00:00:00,0,0,ISABGOL 20AUG2026,1,1,ISABGOL20AUG2026
NCDEX,82356,1,MAIZE,MAIZE20NOV2026,FUTCOM,MAIZE-FUTCOM,21632400082356,2554,2358,500,1,10,10,21100100036639,,2026-11-20T00:00:00,0,0,MAIZE 20NOV2026,1,1,MAIZE20NOV2026
NCDEX,80908,1,YELLOWP,YELLOWP20AUG2026,FUTCOM,YELLOWP-FUTCOM,21623200080908,4504,4158,500,1,5,10,21100100073347,,2026-08-20T00:00:00,0,0,YELLOWP 20AUG2026,1,1,YELLOWP20AUG2026
NCDEX,81778,1,RAINMUMBAI,RAINMUMBAI29SEP2026,FUTCOM,RAINMUMBAI-FUTCOM,21627200081778,2386,2116,50,1,1,50,21100100081768,,2026-09-29T00:00:00,0,0,RAINMUMBAI 29SEP2026,1,1,RAINMUMBAI29SEP2026
NCDEX,82882,1,GUARKORMA,GUARKORMA18SEP2026,FUTCOM,GUARKORMA-FUTCOM,21626100082882,4525,4177,500,1,5,10,21100100082869,,2026-09-18T00:00:00,0,0,GUARKORMA 18SEP2026,1,1,GUARKORMA18SEP2026
NCDEX,81461,1,SESAMESEED,SESAMESEED20AUG2026,FUTCOM,SESAMESEED-FUTCOM,21623200081461,13585,12545,250,5,5,10,21100100040523,,2026-08-20T00:00:00,0,0,SESAMESEED 20AUG2026,1,1,SESAMESEED20AUG2026
NCDEX,81794,1,ISABGOL,ISABGOL19OCT2026,FUTCOM,ISABGOL-FUTCOM,21629200081794,10920,10080,150,5,3,10,21100100063931,,2026-10-19T00:00:00,0,0,ISABGOL 19OCT2026,1,1,ISABGOL19OCT2026
NCDEX,80559,1,GUARSEED10,GUARSEED1018SEP2026,FUTCOM,GUARSEED10-FUTCOM,21626100080559,6483,5985,500,1,5,10,21100100000486,,2026-09-18T00:00:00,0,0,GUARSEED10 18SEP2026,1,1,GUARSEED1018SEP2026
NCDEX,81800,1,TMCFGRNZM,TMCFGRNZM18DEC2026,FUTCOM,TMCFGRNZM-FUTCOM,21635200081800,21794,20118,250,2,5,10,21100100000058,,2026-12-18T00:00:00,0,0,TMCFGRNZM 18DEC2026,1,1,TMCFGRNZM18DEC2026
NCDEX,81454,1,GROUNDNUT,GROUNDNUT20AUG2026,FUTCOM,GROUNDNUT-FUTCOM,21623200081454,7427,6995,500,1,5,10,21100100065281,,2026-08-20T00:00:00,0,0,GROUNDNUT 20AUG2026,1,1,GROUNDNUT20AUG2026
NCDEX,82808,1,PEPPER,PEPPER19OCT2026,FUTCOM,PEPPER-FUTCOM,21629200082808,755.3,697.3,50,0.1,1,1000,21100100028643,,2026-10-19T00:00:00,0,0,PEPPER 19OCT2026,1,1,PEPPER19OCT2026
NCDEX,81459,1,JEERAUNJHA,JEERAUNJHA18SEP2026,FUTCOM,JEERAUNJHA-FUTCOM,21626100081459,21730,20060,150,5,3,10,21100100000082,,2026-09-18T00:00:00,0,0,JEERAUNJHA 18SEP2026,1,1,JEERAUNJHA18SEP2026
NCDEX,82360,1,YELLOWP,YELLOWP20NOV2026,FUTCOM,YELLOWP-FUTCOM,21632400082360,4573,4223,500,1,5,10,21100100073347,,2026-11-20T00:00:00,0,0,YELLOWP 20NOV2026,1,1,YELLOWP20NOV2026
NCDEX,82884,1,GUARKORMA,GUARKORMA20NOV2026,FUTCOM,GUARKORMA-FUTCOM,21632400082884,4629,4273,500,1,5,10,21100100082869,,2026-11-20T00:00:00,0,0,GUARKORMA 20NOV2026,1,1,GUARKORMA20NOV2026
NCDEX,81797,1,MAIZE,MAIZE19OCT2026,FUTCOM,MAIZE-FUTCOM,21629200081797,2540,2346,500,1,10,10,21100100036639,,2026-10-19T00:00:00,0,0,MAIZE 19OCT2026,1,1,MAIZE19OCT2026
NCDEX,82346,1,CASTOROIL,CASTOROIL20NOV2026,FUTCOM,CASTOROIL-FUTCOM,21632400082346,1501.5,1386.5,200,0.5,2,100,21100100054667,,2026-11-20T00:00:00,0,0,CASTOROIL 20NOV2026,1,1,CASTOROIL20NOV2026
NCDEX,82903,1,DHANIYA,DHANIYA20JAN2027,FUTCOM,DHANIYA-FUTCOM,21702000082903,17036,15728,500,2,5,10,21100100000350,,2027-01-20T00:00:00,0,0,DHANIYA 20JAN2027,1,1,DHANIYA20JAN2027
NCDEX,80901,1,JEERAMINI,JEERAMINI20AUG2026,FUTCOM,JEERAMINI-FUTCOM,21623200080901,21430,19790,50,5,1,10,21100100071208,,2026-08-20T00:00:00,0,0,JEERAMINI 20AUG2026,1,1,JEERAMINI20AUG2026
NCDEX,82350,1,GROUNDNUT,GROUNDNUT19OCT2026,FUTCOM,GROUNDNUT-FUTCOM,21629200082350,7502,7066,500,1,5,10,21100100065281,,2026-10-19T00:00:00,0,0,GROUNDNUT 19OCT2026,1,1,GROUNDNUT19OCT2026
NCDEX,82898,1,BARLEYJPR,BARLEYJPR18DEC2026,FUTCOM,BARLEYJPR-FUTCOM,21635200082898,2234,2063,500,0.5,10,10,21100100000233,,2026-12-18T00:00:00,0,0,BARLEYJPR 18DEC2026,1,1,BARLEYJPR18DEC2026
NCDEX,81784,1,BARLEYJPR,BARLEYJPR19OCT2026,FUTCOM,BARLEYJPR-FUTCOM,21629200081784,2234,2063,500,0.5,10,10,21100100000233,,2026-10-19T00:00:00,0,0,BARLEYJPR 19OCT2026,1,1,BARLEYJPR19OCT2026
NCDEX,82912,1,PEPPER,PEPPER18DEC2026,FUTCOM,PEPPER-FUTCOM,21635200082912,763.6,705,50,0.1,1,1000,21100100028643,,2026-12-18T00:00:00,0,0,PEPPER 18DEC2026,1,1,PEPPER18DEC2026
NCDEX,81455,1,GUARGUM5,GUARGUM520NOV2026,FUTCOM,GUARGUM5-FUTCOM,21632400081455,12825,11839,250,1,5,10,21100100000537,,2026-11-20T00:00:00,0,0,GUARGUM5 20NOV2026,1,1,GUARGUM520NOV2026
NCDEX,82909,1,JEERAMINI,JEERAMINI18DEC2026,FUTCOM,JEERAMINI-FUTCOM,21635200082909,21865,20185,50,5,1,10,21100100071208,,2026-12-18T00:00:00,0,0,JEERAMINI 18DEC2026,1,1,JEERAMINI18DEC2026
NCDEX,81463,1,SUNOIL,SUNOIL31AUG2026,FUTCOM,SUNOIL-FUTCOM,21624300081463,1758,1622.8,500,0.1,5,100,21100100070636,,2026-08-31T00:00:00,0,0,SUNOIL 31AUG2026,1,1,SUNOIL31AUG2026
NCDEX,82343,1,BAJRA,BAJRA20NOV2026,FUTCOM,BAJRA-FUTCOM,21632400082343,2414,2230,500,1,10,10,21100100000496,,2026-11-20T00:00:00,0,0,BAJRA 20NOV2026,1,1,BAJRA20NOV2026
NCDEX,82344,1,BARLEYJPR,BARLEYJPR20NOV2026,FUTCOM,BARLEYJPR-FUTCOM,21632400082344,2234,2063,500,0.5,10,10,21100100000233,,2026-11-20T00:00:00,0,0,BARLEYJPR 20NOV2026,1,1,BARLEYJPR20NOV2026
NCDEX,82357,1,SESAMESEED,SESAMESEED19OCT2026,FUTCOM,SESAMESEED-FUTCOM,21629200082357,13000,12000,250,5,5,10,21100100040523,,2026-10-19T00:00:00,0,0,SESAMESEED 19OCT2026,1,1,SESAMESEED19OCT2026
NCDEX,80903,1,MAIZE,MAIZE20AUG2026,FUTCOM,MAIZE-FUTCOM,21623200080903,2515,2323,500,1,10,10,21100100036639,,2026-08-20T00:00:00,0,0,MAIZE 20AUG2026,1,1,MAIZE20AUG2026
NCDEX,80896,1,DHANIYA,DHANIYA19OCT2026,FUTCOM,DHANIYA-FUTCOM,21629200080896,17042,15734,500,2,5,10,21100100000350,,2026-10-19T00:00:00,0,0,DHANIYA 19OCT2026,1,1,DHANIYA19OCT2026
NCDEX,81793,1,GUARSEED10,GUARSEED1018DEC2026,FUTCOM,GUARSEED10-FUTCOM,21635200081793,6567,6063,500,1,5,10,21100100000486,,2026-12-18T00:00:00,0,0,GUARSEED10 18DEC2026,1,1,GUARSEED1018DEC2026
NCDEX,82915,1,SUNOIL,SUNOIL30NOV2026,FUTCOM,SUNOIL-FUTCOM,21633400082915,1784.7,1647.5,500,0.1,5,100,21100100070636,,2026-11-30T00:00:00,0,0,SUNOIL 30NOV2026,1,1,SUNOIL30NOV2026
NCDEX,82886,1,GUARKORMA,GUARKORMA20JAN2027,FUTCOM,GUARKORMA-FUTCOM,21702000082886,4733,4369,500,1,5,10,21100100082869,,2027-01-20T00:00:00,0,0,GUARKORMA 20JAN2027,1,1,GUARKORMA20JAN2027
NCDEX,82916,1,YELLOWP,YELLOWP18DEC2026,FUTCOM,YELLOWP-FUTCOM,21635200082916,4594,4242,500,1,5,10,21100100073347,,2026-12-18T00:00:00,0,0,YELLOWP 18DEC2026,1,1,YELLOWP18DEC2026
NCDEX,81777,1,RAINMUMBAI,RAINMUMBAI28AUG2026,FUTCOM,RAINMUMBAI-FUTCOM,21624000081777,2523,2239,50,1,1,50,21100100081768,,2026-08-28T00:00:00,0,0,RAINMUMBAI 28AUG2026,1,1,RAINMUMBAI28AUG2026
NCDEX,82906,1,GUARKORMA,GUARKORMA19FEB2027,FUTCOM,GUARKORMA-FUTCOM,21705000082906,4785,4417,500,1,5,10,21100100082869,,2027-02-19T00:00:00,0,0,GUARKORMA 19FEB2027,1,1,GUARKORMA19FEB2027
NCDEX,80907,1,TMCFGRNZM,TMCFGRNZM16OCT2026,FUTCOM,TMCFGRNZM-FUTCOM,21628900080907,21698,20030,250,2,5,10,21100100000058,,2026-10-16T00:00:00,0,0,TMCFGRNZM 16OCT2026,1,1,TMCFGRNZM16OCT2026
NCDEX,81795,1,JEERAMINI,JEERAMINI19OCT2026,FUTCOM,JEERAMINI-FUTCOM,21629200081795,21650,19990,50,5,1,10,21100100071208,,2026-10-19T00:00:00,0,0,JEERAMINI 19OCT2026,1,1,JEERAMINI19OCT2026
NCDEX,82349,1,COTWASOIL,COTWASOIL20JAN2027,FUTCOM,COTWASOIL-FUTCOM,21702000082349,1751.2,1616.6,500,0.1,1,100,21100100073063,,2027-01-20T00:00:00,0,0,COTWASOIL 20JAN2027,1,1,COTWASOIL20JAN2027
NCDEX,82806,1,PEPPER,PEPPER20AUG2026,FUTCOM,PEPPER-FUTCOM,21623200082806,753.6,695.8,50,0.1,1,1000,21100100028643,,2026-08-20T00:00:00,0,0,PEPPER 20AUG2026,1,1,PEPPER20AUG2026
NCDEX,81456,1,GUARSEED10,GUARSEED1020NOV2026,FUTCOM,GUARSEED10-FUTCOM,21632400081456,6567,6063,500,1,5,10,21100100000486,,2026-11-20T00:00:00,0,0,GUARSEED10 20NOV2026,1,1,GUARSEED1020NOV2026
NCDEX,80898,1,GUARGUM5,GUARGUM516OCT2026,FUTCOM,GUARGUM5-FUTCOM,21628900080898,12629,11659,250,1,5,10,21100100000537,,2026-10-16T00:00:00,0,0,GUARGUM5 16OCT2026,1,1,GUARGUM516OCT2026
NCDEX,82353,1,ISABGOL,ISABGOL20NOV2026,FUTCOM,ISABGOL-FUTCOM,21632400082353,10920,10080,150,5,3,10,21100100063931,,2026-11-20T00:00:00,0,0,ISABGOL 20NOV2026,1,1,ISABGOL20NOV2026
NCDEX,81786,1,CASTOROIL,CASTOROIL19OCT2026,FUTCOM,CASTOROIL-FUTCOM,21629200081786,1493.5,1379.5,200,0.5,2,100,21100100054667,,2026-10-19T00:00:00,0,0,CASTOROIL 19OCT2026,1,1,CASTOROIL19OCT2026
NCDEX,81448,1,BAJRA,BAJRA18SEP2026,FUTCOM,BAJRA-FUTCOM,21626100081448,2389,2207,500,1,10,10,21100100000496,,2026-09-18T00:00:00,0,0,BAJRA 18SEP2026,1,1,BAJRA18SEP2026
NCDEX,80892,1,COCUDAKL,COCUDAKL20AUG2026,FUTCOM,COCUDAKL-FUTCOM,21623200080892,4304,3974,500,1,10,10,21100100000393,,2026-08-20T00:00:00,0,0,COCUDAKL 20AUG2026,1,1,COCUDAKL20AUG2026
NCDEX,80895,1,COTWASOIL,COTWASOIL20AUG2026,FUTCOM,COTWASOIL-FUTCOM,21623200080895,1707.2,1576,500,0.1,1,100,21100100073063,,2026-08-20T00:00:00,0,0,COTWASOIL 20AUG2026,1,1,COTWASOIL20AUG2026
NCDEX,81451,1,CASTOROIL,CASTOROIL18SEP2026,FUTCOM,CASTOROIL-FUTCOM,21626100081451,1486,1372,200,0.5,2,100,21100100054667,,2026-09-18T00:00:00,0,0,CASTOROIL 18SEP2026,1,1,CASTOROIL18SEP2026
NCDEX,82355,1,JEERAUNJHA,JEERAUNJHA20NOV2026,FUTCOM,JEERAUNJHA-FUTCOM,21632400082355,22550,20820,150,5,3,10,21100100000082,,2026-11-20T00:00:00,0,0,JEERAUNJHA 20NOV2026,1,1,JEERAUNJHA20NOV2026
NCDEX,81788,1,COTTON,COTTON18DEC2026,FUTCOM,COTTON-FUTCOM,21635200081788,34690,32030,50,10,1,25,21100100000478,,2026-12-18T00:00:00,0,0,COTTON 18DEC2026,1,1,COTTON18DEC2026
NCDEX,81453,1,COTWASOIL,COTWASOIL18SEP2026,FUTCOM,COTWASOIL-FUTCOM,21626100081453,1715.4,1583.6,500,0.1,1,100,21100100073063,,2026-09-18T00:00:00,0,0,COTWASOIL 18SEP2026,1,1,COTWASOIL18SEP2026
NCDEX,80894,1,COTTON,COTTON20APR2027,FUTCOM,COTTON-FUTCOM,21711000080894,29120,26880,50,10,1,25,21100100000478,,2027-04-20T00:00:00,0,0,COTTON 20APR2027,1,1,COTTON20APR2027
NCDEX,82900,1,CASTOROIL,CASTOROIL18DEC2026,FUTCOM,CASTOROIL-FUTCOM,21635200082900,1508.5,1392.5,200,0.5,2,100,21100100054667,,2026-12-18T00:00:00,0,0,CASTOROIL 18DEC2026,1,1,CASTOROIL18DEC2026
NCDEX,81801,1,YELLOWP,YELLOWP19OCT2026,FUTCOM,YELLOWP-FUTCOM,21629200081801,4550,4200,500,1,5,10,21100100073347,,2026-10-19T00:00:00,0,0,YELLOWP 19OCT2026,1,1,YELLOWP19OCT2026
NCDEX,82348,1,COTTON,COTTON20JAN2027,FUTCOM,COTTON-FUTCOM,21702000082348,34890,32210,50,10,1,25,21100100000478,,2027-01-20T00:00:00,0,0,COTTON 20JAN2027,1,1,COTTON20JAN2027
NCDEX,78565,1,COTTON,COTTON20NOV2026,FUTCOM,COTTON-FUTCOM,21632400078565,34530,31890,50,10,1,25,21100100000478,,2026-11-20T00:00:00,0,0,COTTON 20NOV2026,1,1,COTTON20NOV2026
NCDEX,82904,1,GROUNDNUT,GROUNDNUT20NOV2026,FUTCOM,GROUNDNUT-FUTCOM,21632400082904,7541,7103,500,1,5,10,21100100065281,,2026-11-20T00:00:00,0,0,GROUNDNUT 20NOV2026,1,1,GROUNDNUT20NOV2026
NCDEX,80558,1,GUARGUM5,GUARGUM518SEP2026,FUTCOM,GUARGUM5-FUTCOM,21626100080558,12434,11478,250,1,5,10,21100100000537,,2026-09-18T00:00:00,0,0,GUARGUM5 18SEP2026,1,1,GUARGUM518SEP2026
NCDEX,80891,1,CASTOROIL,CASTOROIL20AUG2026,FUTCOM,CASTOROIL-FUTCOM,21623200080891,1478.5,1365.5,200,0.5,2,100,21100100054667,,2026-08-20T00:00:00,0,0,CASTOROIL 20AUG2026,1,1,CASTOROIL20AUG2026
NCDEX,81787,1,COCUDAKL,COCUDAKL18DEC2026,FUTCOM,COCUDAKL-FUTCOM,21635200081787,3524,3254,500,1,10,10,21100100000393,,2026-12-18T00:00:00,0,0,COCUDAKL 18DEC2026,1,1,COCUDAKL18DEC2026
NCDEX,82345,1,CASTOR,CASTOR20NOV2026,FUTCOM,CASTOR-FUTCOM,21632400082345,7684,7094,500,1,5,10,21100100028124,,2026-11-20T00:00:00,0,0,CASTOR 20NOV2026,1,1,CASTOR20NOV2026
NCDEX,82347,1,COCUDAKL,COCUDAKL20JAN2027,FUTCOM,COCUDAKL-FUTCOM,21702000082347,3524,3254,500,1,10,10,21100100000393,,2027-01-20T00:00:00,0,0,COCUDAKL 20JAN2027,1,1,COCUDAKL20JAN2027
NCDEX,82885,1,GUARKORMA,GUARKORMA18DEC2026,FUTCOM,GUARKORMA-FUTCOM,21635200082885,4681,4321,500,1,5,10,21100100082869,,2026-12-18T00:00:00,0,0,GUARKORMA 18DEC2026,1,1,GUARKORMA18DEC2026
NCDEX,82352,1,GUARSEED10,GUARSEED1020JAN2027,FUTCOM,GUARSEED10-FUTCOM,21702000082352,6567,6063,500,1,5,10,21100100000486,,2027-01-20T00:00:00,0,0,GUARSEED10 20JAN2027,1,1,GUARSEED1020JAN2027
NCDEX,81783,1,BAJRA,BAJRA19OCT2026,FUTCOM,BAJRA-FUTCOM,21629200081783,2402,2218,500,1,10,10,21100100000496,,2026-10-19T00:00:00,0,0,BAJRA 19OCT2026,1,1,BAJRA19OCT2026
NCDEX,81790,1,DHANIYA,DHANIYA18DEC2026,FUTCOM,DHANIYA-FUTCOM,21635200081790,17360,16028,500,2,5,10,21100100000350,,2026-12-18T00:00:00,0,0,DHANIYA 18DEC2026,1,1,DHANIYA18DEC2026
NCDEX,82883,1,GUARKORMA,GUARKORMA16OCT2026,FUTCOM,GUARKORMA-FUTCOM,21628900082883,4577,4225,500,1,5,10,21100100082869,,2026-10-16T00:00:00,0,0,GUARKORMA 16OCT2026,1,1,GUARKORMA16OCT2026
NCDEX,82358,1,STEEL,STEEL19OCT2026,FUTCOM,STEEL-FUTCOM,21629200082358,45460,40320,500,10,10,1,21100100044649,,2026-10-19T00:00:00,0,0,STEEL 19OCT2026,1,1,STEEL19OCT2026
NCDEX,81457,1,ISABGOL,ISABGOL18SEP2026,FUTCOM,ISABGOL-FUTCOM,21626100081457,10920,10080,150,5,3,10,21100100063931,,2026-09-18T00:00:00,0,0,ISABGOL 18SEP2026,1,1,ISABGOL18SEP2026
NCDEX,80888,1,BAJRA,BAJRA20AUG2026,FUTCOM,BAJRA-FUTCOM,21623200080888,2378,2196,500,1,10,10,21100100000496,,2026-08-20T00:00:00,0,0,BAJRA 20AUG2026,1,1,BAJRA20AUG2026
NCDEX,82914,1,STEEL,STEEL20NOV2026,FUTCOM,STEEL-FUTCOM,21632400082914,45690,40530,500,10,10,1,21100100044649,,2026-11-20T00:00:00,0,0,STEEL 20NOV2026,1,1,STEEL20NOV2026
NCDEX,80113,1,TMCFGRNZM,TMCFGRNZM20AUG2026,FUTCOM,TMCFGRNZM-FUTCOM,21623200080113,21680,20016,250,2,5,10,21100100000058,,2026-08-20T00:00:00,0,0,TMCFGRNZM 20AUG2026,1,1,TMCFGRNZM20AUG2026
NCDEX,82359,1,SUNOIL,SUNOIL30OCT2026,FUTCOM,SUNOIL-FUTCOM,21630300082359,1775.5,1639.1,500,0.1,5,100,21100100070636,,2026-10-30T00:00:00,0,0,SUNOIL 30OCT2026,1,1,SUNOIL30OCT2026
NCDEX,81462,1,STEEL,STEEL20AUG2026,FUTCOM,STEEL-FUTCOM,21623200081462,45000,39920,500,10,10,1,21100100044649,,2026-08-20T00:00:00,0,0,STEEL 20AUG2026,1,1,STEEL20AUG2026
NCDEX,82908,1,ISABGOL,ISABGOL18DEC2026,FUTCOM,ISABGOL-FUTCOM,21635200082908,10920,10080,150,5,3,10,21100100063931,,2026-12-18T00:00:00,0,0,ISABGOL 18DEC2026,1,1,ISABGOL18DEC2026
NCDEX,81460,1,MAIZE,MAIZE18SEP2026,FUTCOM,MAIZE-FUTCOM,21626100081460,2527,2333,500,1,10,10,21100100036639,,2026-09-18T00:00:00,0,0,MAIZE 18SEP2026,1,1,MAIZE18SEP2026
NCDEX,80899,1,GUARSEED10,GUARSEED1016OCT2026,FUTCOM,GUARSEED10-FUTCOM,21628900080899,6567,6063,500,1,5,10,21100100000486,,2026-10-16T00:00:00,0,0,GUARSEED10 16OCT2026,1,1,GUARSEED1016OCT2026
NCDEX,82902,1,COTWASOIL,COTWASOIL19FEB2027,FUTCOM,COTWASOIL-FUTCOM,21705000082902,1759.9,1624.7,500,0.1,1,100,21100100073063,,2027-02-19T00:00:00,0,0,COTWASOIL 19FEB2027,1,1,COTWASOIL19FEB2027
NCDEX,80563,1,KAPAS,KAPAS30APR2027,FUTCOM,KAPAS-FUTCOM,21712000080563,1830,1690,50,0.5,1,200,21100100030050,,2027-04-30T00:00:00,0,0,KAPAS 30APR2027,1,1,KAPAS30APR2027
NCDEX,82905,1,GUARGUM5,GUARGUM519FEB2027,FUTCOM,GUARGUM5-FUTCOM,21705000082905,13853,12789,250,1,5,10,21100100000537,,2027-02-19T00:00:00,0,0,GUARGUM5 19FEB2027,1,1,GUARGUM519FEB2027
NCDEX,82899,1,CASTOR,CASTOR18DEC2026,FUTCOM,CASTOR-FUTCOM,21635200082899,7792,7194,500,1,5,10,21100100028124,,2026-12-18T00:00:00,0,0,CASTOR 18DEC2026,1,1,CASTOR18DEC2026
NCDEX,82807,1,PEPPER,PEPPER18SEP2026,FUTCOM,PEPPER-FUTCOM,21626100082807,751.1,693.5,50,0.1,1,1000,21100100028643,,2026-09-18T00:00:00,0,0,PEPPER 18SEP2026,1,1,PEPPER18SEP2026
NCDEX,80893,1,COTTON,COTTON19OCT2026,FUTCOM,COTTON-FUTCOM,21629200080893,34350,31710,50,10,1,25,21100100000478,,2026-10-19T00:00:00,0,0,COTTON 19OCT2026,1,1,COTTON19OCT2026
NCDEX,82351,1,GUARGUM5,GUARGUM520JAN2027,FUTCOM,GUARGUM5-FUTCOM,21702000082351,13853,12789,250,1,5,10,21100100000537,,2027-01-20T00:00:00,0,0,GUARGUM5 20JAN2027,1,1,GUARGUM520JAN2027
NCDEX,81792,1,GUARGUM5,GUARGUM518DEC2026,FUTCOM,GUARGUM5-FUTCOM,21635200081792,13020,12020,250,1,5,10,21100100000537,,2026-12-18T00:00:00,0,0,GUARGUM5 18DEC2026,1,1,GUARGUM518DEC2026
NCDEX,80101,1,DHANIYA,DHANIYA20AUG2026,FUTCOM,DHANIYA-FUTCOM,21623200080101,16142,14902,500,2,5,10,21100100000350,,2026-08-20T00:00:00,0,0,DHANIYA 20AUG2026,1,1,DHANIYA20AUG2026
NCDEX,81464,1,YELLOWP,YELLOWP18SEP2026,FUTCOM,YELLOWP-FUTCOM,21626100081464,4526,4178,500,1,5,10,21100100073347,,2026-09-18T00:00:00,0,0,YELLOWP 18SEP2026,1,1,YELLOWP18SEP2026
NCDEX,81923,2,TMCFGRNZM,TMCFGRNZM10DEC26PE16800FDEC26,OPTFUT,TMCFGRNZM-OPTFUT,21634400081923,805,320,250,1,5,10,21635200081800,,2026-12-10T00:00:00,16800,4,TMCFGRNZM 10DEC2026 PE 16800,1,1,TMCFGRNZM10DEC26PE16800FDEC26
NCDEX,82199,2,TMCFGRNZM,TMCFGRNZM10DEC26CE18800FDEC26,OPTFUT,TMCFGRNZM-OPTFUT,21634400082199,4199,2359,250,1,5,10,21635200081800,,2026-12-10T00:00:00,18800,3,TMCFGRNZM 10DEC2026 CE 18800,1,1,TMCFGRNZM10DEC26CE18800FDEC26
NCDEX,83298,2,DHANIYA,DHANIYA12JAN27PE15800FJAN27,OPTFUT,DHANIYA-OPTFUT,21701200083298,1699,851,500,1,5,10,21702000082903,,2027-01-12T00:00:00,15800,4,DHANIYA 12JAN2027 PE 15800,1,1,DHANIYA12JAN27PE15800FJAN27
NCDEX,80771,2,GUARGUM5,GUARGUM528AUG26PE6400FSEP26,OPTFUT,GUARGUM5-OPTFUT,21624000080771,5,0.5,250,0.5,5,1,21626100080558,,2026-08-28T00:00:00,6400,4,GUARGUM5 28AUG2026 PE 6400,1,1,GUARGUM528AUG26PE6400FSEP26
NCDEX,83206,2,DHANIYA,DHANIYA12JAN27CE17400FJAN27,OPTFUT,DHANIYA-OPTFUT,21701200083206,1650,700,500,1,5,10,21702000082903,,2027-01-12T00:00:00,17400,3,DHANIYA 12JAN2027 CE 17400,1,1,DHANIYA12JAN27CE17400FJAN27
NCDEX,81041,2,GUARSEED10,GUARSEED1025SEP26PE5300FOCT26,OPTFUT,GUARSEED10-OPTFUT,21626800081041,38,0.5,500,0.5,5,10,21628900080899,,2026-09-25T00:00:00,5300,4,GUARSEED10 25SEP2026 PE 5300,1,1,GUARSEED1025SEP26PE5300FOCT26
NCDEX,83170,2,GUARGUM5,GUARGUM529JAN27PE15400FFEB27,OPTFUT,GUARGUM5-OPTFUT,21702900083170,2939,1702.5,250,0.5,5,10,21705000082905,,2027-01-29T00:00:00,15400,4,GUARGUM5 29JAN2027 PE 15400,1,1,GUARGUM529JAN27PE15400FFEB27
NCDEX,82650,2,GUARGUM5,GUARGUM524DEC26PE15600FJAN27,OPTFUT,GUARGUM5-OPTFUT,21635800082650,3045.5,1652.5,250,0.5,5,1,21702000082351,,2026-12-24T00:00:00,15600,4,GUARGUM5 24DEC2026 PE 15600,1,1,GUARGUM524DEC26PE15600FJAN27
NCDEX,81167,2,GUARGUM5,GUARGUM525SEP26PE9200FOCT26,OPTFUT,GUARGUM5-OPTFUT,21626800081167,6.5,0.5,250,0.5,5,10,21628900080898,,2026-09-25T00:00:00,9200,4,GUARGUM5 25SEP2026 PE 9200,1,1,GUARGUM525SEP26PE9200FOCT26
NCDEX,81575,2,JEERAUNJHA,JEERAUNJHA09SEP26PE20400FSEP26,OPTFUT,JEERAUNJHA-OPTFUT,21625200081575,924,2,150,2,3,10,21626100081459,,2026-09-09T00:00:00,20400,4,JEERAUNJHA 09SEP2026 PE 20400,1,1,JEERAUNJHA09SEP26PE20400FSEP26
NCDEX,81267,2,GUARGUM5,GUARGUM525SEP26CE8800FOCT26,OPTFUT,GUARGUM5-OPTFUT,21626800081267,4041.5,2597,250,0.5,5,1,21628900080898,,2026-09-25T00:00:00,8800,3,GUARGUM5 25SEP2026 CE 8800,1,1,GUARGUM525SEP26CE8800FOCT26
NCDEX,83104,2,DHANIYA,DHANIYA12JAN27PE18800FJAN27,OPTFUT,DHANIYA-OPTFUT,21701200083104,3788,2414,500,1,5,1,21702000082903,,2027-01-12T00:00:00,18800,4,DHANIYA 12JAN2027 PE 18800,1,1,DHANIYA12JAN27PE18800FJAN27
NCDEX,81022,2,DHANIYA,DHANIYA09OCT26CE12100FOCT26,OPTFUT,DHANIYA-OPTFUT,21628200081022,5220,3287,500,1,5,10,21629200080896,,2026-10-09T00:00:00,12100,3,DHANIYA 09OCT2026 CE 12100,1,1,DHANIYA09OCT26CE12100FOCT26
NCDEX,82496,2,JEERAUNJHA,JEERAUNJHA12NOV26PE16400FNOV26,OPTFUT,JEERAUNJHA-OPTFUT,21631600082496,20,2,150,2,3,1,21632400082355,,2026-11-12T00:00:00,16400,4,JEERAUNJHA 12NOV2026 PE 16400,1,1,JEERAUNJHA12NOV26PE16400FNOV26
NCDEX,80656,2,GUARGUM5,GUARGUM528AUG26CE8000FSEP26,OPTFUT,GUARGUM5-OPTFUT,21624000080656,4661,3231,250,0.5,5,10,21626100080558,,2026-08-28T00:00:00,8000,3,GUARGUM5 28AUG2026 CE 8000,1,1,GUARGUM528AUG26CE8000FSEP26
NCDEX,83117,2,DHANIYA,DHANIYA12JAN27PE16300FJAN27,OPTFUT,DHANIYA-OPTFUT,21701200083117,1997,1051,500,1,5,10,21702000082903,,2027-01-12T00:00:00,16300,4,DHANIYA 12JAN2027 PE 16300,1,1,DHANIYA12JAN27PE16300FJAN27
NCDEX,81238,2,GUARGUM5,GUARGUM525SEP26PE10400FOCT26,OPTFUT,GUARGUM5-OPTFUT,21626800081238,110.5,1,250,0.5,5,10,21628900080898,,2026-09-25T00:00:00,10400,4,GUARGUM5 25SEP2026 PE 10400,1,1,GUARGUM525SEP26PE10400FOCT26
NCDEX,81916,2,JEERAUNJHA,JEERAUNJHA09OCT26PE14800FOCT26,OPTFUT,JEERAUNJHA-OPTFUT,21628200081916,20,2,150,2,3,1,21629200081796,,2026-10-09T00:00:00,14800,4,JEERAUNJHA 09OCT2026 PE 14800,1,1,JEERAUNJHA09OCT26PE14800FOCT26
NCDEX,80865,2,GUARGUM5,GUARGUM528AUG26PE14000FSEP26,OPTFUT,GUARGUM5-OPTFUT,21624000080865,2755,1324,250,0.5,5,10,21626100080558,,2026-08-28T00:00:00,14000,4,GUARGUM5 28AUG2026 PE 14000,1,1,GUARGUM528AUG26PE14000FSEP26
NCDEX,81067,2,GUARSEED10,GUARSEED1025SEP26PE6400FOCT26,OPTFUT,GUARSEED10-OPTFUT,21626800081067,543.5,89.5,500,0.5,5,10,21628900080899,,2026-09-25T00:00:00,6400,4,GUARSEED10 25SEP2026 PE 6400,1,1,GUARSEED1025SEP26PE6400FOCT26
NCDEX,82314,2,DHANIYA,DHANIYA10DEC26PE15300FDEC26,OPTFUT,DHANIYA-OPTFUT,21634400082314,1134,443,500,1,5,10,21635200081790,,2026-12-10T00:00:00,15300,4,DHANIYA 10DEC2026 PE 15300,1,1,DHANIYA10DEC26PE15300FDEC26
NCDEX,81021,2,TMCFGRNZM,TMCFGRNZM08OCT26PE17000FOCT26,OPTFUT,TMCFGRNZM-OPTFUT,21628100081021,302,31,250,1,5,10,21628900080907,,2026-10-08T00:00:00,17000,4,TMCFGRNZM 08OCT2026 PE 17000,1,1,TMCFGRNZM08OCT26PE17000FOCT26
NCDEX,81723,2,GUARGUM5,GUARGUM530OCT26CE11200FNOV26,OPTFUT,GUARGUM5-OPTFUT,21630300081723,1955.5,757,250,0.5,5,10,21632400081455,,2026-10-30T00:00:00,11200,3,GUARGUM5 30OCT2026 CE 11200,1,1,GUARGUM530OCT26CE11200FNOV26
NCDEX,82721,2,DHANIYA,DHANIYA10DEC26PE17000FDEC26,OPTFUT,DHANIYA-OPTFUT,21634400082721,2120,1045,500,1,5,10,21635200081790,,2026-12-10T00:00:00,17000,4,DHANIYA 10DEC2026 PE 17000,1,1,DHANIYA10DEC26PE17000FDEC26
NCDEX,81187,2,GUARGUM5,GUARGUM525SEP26PE10800FOCT26,OPTFUT,GUARGUM5-OPTFUT,21626800081187,211,3.5,250,0.5,5,10,21628900080898,,2026-09-25T00:00:00,10800,4,GUARGUM5 25SEP2026 PE 10800,1,1,GUARGUM525SEP26PE10800FOCT26
NCDEX,81212,2,GUARGUM5,GUARGUM525SEP26PE13800FOCT26,OPTFUT,GUARGUM5-OPTFUT,21626800081212,2382.5,1021.5,250,0.5,5,10,21628900080898,,2026-09-25T00:00:00,13800,4,GUARGUM5 25SEP2026 PE 13800,1,1,GUARGUM525SEP26PE13800FOCT26
NCDEX,80663,2,GUARGUM5,GUARGUM528AUG26CE9400FSEP26,OPTFUT,GUARGUM5-OPTFUT,21624000080663,3264.5,1834.5,250,0.5,5,10,21626100080558,,2026-08-28T00:00:00,9400,3,GUARGUM5 28AUG2026 CE 9400,1,1,GUARGUM528AUG26CE9400FSEP26
NCDEX,81277,2,GUARGUM5,GUARGUM525SEP26PE14200FOCT26,OPTFUT,GUARGUM5-OPTFUT,21626800081277,2771,1367,250,0.5,5,10,21628900080898,,2026-09-25T00:00:00,14200,4,GUARGUM5 25SEP2026 PE 14200,1,1,GUARGUM525SEP26PE14200FOCT26
NCDEX,80764,2,GUARSEED10,GUARSEED1028AUG26CE6600FSEP26,OPTFUT,GUARSEED10-OPTFUT,21624000080764,199,0.5,500,0.5,5,10,21626100080559,,2026-08-28T00:00:00,6600,3,GUARSEED10 28AUG2026 CE 6600,1,1,GUARSEED1028AUG26CE6600FSEP26
NCDEX,81704,2,JEERAUNJHA,JEERAUNJHA09SEP26CE14800FSEP26,OPTFUT,JEERAUNJHA-OPTFUT,21625200081704,7310,4824,150,2,3,1,21626100081459,,2026-09-09T00:00:00,14800,3,JEERAUNJHA 09SEP2026 CE 14800,1,1,JEERAUNJHA09SEP26CE14800FSEP26
NCDEX,82472,2,GUARSEED10,GUARSEED1024DEC26PE6500FJAN27,OPTFUT,GUARSEED10-OPTFUT,21635800082472,746,323,500,0.5,5,10,21702000082352,,2026-12-24T00:00:00,6500,4,GUARSEED10 24DEC2026 PE 6500,1,1,GUARSEED1024DEC26PE6500FJAN27
NCDEX,82338,2,DHANIYA,DHANIYA09OCT26CE16700FOCT26,OPTFUT,DHANIYA-OPTFUT,21628200082338,1304,285,500,1,5,10,21629200080896,,2026-10-09T00:00:00,16700,3,DHANIYA 09OCT2026 CE 16700,1,1,DHANIYA09OCT26CE16700FOCT26
NCDEX,82161,2,DHANIYA,DHANIYA10DEC26PE11300FDEC26,OPTFUT,DHANIYA-OPTFUT,21634400082161,82,13,500,1,5,1,21635200081790,,2026-12-10T00:00:00,11300,4,DHANIYA 10DEC2026 PE 11300,1,1,DHANIYA10DEC26PE11300FDEC26
NCDEX,83165,2,JEERAUNJHA,JEERAUNJHA10DEC26PE24000FDEC26,OPTFUT,JEERAUNJHA-OPTFUT,21634400083165,3256,1174,150,2,3,10,21635200082910,,2026-12-10T00:00:00,24000,4,JEERAUNJHA 10DEC2026 PE 24000,1,1,JEERAUNJHA10DEC26PE24000FDEC26
NCDEX,82707,2,TMCFGRNZM,TMCFGRNZM08OCT26PE19600FOCT26,OPTFUT,TMCFGRNZM-OPTFUT,21628100082707,1245,307,250,1,5,10,21628900080907,,2026-10-08T00:00:00,19600,4,TMCFGRNZM 08OCT2026 PE 19600,1,1,TMCFGRNZM08OCT26PE19600FOCT26
NCDEX,82333,2,DHANIYA,DHANIYA09OCT26PE16400FOCT26,OPTFUT,DHANIYA-OPTFUT,21628200082333,1451,409,500,1,5,10,21629200080896,,2026-10-09T00:00:00,16400,4,DHANIYA 09OCT2026 PE 16400,1,1,DHANIYA09OCT26PE16400FOCT26
NCDEX,82484,2,JEERAUNJHA,JEERAUNJHA12NOV26PE27600FNOV26,OPTFUT,JEERAUNJHA-OPTFUT,21631600082484,7096,4550,150,2,3,1,21632400082355,,2026-11-12T00:00:00,27600,4,JEERAUNJHA 12NOV2026 PE 27600,1,1,JEERAUNJHA12NOV26PE27600FNOV26
NCDEX,81596,2,JEERAUNJHA,JEERAUNJHA09SEP26PE18000FSEP26,OPTFUT,JEERAUNJHA-OPTFUT,21625200081596,28,2,150,2,3,10,21626100081459,,2026-09-09T00:00:00,18000,4,JEERAUNJHA 09SEP2026 PE 18000,1,1,JEERAUNJHA09SEP26PE18000FSEP26
NCDEX,82289,2,DHANIYA,DHANIYA09OCT26PE16100FOCT26,OPTFUT,DHANIYA-OPTFUT,21628200082289,1251,317,500,1,5,10,21629200080896,,2026-10-09T00:00:00,16100,4,DHANIYA 09OCT2026 PE 16100,1,1,DHANIYA09OCT26PE16100FOCT26
NCDEX,82013,2,JEERAUNJHA,JEERAUNJHA09OCT26PE19600FOCT26,OPTFUT,JEERAUNJHA-OPTFUT,21628200082013,474,10,150,2,3,10,21629200081796,,2026-10-09T00:00:00,19600,4,JEERAUNJHA 09OCT2026 PE 19600,1,1,JEERAUNJHA09OCT26PE19600FOCT26
NCDEX,81585,2,GUARGUM5,GUARGUM530OCT26PE10800FNOV26,OPTFUT,GUARGUM5-OPTFUT,21630300081585,298,34.5,250,0.5,5,10,21632400081455,,2026-10-30T00:00:00,10800,4,GUARGUM5 30OCT2026 PE 10800,1,1,GUARGUM530OCT26PE10800FNOV26
NCDEX,81648,2,JEERAUNJHA,JEERAUNJHA09SEP26PE14800FSEP26,OPTFUT,JEERAUNJHA-OPTFUT,21625200081648,20,2,150,2,3,1,21626100081459,,2026-09-09T00:00:00,14800,4,JEERAUNJHA 09SEP2026 PE 14800,1,1,JEERAUNJHA09SEP26PE14800FSEP26
NCDEX,83043,2,GUARSEED10,GUARSEED1029JAN27PE7600FFEB27,OPTFUT,GUARSEED10-OPTFUT,21702900083043,1635.5,991,500,0.5,5,1,21705000082907,,2027-01-29T00:00:00,7600,4,GUARSEED10 29JAN2027 PE 7600,1,1,GUARSEED1029JAN27PE7600FFEB27
NCDEX,82619,2,GUARGUM5,GUARGUM524DEC26PE8200FJAN27,OPTFUT,GUARGUM5-OPTFUT,21635800082619,5,0.5,250,0.5,5,1,21702000082351,,2026-12-24T00:00:00,8200,4,GUARGUM5 24DEC2026 PE 8200,1,1,GUARGUM524DEC26PE8200FJAN27
NCDEX,80738,2,GUARGUM5,GUARGUM528AUG26CE6800FSEP26,OPTFUT,GUARGUM5-OPTFUT,21624000080738,5858,4428,250,0.5,5,1,21626100080558,,2026-08-28T00:00:00,6800,3,GUARGUM5 28AUG2026 CE 6800,1,1,GUARGUM528AUG26CE6800FSEP26
NCDEX,82055,2,GUARGUM5,GUARGUM527NOV26CE14600FDEC26,OPTFUT,GUARGUM5-OPTFUT,21633100082055,417,72,250,0.5,5,10,21635200081792,,2026-11-27T00:00:00,14600,3,GUARGUM5 27NOV2026 CE 14600,1,1,GUARGUM527NOV26CE14600FDEC26
NCDEX,81602,2,JEERAUNJHA,JEERAUNJHA09SEP26CE13600FSEP26,OPTFUT,JEERAUNJHA-OPTFUT,21625200081602,8504,6018,150,2,3,1,21626100081459,,2026-09-09T00:00:00,13600,3,JEERAUNJHA 09SEP2026 CE 13600,1,1,JEERAUNJHA09SEP26CE13600FSEP26
NCDEX,82207,2,TMCFGRNZM,TMCFGRNZM10DEC26PE15400FDEC26,OPTFUT,TMCFGRNZM-OPTFUT,21634400082207,438,148,250,1,5,10,21635200081800,,2026-12-10T00:00:00,15400,4,TMCFGRNZM 10DEC2026 PE 15400,1,1,TMCFGRNZM10DEC26PE15400FDEC26
NCDEX,82446,2,GUARGUM5,GUARGUM524DEC26PE12600FJAN27,OPTFUT,GUARGUM5-OPTFUT,21635800082446,716,153,250,0.5,5,10,21702000082351,,2026-12-24T00:00:00,12600,4,GUARGUM5 24DEC2026 PE 12600,1,1,GUARGUM524DEC26PE12600FJAN27
NCDEX,81734,2,GUARGUM5,GUARGUM530OCT26PE9200FNOV26,OPTFUT,GUARGUM5-OPTFUT,21630300081734,28,1,250,0.5,5,10,21632400081455,,2026-10-30T00:00:00,9200,4,GUARGUM5 30OCT2026 PE 9200,1,1,GUARGUM530OCT26PE9200FNOV26
NCDEX,82497,2,GUARGUM5,GUARGUM524DEC26PE8600FJAN27,OPTFUT,GUARGUM5-OPTFUT,21635800082497,5,0.5,250,0.5,5,1,21702000082351,,2026-12-24T00:00:00,8600,4,GUARGUM5 24DEC2026 PE 8600,1,1,GUARGUM524DEC26PE8600FJAN27
NCDEX,80841,2,GUARSEED10,GUARSEED1028AUG26CE7000FSEP26,OPTFUT,GUARSEED10-OPTFUT,21624000080841,63,0.5,500,0.5,5,10,21626100080559,,2026-08-28T00:00:00,7000,3,GUARSEED10 28AUG2026 CE 7000,1,1,GUARSEED1028AUG26CE7000FSEP26
NCDEX,80652,2,GUARGUM5,GUARGUM528AUG26PE14200FSEP26,OPTFUT,GUARGUM5-OPTFUT,21624000080652,2954,1523.5,250,0.5,5,10,21626100080558,,2026-08-28T00:00:00,14200,4,GUARGUM5 28AUG2026 PE 14200,1,1,GUARGUM528AUG26PE14200FSEP26
NCDEX,81354,2,TMCFGRNZM,TMCFGRNZM08OCT26PE14800FOCT26,OPTFUT,TMCFGRNZM-OPTFUT,21628100081354,45,2,250,1,5,10,21628900080907,,2026-10-08T00:00:00,14800,4,TMCFGRNZM 08OCT2026 PE 14800,1,1,TMCFGRNZM08OCT26PE14800FOCT26
NCDEX,83175,2,JEERAUNJHA,JEERAUNJHA10DEC26PE26800FDEC26,OPTFUT,JEERAUNJHA-OPTFUT,21634400083175,5910,3394,150,2,3,10,21635200082910,,2026-12-10T00:00:00,26800,4,JEERAUNJHA 10DEC2026 PE 26800,1,1,JEERAUNJHA10DEC26PE26800FDEC26
NCDEX,80699,2,GUARGUM5,GUARGUM528AUG26CE11600FSEP26,OPTFUT,GUARGUM5-OPTFUT,21624000080699,1143.5,40.5,250,0.5,5,10,21626100080558,,2026-08-28T00:00:00,11600,3,GUARGUM5 28AUG2026 CE 11600,1,1,GUARGUM528AUG26CE11600FSEP26
NCDEX,83240,2,TMCFGRNZM,TMCFGRNZM08OCT26CE23400FOCT26,OPTFUT,TMCFGRNZM-OPTFUT,21628100083240,904,145,250,1,5,10,21628900080907,,2026-10-08T00:00:00,23400,3,TMCFGRNZM 08OCT2026 CE 23400,1,1,TMCFGRNZM08OCT26CE23400FOCT26
NCDEX,82172,2,GUARGUM5,GUARGUM527NOV26CE13400FDEC26,OPTFUT,GUARGUM5-OPTFUT,21633100082172,825,210,250,0.5,5,10,21635200081792,,2026-11-27T00:00:00,13400,3,GUARGUM5 27NOV2026 CE 13400,1,1,GUARGUM527NOV26CE13400FDEC26
NCDEX,82753,2,TMCFGRNZM,TMCFGRNZM08OCT26CE20600FOCT26,OPTFUT,TMCFGRNZM-OPTFUT,21628100082753,2242,686,250,1,5,10,21628900080907,,2026-10-08T00:00:00,20600,3,TMCFGRNZM 08OCT2026 CE 20600,1,1,TMCFGRNZM08OCT26CE20600FOCT26
NCDEX,82063,2,GUARSEED10,GUARSEED1027NOV26CE5200FDEC26,OPTFUT,GUARSEED10-OPTFUT,21633100082063,1481,790,500,0.5,5,1,21635200081793,,2026-11-27T00:00:00,5200,3,GUARSEED10 27NOV2026 CE 5200,1,1,GUARSEED1027NOV26CE5200FDEC26
NCDEX,82532,2,JEERAUNJHA,JEERAUNJHA12NOV26CE29600FNOV26,OPTFUT,JEERAUNJHA-OPTFUT,21631600082532,20,2,150,2,3,1,21632400082355,,2026-11-12T00:00:00,29600,3,JEERAUNJHA 12NOV2026 CE 29600,1,1,JEERAUNJHA12NOV26CE29600FNOV26
NCDEX,83209,2,JEERAUNJHA,JEERAUNJHA10DEC26PE30000FDEC26,OPTFUT,JEERAUNJHA-OPTFUT,21634400083209,9034,6456,150,2,3,1,21635200082910,,2026-12-10T00:00:00,30000,4,JEERAUNJHA 10DEC2026 PE 30000,1,1,JEERAUNJHA10DEC26PE30000FDEC26
NCDEX,82301,2,DHANIYA,DHANIYA10DEC26PE14900FDEC26,OPTFUT,DHANIYA-OPTFUT,21634400082301,949,347,500,1,5,10,21635200081790,,2026-12-10T00:00:00,14900,4,DHANIYA 10DEC2026 PE 14900,1,1,DHANIYA10DEC26PE14900FDEC26
NCDEX,83114,2,GUARSEED10,GUARSEED1029JAN27PE7200FFEB27,OPTFUT,GUARSEED10-OPTFUT,21702900083114,1277.5,693.5,500,0.5,5,1,21705000082907,,2027-01-29T00:00:00,7200,4,GUARSEED10 29JAN2027 PE 7200,1,1,GUARSEED1029JAN27PE7200FFEB27
NCDEX,81184,2,DHANIYA,DHANIYA09OCT26CE10600FOCT26,OPTFUT,DHANIYA-OPTFUT,21628200081184,6702,4759,500,1,5,1,21629200080896,,2026-10-09T00:00:00,10600,3,DHANIYA 09OCT2026 CE 10600,1,1,DHANIYA09OCT26CE10600FOCT26
NCDEX,82147,2,TMCFGRNZM,TMCFGRNZM10DEC26PE15600FDEC26,OPTFUT,TMCFGRNZM-OPTFUT,21634400082147,481,167,250,1,5,10,21635200081800,,2026-12-10T00:00:00,15600,4,TMCFGRNZM 10DEC2026 PE 15600,1,1,TMCFGRNZM10DEC26PE15600FDEC26
NCDEX,82730,2,DHANIYA,DHANIYA10DEC26CE17200FDEC26,OPTFUT,DHANIYA-OPTFUT,21634400082730,1737,682,500,1,5,10,21635200081790,,2026-12-10T00:00:00,17200,3,DHANIYA 10DEC2026 CE 17200,1,1,DHANIYA10DEC26CE17200FDEC26
NCDEX,81705,2,GUARGUM5,GUARGUM530OCT26PE10200FNOV26,OPTFUT,GUARGUM5-OPTFUT,21630300081705,143.5,10.5,250,0.5,5,10,21632400081455,,2026-10-30T00:00:00,10200,4,GUARGUM5 30OCT2026 PE 10200,1,1,GUARGUM530OCT26PE10200FNOV26
NCDEX,83220,2,JEERAUNJHA,JEERAUNJHA10DEC26CE27200FDEC26,OPTFUT,JEERAUNJHA-OPTFUT,21634400083220,88,2,150,2,3,1,21635200082910,,2026-12-10T00:00:00,27200,3,JEERAUNJHA 10DEC2026 CE 27200,1,1,JEERAUNJHA10DEC26CE27200FDEC26
NCDEX,81730,2,GUARSEED10,GUARSEED1030OCT26PE4800FNOV26,OPTFUT,GUARSEED10-OPTFUT,21630300081730,14.5,0.5,500,0.5,5,1,21632400081456,,2026-10-30T00:00:00,4800,4,GUARSEED10 30OCT2026 PE 4800,1,1,GUARSEED1030OCT26PE4800FNOV26
NCDEX,82178,2,DHANIYA,DHANIYA10DEC26CE11800FDEC26,OPTFUT,DHANIYA-OPTFUT,21634400082178,5800,3901,500,1,5,1,21635200081790,,2026-12-10T00:00:00,11800,3,DHANIYA 10DEC2026 CE 11800,1,1,DHANIYA10DEC26CE11800FDEC26
NCDEX,81205,2,GUARSEED10,GUARSEED1025SEP26PE4900FOCT26,OPTFUT,GUARSEED10-OPTFUT,21626800081205,6,0.5,500,0.5,5,1,21628900080899,,2026-09-25T00:00:00,4900,4,GUARSEED10 25SEP2026 PE 4900,1,1,GUARSEED1025SEP26PE4900FOCT26
NCDEX,80998,2,DHANIYA,DHANIYA09OCT26CE11800FOCT26,OPTFUT,DHANIYA-OPTFUT,21628200080998,5516,3578,500,1,5,10,21629200080896,,2026-10-09T00:00:00,11800,3,DHANIYA 09OCT2026 CE 11800,1,1,DHANIYA09OCT26CE11800FOCT26
NCDEX,82516,2,GUARGUM5,GUARGUM524DEC26CE12200FJAN27,OPTFUT,GUARGUM5-OPTFUT,21635800082516,2004.5,761,250,0.5,5,10,21702000082351,,2026-12-24T00:00:00,12200,3,GUARGUM5 24DEC2026 CE 12200,1,1,GUARGUM524DEC26CE12200FJAN27
NCDEX,82261,2,TMCFGRNZM,TMCFGRNZM08OCT26CE18600FOCT26,OPTFUT,TMCFGRNZM-OPTFUT,21628100082261,3716,1629,250,1,5,10,21628900080907,,2026-10-08T00:00:00,18600,3,TMCFGRNZM 08OCT2026 CE 18600,1,1,TMCFGRNZM08OCT26CE18600FOCT26
NCDEX,81682,2,JEERAUNJHA,JEERAUNJHA09SEP26PE13200FSEP26,OPTFUT,JEERAUNJHA-OPTFUT,21625200081682,20,2,150,2,3,1,21626100081459,,2026-09-09T00:00:00,13200,4,JEERAUNJHA 09SEP2026 PE 13200,1,1,JEERAUNJHA09SEP26PE13200FSEP26
NCDEX,82050,2,TMCFGRNZM,TMCFGRNZM10DEC26CE15000FDEC26,OPTFUT,TMCFGRNZM-OPTFUT,21634400082050,7201,4895,250,1,5,10,21635200081800,,2026-12-10T00:00:00,15000,3,TMCFGRNZM 10DEC2026 CE 15000,1,1,TMCFGRNZM10DEC26CE15000FDEC26
NCDEX,82573,2,JEERAUNJHA,JEERAUNJHA12NOV26CE28000FNOV26,OPTFUT,JEERAUNJHA-OPTFUT,21631600082573,20,2,150,2,3,1,21632400082355,,2026-11-12T00:00:00,28000,3,JEERAUNJHA 12NOV2026 CE 28000,1,1,JEERAUNJHA12NOV26CE28000FNOV26
NCDEX,80715,2,GUARSEED10,GUARSEED1028AUG26CE5100FSEP26,OPTFUT,GUARSEED10-OPTFUT,21624000080715,1504,758.5,500,0.5,5,10,21626100080559,,2026-08-28T00:00:00,5100,3,GUARSEED10 28AUG2026 CE 5100,1,1,GUARSEED1028AUG26CE5100FSEP26
NCDEX,83122,2,JEERAUNJHA,JEERAUNJHA10DEC26PE27200FDEC26,OPTFUT,JEERAUNJHA-OPTFUT,21634400083122,6300,3764,150,2,3,1,21635200082910,,2026-12-10T00:00:00,27200,4,JEERAUNJHA 10DEC2026 PE 27200,1,1,JEERAUNJHA10DEC26PE27200FDEC26
NCDEX,82592,2,JEERAUNJHA,JEERAUNJHA12NOV26PE17600FNOV26,OPTFUT,JEERAUNJHA-OPTFUT,21631600082592,50,2,150,2,3,10,21632400082355,,2026-11-12T00:00:00,17600,4,JEERAUNJHA 12NOV2026 PE 17600,1,1,JEERAUNJHA12NOV26PE17600FNOV26
NCDEX,81624,2,GUARSEED10,GUARSEED1030OCT26PE5500FNOV26,OPTFUT,GUARSEED10-OPTFUT,21630300081624,126.5,12.5,500,0.5,5,10,21632400081456,,2026-10-30T00:00:00,5500,4,GUARSEED10 30OCT2026 PE 5500,1,1,GUARSEED1030OCT26PE5500FNOV26
NCDEX,82623,2,GUARGUM5,GUARGUM524DEC26PE10200FJAN27,OPTFUT,GUARGUM5-OPTFUT,21635800082623,47,2,250,0.5,5,10,21702000082351,,2026-12-24T00:00:00,10200,4,GUARGUM5 24DEC2026 PE 10200,1,1,GUARGUM524DEC26PE10200FJAN27
NCDEX,82029,2,GUARGUM5,GUARGUM527NOV26PE15000FDEC26,OPTFUT,GUARGUM5-OPTFUT,21633100082029,3244.5,1952,250,0.5,5,10,21635200081792,,2026-11-27T00:00:00,15000,4,GUARGUM5 27NOV2026 PE 15000,1,1,GUARGUM527NOV26PE15000FDEC26
NCDEX,83059,2,JEERAUNJHA,JEERAUNJHA10DEC26CE17600FDEC26,OPTFUT,JEERAUNJHA-OPTFUT,21634400083059,5672,3116,150,2,3,10,21635200082910,,2026-12-10T00:00:00,17600,3,JEERAUNJHA 10DEC2026 CE 17600,1,1,JEERAUNJHA10DEC26CE17600FDEC26
NCDEX,80789,2,GUARSEED10,GUARSEED1028AUG26PE5000FSEP26,OPTFUT,GUARSEED10-OPTFUT,21624000080789,5,0.5,500,0.5,5,10,21626100080559,,2026-08-28T00:00:00,5000,4,GUARSEED10 28AUG2026 PE 5000,1,1,GUARSEED1028AUG26PE5000FSEP26
NCDEX,83038,2,DHANIYA,DHANIYA12JAN27CE18900FJAN27,OPTFUT,DHANIYA-OPTFUT,21701200083038,1094,399,500,1,5,1,21702000082903,,2027-01-12T00:00:00,18900,3,DHANIYA 12JAN2027 CE 18900,1,1,DHANIYA12JAN27CE18900FJAN27
NCDEX,81188,2,DHANIYA,DHANIYA09OCT26PE13000FOCT26,OPTFUT,DHANIYA-OPTFUT,21628200081188,104,5,500,1,5,10,21629200080896,,2026-10-09T00:00:00,13000,4,DHANIYA 09OCT2026 PE 13000,1,1,DHANIYA09OCT26PE13000FOCT26
NCDEX,81293,2,DHANIYA,DHANIYA09OCT26PE11800FOCT26,OPTFUT,DHANIYA-OPTFUT,21628200081293,19,1,500,1,5,10,21629200080896,,2026-10-09T00:00:00,11800,4,DHANIYA 09OCT2026 PE 11800,1,1,DHANIYA09OCT26PE11800FOCT26
NCDEX,82197,2,TMCFGRNZM,TMCFGRNZM10DEC26PE18800FDEC26,OPTFUT,TMCFGRNZM-OPTFUT,21634400082197,1593,763,250,1,5,10,21635200081800,,2026-12-10T00:00:00,18800,4,TMCFGRNZM 10DEC2026 PE 18800,1,1,TMCFGRNZM10DEC26PE18800FDEC26
NCDEX,80746,2,GUARSEED10,GUARSEED1028AUG26PE5700FSEP26,OPTFUT,GUARSEED10-OPTFUT,21624000080746,102.5,0.5,500,0.5,5,10,21626100080559,,2026-08-28T00:00:00,5700,4,GUARSEED10 28AUG2026 PE 5700,1,1,GUARSEED1028AUG26PE5700FSEP26
NCDEX,81079,2,DHANIYA,DHANIYA09OCT26CE12800FOCT26,OPTFUT,DHANIYA-OPTFUT,21628200081079,4534,2624,500,1,5,10,21629200080896,,2026-10-09T00:00:00,12800,3,DHANIYA 09OCT2026 CE 12800,1,1,DHANIYA09OCT26CE12800FOCT26
NCDEX,81290,2,GUARGUM5,GUARGUM525SEP26PE10200FOCT26,OPTFUT,GUARGUM5-OPTFUT,21626800081290,76.5,0.5,250,0.5,5,10,21628900080898,,2026-09-25T00:00:00,10200,4,GUARGUM5 25SEP2026 PE 10200,1,1,GUARGUM525SEP26PE10200FOCT26
NCDEX,83119,2,GUARGUM5,GUARGUM529JAN27PE9400FFEB27,OPTFUT,GUARGUM5-OPTFUT,21702900083119,47.5,5,250,0.5,5,1,21705000082905,,2027-01-29T00:00:00,9400,4,GUARGUM5 29JAN2027 PE 9400,1,1,GUARGUM529JAN27PE9400FFEB27
NCDEX,81581,2,JEERAUNJHA,JEERAUNJHA09SEP26PE14400FSEP26,OPTFUT,JEERAUNJHA-OPTFUT,21625200081581,20,2,150,2,3,1,21626100081459,,2026-09-09T00:00:00,14400,4,JEERAUNJHA 09SEP2026 PE 14400,1,1,JEERAUNJHA09SEP26PE14400FSEP26
NCDEX,81576,2,GUARGUM5,GUARGUM530OCT26CE10200FNOV26,OPTFUT,GUARGUM5-OPTFUT,21630300081576,2854,1469.5,250,0.5,5,10,21632400081455,,2026-10-30T00:00:00,10200,3,GUARGUM5 30OCT2026 CE 10200,1,1,GUARGUM530OCT26CE10200FNOV26
NCDEX,81175,2,GUARGUM5,GUARGUM525SEP26CE7200FOCT26,OPTFUT,GUARGUM5-OPTFUT,21626800081175,5629.5,4185,250,0.5,5,1,21628900080898,,2026-09-25T00:00:00,7200,3,GUARGUM5 25SEP2026 CE 7200,1,1,GUARGUM525SEP26CE7200FOCT26
NCDEX,82083,2,TMCFGRNZM,TMCFGRNZM10DEC26CE13200FDEC26,OPTFUT,TMCFGRNZM-OPTFUT,21634400082083,8855,6450,250,1,5,1,21635200081800,,2026-12-10T00:00:00,13200,3,TMCFGRNZM 10DEC2026 CE 13200,1,1,TMCFGRNZM10DEC26CE13200FDEC26
NCDEX,82134,2,JEERAUNJHA,JEERAUNJHA09OCT26CE27600FOCT26,OPTFUT,JEERAUNJHA-OPTFUT,21628200082134,20,2,150,2,3,1,21629200081796,,2026-10-09T00:00:00,27600,3,JEERAUNJHA 09OCT2026 CE 27600,1,1,JEERAUNJHA09OCT26CE27600FOCT26
NCDEX,82640,2,JEERAUNJHA,JEERAUNJHA12NOV26CE26000FNOV26,OPTFUT,JEERAUNJHA-OPTFUT,21631600082640,112,2,150,2,3,10,21632400082355,,2026-11-12T00:00:00,26000,3,JEERAUNJHA 12NOV2026 CE 26000,1,1,JEERAUNJHA12NOV26CE26000FNOV26
NCDEX,82332,2,DHANIYA,DHANIYA10DEC26PE15700FDEC26,OPTFUT,DHANIYA-OPTFUT,21634400082332,1337,556,500,1,5,10,21635200081790,,2026-12-10T00:00:00,15700,4,DHANIYA 10DEC2026 PE 15700,1,1,DHANIYA10DEC26PE15700FDEC26
NCDEX,83233,2,GUARSEED10,GUARSEED1029JAN27CE6600FFEB27,OPTFUT,GUARSEED10-OPTFUT,21702900083233,458,128.5,500,0.5,5,10,21705000082907,,2027-01-29T00:00:00,6600,3,GUARSEED10 29JAN2027 CE 6600,1,1,GUARSEED1029JAN27CE6600FFEB27
NCDEX,80803,2,GUARSEED10,GUARSEED1028AUG26PE6600FSEP26,OPTFUT,GUARSEED10-OPTFUT,21624000080803,748.5,84.5,500,0.5,5,10,21626100080559,,2026-08-28T00:00:00,6600,4,GUARSEED10 28AUG2026 PE 6600,1,1,GUARSEED1028AUG26PE6600FSEP26
NCDEX,82621,2,GUARSEED10,GUARSEED1024DEC26CE6300FJAN27,OPTFUT,GUARSEED10-OPTFUT,21635800082621,652,229.5,500,0.5,5,10,21702000082352,,2026-12-24T00:00:00,6300,3,GUARSEED10 24DEC2026 CE 6300,1,1,GUARSEED1024DEC26CE6300FJAN27
NCDEX,82610,2,GUARGUM5,GUARGUM524DEC26PE15400FJAN27,OPTFUT,GUARGUM5-OPTFUT,21635800082610,2861,1498,250,0.5,5,10,21702000082351,,2026-12-24T00:00:00,15400,4,GUARGUM5 24DEC2026 PE 15400,1,1,GUARGUM524DEC26PE15400FJAN27
NCDEX,81677,2,GUARSEED10,GUARSEED1030OCT26CE7000FNOV26,OPTFUT,GUARSEED10-OPTFUT,21630300081677,220.5,25,500,0.5,5,10,21632400081456,,2026-10-30T00:00:00,7000,3,GUARSEED10 30OCT2026 CE 7000,1,1,GUARSEED1030OCT26CE7000FNOV26
NCDEX,81158,2,DHANIYA,DHANIYA09OCT26PE10800FOCT26,OPTFUT,DHANIYA-OPTFUT,21628200081158,10,1,500,1,5,1,21629200080896,,2026-10-09T00:00:00,10800,4,DHANIYA 09OCT2026 PE 10800,1,1,DHANIYA09OCT26PE10800FOCT26
NCDEX,81149,2,GUARGUM5,GUARGUM525SEP26PE12600FOCT26,OPTFUT,GUARGUM5-OPTFUT,21626800081149,1285.5,266.5,250,0.5,5,10,21628900080898,,2026-09-25T00:00:00,12600,4,GUARGUM5 25SEP2026 PE 12600,1,1,GUARGUM525SEP26PE12600FOCT26
NCDEX,82127,2,GUARGUM5,GUARGUM527NOV26CE9200FDEC26,OPTFUT,GUARGUM5-OPTFUT,21633100082127,4001.5,2555,250,0.5,5,1,21635200081792,,2026-11-27T00:00:00,9200,3,GUARGUM5 27NOV2026 CE 9200,1,1,GUARGUM527NOV26CE9200FDEC26
NCDEX,80740,2,GUARSEED10,GUARSEED1028AUG26CE5800FSEP26,OPTFUT,GUARSEED10-OPTFUT,21624000080740,813,111.5,500,0.5,5,10,21626100080559,,2026-08-28T00:00:00,5800,3,GUARSEED10 28AUG2026 CE 5800,1,1,GUARSEED1028AUG26CE5800FSEP26
NCDEX,83127,2,GUARGUM5,GUARGUM529JAN27CE12200FFEB27,OPTFUT,GUARGUM5-OPTFUT,21702900083127,2134,969,250,0.5,5,10,21705000082905,,2027-01-29T00:00:00,12200,3,GUARGUM5 29JAN2027 CE 12200,1,1,GUARGUM529JAN27CE12200FFEB27
NCDEX,82146,2,GUARGUM5,GUARGUM527NOV26PE10400FDEC26,OPTFUT,GUARGUM5-OPTFUT,21633100082146,251.5,42.5,250,0.5,5,10,21635200081792,,2026-11-27T00:00:00,10400,4,GUARGUM5 27NOV2026 PE 10400,1,1,GUARGUM527NOV26PE10400FDEC26
NCDEX,83201,2,JEERAUNJHA,JEERAUNJHA10DEC26PE23200FDEC26,OPTFUT,JEERAUNJHA-OPTFUT,21634400083201,2554,740,150,2,3,10,21635200082910,,2026-12-10T00:00:00,23200,4,JEERAUNJHA 10DEC2026 PE 23200,1,1,JEERAUNJHA10DEC26PE23200FDEC26
NCDEX,82329,2,DHANIYA,DHANIYA10DEC26CE15200FDEC26,OPTFUT,DHANIYA-OPTFUT,21634400082329,2941,1466,500,1,5,10,21635200081790,,2026-12-10T00:00:00,15200,3,DHANIYA 10DEC2026 CE 15200,1,1,DHANIYA10DEC26CE15200FDEC26
NCDEX,81248,2,GUARGUM5,GUARGUM525SEP26PE15000FOCT26,OPTFUT,GUARGUM5-OPTFUT,21626800081248,3559,2121.5,250,0.5,5,1,21628900080898,,2026-09-25T00:00:00,15000,4,GUARGUM5 25SEP2026 PE 15000,1,1,GUARGUM525SEP26PE15000FOCT26
NCDEX,82709,2,TMCFGRNZM,TMCFGRNZM10DEC26CE20200FDEC26,OPTFUT,TMCFGRNZM-OPTFUT,21634400082709,3326,1720,250,1,5,10,21635200081800,,2026-12-10T00:00:00,20200,3,TMCFGRNZM 10DEC2026 CE 20200,1,1,TMCFGRNZM10DEC26CE20200FDEC26
NCDEX,82479,2,JEERAUNJHA,JEERAUNJHA12NOV26CE25200FNOV26,OPTFUT,JEERAUNJHA-OPTFUT,21631600082479,212,4,150,2,3,10,21632400082355,,2026-11-12T00:00:00,25200,3,JEERAUNJHA 12NOV2026 CE 25200,1,1,JEERAUNJHA12NOV26CE25200FNOV26
NCDEX,82365,2,DHANIYA,DHANIYA09OCT26CE17000FOCT26,OPTFUT,DHANIYA-OPTFUT,21628200082365,1138,223,500,1,5,10,21629200080896,,2026-10-09T00:00:00,17000,3,DHANIYA 09OCT2026 CE 17000,1,1,DHANIYA09OCT26CE17000FOCT26
NCDEX,81344,2,GUARGUM5,GUARGUM525SEP26PE13200FOCT26,OPTFUT,GUARGUM5-OPTFUT,21626800081344,1815.5,579.5,250,0.5,5,10,21628900080898,,2026-09-25T00:00:00,13200,4,GUARGUM5 25SEP2026 PE 13200,1,1,GUARGUM525SEP26PE13200FOCT26
NCDEX,81249,2,DHANIYA,DHANIYA09OCT26PE13400FOCT26,OPTFUT,DHANIYA-OPTFUT,21628200081249,163,10,500,1,5,10,21629200080896,,2026-10-09T00:00:00,13400,4,DHANIYA 09OCT2026 PE 13400,1,1,DHANIYA09OCT26PE13400FOCT26
NCDEX,81634,2,JEERAUNJHA,JEERAUNJHA09SEP26CE22000FSEP26,OPTFUT,JEERAUNJHA-OPTFUT,21625200081634,576,2,150,2,3,10,21626100081459,,2026-09-09T00:00:00,22000,3,JEERAUNJHA 09SEP2026 CE 22000,1,1,JEERAUNJHA09SEP26CE22000FSEP26
NCDEX,82236,2,TMCFGRNZM,TMCFGRNZM08OCT26PE18600FOCT26,OPTFUT,TMCFGRNZM-OPTFUT,21628100082236,783,144,250,1,5,10,21628900080907,,2026-10-08T00:00:00,18600,4,TMCFGRNZM 08OCT2026 PE 18600,1,1,TMCFGRNZM08OCT26PE18600FOCT26
NCDEX,81918,2,GUARSEED10,GUARSEED1027NOV26PE5400FDEC26,OPTFUT,GUARSEED10-OPTFUT,21633100081918,136,21,500,0.5,5,10,21635200081793,,2026-11-27T00:00:00,5400,4,GUARSEED10 27NOV2026 PE 5400,1,1,GUARSEED1027NOV26PE5400FDEC26
NCDEX,82079,2,JEERAUNJHA,JEERAUNJHA09OCT26CE19600FOCT26,OPTFUT,JEERAUNJHA-OPTFUT,21628200082079,2970,754,150,2,3,10,21629200081796,,2026-10-09T00:00:00,19600,3,JEERAUNJHA 09OCT2026 CE 19600,1,1,JEERAUNJHA09OCT26CE19600FOCT26
NCDEX,82837,2,TMCFGRNZM,TMCFGRNZM08OCT26PE23200FOCT26,OPTFUT,TMCFGRNZM-OPTFUT,21628100082837,3815,1858,250,1,5,10,21628900080907,,2026-10-08T00:00:00,23200,4,TMCFGRNZM 08OCT2026 PE 23200,1,1,TMCFGRNZM08OCT26PE23200FOCT26
NCDEX,81442,2,DHANIYA,DHANIYA09OCT26PE13800FOCT26,OPTFUT,DHANIYA-OPTFUT,21628200081442,244,20,500,1,5,10,21629200080896,,2026-10-09T00:00:00,13800,4,DHANIYA 09OCT2026 PE 13800,1,1,DHANIYA09OCT26PE13800FOCT26
NCDEX,82232,2,DHANIYA,DHANIYA09OCT26CE14800FOCT26,OPTFUT,DHANIYA-OPTFUT,21628200082232,2681,1055,500,1,5,10,21629200080896,,2026-10-09T00:00:00,14800,3,DHANIYA 09OCT2026 CE 14800,1,1,DHANIYA09OCT26CE14800FOCT26
NCDEX,82602,2,JEERAUNJHA,JEERAUNJHA12NOV26CE16400FNOV26,OPTFUT,JEERAUNJHA-OPTFUT,21631600082602,6476,3922,150,2,3,1,21632400082355,,2026-11-12T00:00:00,16400,3,JEERAUNJHA 12NOV2026 CE 16400,1,1,JEERAUNJHA12NOV26CE16400FNOV26
NCDEX,81938,2,GUARGUM5,GUARGUM527NOV26PE8600FDEC26,OPTFUT,GUARGUM5-OPTFUT,21633100081938,21,1.5,250,0.5,5,1,21635200081792,,2026-11-27T00:00:00,8600,4,GUARGUM5 27NOV2026 PE 8600,1,1,GUARGUM527NOV26PE8600FDEC26
NCDEX,82014,2,DHANIYA,DHANIYA10DEC26PE13500FDEC26,OPTFUT,DHANIYA-OPTFUT,21634400082014,450,125,500,1,5,10,21635200081790,,2026-12-10T00:00:00,13500,4,DHANIYA 10DEC2026 PE 13500,1,1,DHANIYA10DEC26PE13500FDEC26
NCDEX,83001,2,GUARSEED10,GUARSEED1029JAN27PE5000FFEB27,OPTFUT,GUARSEED10-OPTFUT,21702900083001,61.5,8.5,500,0.5,5,1,21705000082907,,2027-01-29T00:00:00,5000,4,GUARSEED10 29JAN2027 PE 5000,1,1,GUARSEED1029JAN27PE5000FFEB27
NCDEX,83173,2,GUARSEED10,GUARSEED1029JAN27CE5700FFEB27,OPTFUT,GUARSEED10-OPTFUT,21702900083173,1039.5,463.5,500,0.5,5,10,21705000082907,,2027-01-29T00:00:00,5700,3,GUARSEED10 29JAN2027 CE 5700,1,1,GUARSEED1029JAN27CE5700FFEB27
NCDEX,82743,2,TMCFGRNZM,TMCFGRNZM08OCT26PE20000FOCT26,OPTFUT,TMCFGRNZM-OPTFUT,21628100082743,1465,400,250,1,5,10,21628900080907,,2026-10-08T00:00:00,20000,4,TMCFGRNZM 08OCT2026 PE 20000,1,1,TMCFGRNZM08OCT26PE20000FOCT26
NCDEX,81137,2,TMCFGRNZM,TMCFGRNZM08OCT26CE15600FOCT26,OPTFUT,TMCFGRNZM-OPTFUT,21628100081137,6466,4026,250,1,5,10,21628900080907,,2026-10-08T00:00:00,15600,3,TMCFGRNZM 08OCT2026 CE 15600,1,1,TMCFGRNZM08OCT26CE15600FOCT26
NCDEX,82164,2,DHANIYA,DHANIYA10DEC26PE12200FDEC26,OPTFUT,DHANIYA-OPTFUT,21634400082164,181,37,500,1,5,10,21635200081790,,2026-12-10T00:00:00,12200,4,DHANIYA 10DEC2026 PE 12200,1,1,DHANIYA10DEC26PE12200FDEC26
NCDEX,81559,2,GUARSEED10,GUARSEED1030OCT26PE6100FNOV26,OPTFUT,GUARSEED10-OPTFUT,21630300081559,395.5,85.5,500,0.5,5,10,21632400081456,,2026-10-30T00:00:00,6100,4,GUARSEED10 30OCT2026 PE 6100,1,1,GUARSEED1030OCT26PE6100FNOV26
NCDEX,81125,2,GUARSEED10,GUARSEED1025SEP26CE6000FOCT26,OPTFUT,GUARSEED10-OPTFUT,21626800081125,734.5,155.5,500,0.5,5,10,21628900080899,,2026-09-25T00:00:00,6000,3,GUARSEED10 25SEP2026 CE 6000,1,1,GUARSEED1025SEP26CE6000FOCT26
NCDEX,81629,2,JEERAUNJHA,JEERAUNJHA09SEP26CE27200FSEP26,OPTFUT,JEERAUNJHA-OPTFUT,21625200081629,20,2,150,2,3,1,21626100081459,,2026-09-09T00:00:00,27200,3,JEERAUNJHA 09SEP2026 CE 27200,1,1,JEERAUNJHA09SEP26CE27200FSEP26
NCDEX,80760,2,GUARSEED10,GUARSEED1028AUG26CE4300FSEP26,OPTFUT,GUARSEED10-OPTFUT,21624000080760,2302,1556.5,500,0.5,5,1,21626100080559,,2026-08-28T00:00:00,4300,3,GUARSEED10 28AUG2026 CE 4300,1,1,GUARSEED1028AUG26CE4300FSEP26
NCDEX,82539,2,GUARSEED10,GUARSEED1024DEC26CE4800FJAN27,OPTFUT,GUARSEED10-OPTFUT,21635800082539,1854.5,1144,500,0.5,5,1,21702000082352,,2026-12-24T00:00:00,4800,3,GUARSEED10 24DEC2026 CE 4800,1,1,GUARSEED1024DEC26CE4800FJAN27
NCDEX,81970,2,GUARSEED10,GUARSEED1027NOV26CE6200FDEC26,OPTFUT,GUARSEED10-OPTFUT,21633100081970,671,214.5,500,0.5,5,10,21635200081793,,2026-11-27T00:00:00,6200,3,GUARSEED10 27NOV2026 CE 6200,1,1,GUARSEED1027NOV26CE6200FDEC26
NCDEX,81113,2,GUARSEED10,GUARSEED1025SEP26PE5000FOCT26,OPTFUT,GUARSEED10-OPTFUT,21626800081113,10.5,0.5,500,0.5,5,10,21628900080899,,2026-09-25T00:00:00,5000,4,GUARSEED10 25SEP2026 PE 5000,1,1,GUARSEED1025SEP26PE5000FOCT26
NCDEX,80775,2,GUARSEED10,GUARSEED1028AUG26CE5700FSEP26,OPTFUT,GUARSEED10-OPTFUT,21624000080775,909.5,182,500,0.5,5,10,21626100080559,,2026-08-28T00:00:00,5700,3,GUARSEED10 28AUG2026 CE 5700,1,1,GUARSEED1028AUG26CE5700FSEP26
NCDEX,82738,2,TMCFGRNZM,TMCFGRNZM08OCT26CE20000FOCT26,OPTFUT,TMCFGRNZM-OPTFUT,21628100082738,2641,910,250,1,5,10,21628900080907,,2026-10-08T00:00:00,20000,3,TMCFGRNZM 08OCT2026 CE 20000,1,1,TMCFGRNZM08OCT26CE20000FOCT26
NCDEX,83024,2,GUARSEED10,GUARSEED1029JAN27PE5700FFEB27,OPTFUT,GUARSEED10-OPTFUT,21702900083024,257,65.5,500,0.5,5,10,21705000082907,,2027-01-29T00:00:00,5700,4,GUARSEED10 29JAN2027 PE 5700,1,1,GUARSEED1029JAN27PE5700FFEB27
NCDEX,81157,2,GUARGUM5,GUARGUM525SEP26PE10600FOCT26,OPTFUT,GUARGUM5-OPTFUT,21626800081157,155,2,250,0.5,5,10,21628900080898,,2026-09-25T00:00:00,10600,4,GUARGUM5 25SEP2026 PE 10600,1,1,GUARGUM525SEP26PE10600FOCT26
NCDEX,82082,2,DHANIYA,DHANIYA10DEC26CE13400FDEC26,OPTFUT,DHANIYA-OPTFUT,21634400082082,4356,2593,500,1,5,10,21635200081790,,2026-12-10T00:00:00,13400,3,DHANIYA 10DEC2026 CE 13400,1,1,DHANIYA10DEC26CE13400FDEC26
NCDEX,82670,2,GUARSEED10,GUARSEED1024DEC26CE5200FJAN27,OPTFUT,GUARSEED10-OPTFUT,21635800082670,1486,817.5,500,0.5,5,1,21702000082352,,2026-12-24T00:00:00,5200,3,GUARSEED10 24DEC2026 CE 5200,1,1,GUARSEED1024DEC26CE5200FJAN27
NCDEX,80854,2,GUARSEED10,GUARSEED1028AUG26PE4800FSEP26,OPTFUT,GUARSEED10-OPTFUT,21624000080854,5,0.5,500,0.5,5,1,21626100080559,,2026-08-28T00:00:00,4800,4,GUARSEED10 28AUG2026 PE 4800,1,1,GUARSEED1028AUG26PE4800FSEP26
NCDEX,81068,2,GUARSEED10,GUARSEED1025SEP26CE5800FOCT26,OPTFUT,GUARSEED10-OPTFUT,21626800081068,909,258,500,0.5,5,10,21628900080899,,2026-09-25T00:00:00,5800,3,GUARSEED10 25SEP2026 CE 5800,1,1,GUARSEED1025SEP26CE5800FOCT26
NCDEX,82060,2,GUARSEED10,GUARSEED1027NOV26CE6500FDEC26,OPTFUT,GUARSEED10-OPTFUT,21633100082060,492.5,129,500,0.5,5,10,21635200081793,,2026-11-27T00:00:00,6500,3,GUARSEED10 27NOV2026 CE 6500,1,1,GUARSEED1027NOV26CE6500FDEC26
NCDEX,83093,2,DHANIYA,DHANIYA12JAN27PE17800FJAN27,OPTFUT,DHANIYA-OPTFUT,21701200083093,3019,1799,500,1,5,10,21702000082903,,2027-01-12T00:00:00,17800,4,DHANIYA 12JAN2027 PE 17800,1,1,DHANIYA12JAN27PE17800FJAN27
NCDEX,82880,2,DHANIYA,DHANIYA10DEC26CE18400FDEC26,OPTFUT,DHANIYA-OPTFUT,21634400082880,1214,407,500,1,5,10,21635200081790,,2026-12-10T00:00:00,18400,3,DHANIYA 10DEC2026 CE 18400,1,1,DHANIYA10DEC26CE18400FDEC26
NCDEX,82169,2,JEERAUNJHA,JEERAUNJHA09OCT26CE17600FOCT26,OPTFUT,JEERAUNJHA-OPTFUT,21628200082169,4916,2404,150,2,3,10,21629200081796,,2026-10-09T00:00:00,17600,3,JEERAUNJHA 09OCT2026 CE 17600,1,1,JEERAUNJHA09OCT26CE17600FOCT26
NCDEX,82612,2,GUARSEED10,GUARSEED1024DEC26PE7500FJAN27,OPTFUT,GUARSEED10-OPTFUT,21635800082612,1568,941.5,500,0.5,5,1,21702000082352,,2026-12-24T00:00:00,7500,4,GUARSEED10 24DEC2026 PE 7500,1,1,GUARSEED1024DEC26PE7500FJAN27
NCDEX,83045,2,DHANIYA,DHANIYA12JAN27PE17600FJAN27,OPTFUT,DHANIYA-OPTFUT,21701200083045,2872,1687,500,1,5,10,21702000082903,,2027-01-12T00:00:00,17600,4,DHANIYA 12JAN2027 PE 17600,1,1,DHANIYA12JAN27PE17600FJAN27
NCDEX,83224,2,JEERAUNJHA,JEERAUNJHA10DEC26CE22000FDEC26,OPTFUT,JEERAUNJHA-OPTFUT,21634400083224,1770,308,150,2,3,10,21635200082910,,2026-12-10T00:00:00,22000,3,JEERAUNJHA 10DEC2026 CE 22000,1,1,JEERAUNJHA10DEC26CE22000FDEC26
NCDEX,81072,2,TMCFGRNZM,TMCFGRNZM08OCT26CE15200FOCT26,OPTFUT,TMCFGRNZM-OPTFUT,21628100081072,6856,4403,250,1,5,10,21628900080907,,2026-10-08T00:00:00,15200,3,TMCFGRNZM 08OCT2026 CE 15200,1,1,TMCFGRNZM08OCT26CE15200FOCT26
NCDEX,82300,2,DHANIYA,DHANIYA10DEC26PE14600FDEC26,OPTFUT,DHANIYA-OPTFUT,21634400082300,822,285,500,1,5,10,21635200081790,,2026-12-10T00:00:00,14600,4,DHANIYA 10DEC2026 PE 14600,1,1,DHANIYA10DEC26PE14600FDEC26
NCDEX,81683,2,GUARGUM5,GUARGUM530OCT26CE15000FNOV26,OPTFUT,GUARGUM5-OPTFUT,21630300081683,162.5,9.5,250,0.5,5,1,21632400081455,,2026-10-30T00:00:00,15000,3,GUARGUM5 30OCT2026 CE 15000,1,1,GUARGUM530OCT26CE15000FNOV26
NCDEX,81782,2,TMCFGRNZM,TMCFGRNZM08OCT26PE18200FOCT26,OPTFUT,TMCFGRNZM-OPTFUT,21628100081782,633,102,250,1,5,10,21628900080907,,2026-10-08T00:00:00,18200,4,TMCFGRNZM 08OCT2026 PE 18200,1,1,TMCFGRNZM08OCT26PE18200FOCT26
NCDEX,82692,2,DHANIYA,DHANIYA10DEC26PE16500FDEC26,OPTFUT,DHANIYA-OPTFUT,21634400082692,1798,834,500,1,5,10,21635200081790,,2026-12-10T00:00:00,16500,4,DHANIYA 10DEC2026 PE 16500,1,1,DHANIYA10DEC26PE16500FDEC26
NCDEX,82821,2,TMCFGRNZM,TMCFGRNZM10DEC26CE22800FDEC26,OPTFUT,TMCFGRNZM-OPTFUT,21634400082821,2065,906,250,1,5,10,21635200081800,,2026-12-10T00:00:00,22800,3,TMCFGRNZM 10DEC2026 CE 22800,1,1,TMCFGRNZM10DEC26CE22800FDEC26
NCDEX,81189,2,GUARGUM5,GUARGUM525SEP26PE14000FOCT26,OPTFUT,GUARGUM5-OPTFUT,21626800081189,2576,1190.5,250,0.5,5,10,21628900080898,,2026-09-25T00:00:00,14000,4,GUARGUM5 25SEP2026 PE 14000,1,1,GUARGUM525SEP26PE14000FOCT26
NCDEX,82499,2,JEERAUNJHA,JEERAUNJHA12NOV26PE21200FNOV26,OPTFUT,JEERAUNJHA-OPTFUT,21631600082499,1256,156,150,2,3,10,21632400082355,,2026-11-12T00:00:00,21200,4,JEERAUNJHA 12NOV2026 PE 21200,1,1,JEERAUNJHA12NOV26PE21200FNOV26
NCDEX,82274,2,DHANIYA,DHANIYA09OCT26PE15900FOCT26,OPTFUT,DHANIYA-OPTFUT,21628200082274,1126,265,500,1,5,10,21629200080896,,2026-10-09T00:00:00,15900,4,DHANIYA 09OCT2026 PE 15900,1,1,DHANIYA09OCT26PE15900FOCT26
NCDEX,80717,2,GUARGUM5,GUARGUM528AUG26CE14400FSEP26,OPTFUT,GUARGUM5-OPTFUT,21624000080717,29.5,0.5,250,0.5,5,10,21626100080558,,2026-08-28T00:00:00,14400,3,GUARGUM5 28AUG2026 CE 14400,1,1,GUARGUM528AUG26CE14400FSEP26
NCDEX,82233,2,DHANIYA,DHANIYA09OCT26CE14700FOCT26,OPTFUT,DHANIYA-OPTFUT,21628200082233,2766,1116,500,1,5,10,21629200080896,,2026-10-09T00:00:00,14700,3,DHANIYA 09OCT2026 CE 14700,1,1,DHANIYA09OCT26CE14700FOCT26
NCDEX,81626,2,GUARGUM5,GUARGUM530OCT26PE10600FNOV26,OPTFUT,GUARGUM5-OPTFUT,21630300081626,237.5,23.5,250,0.5,5,10,21632400081455,,2026-10-30T00:00:00,10600,4,GUARGUM5 30OCT2026 PE 10600,1,1,GUARGUM530OCT26PE10600FNOV26
NCDEX,82535,2,GUARSEED10,GUARSEED1024DEC26PE5400FJAN27,OPTFUT,GUARSEED10-OPTFUT,21635800082535,173,39,500,0.5,5,10,21702000082352,,2026-12-24T00:00:00,5400,4,GUARSEED10 24DEC2026 PE 5400,1,1,GUARSEED1024DEC26PE5400FJAN27
NCDEX,81556,2,GUARSEED10,GUARSEED1030OCT26PE6300FNOV26,OPTFUT,GUARSEED10-OPTFUT,21630300081556,524.5,139,500,0.5,5,10,21632400081456,,2026-10-30T00:00:00,6300,4,GUARSEED10 30OCT2026 PE 6300,1,1,GUARSEED1030OCT26PE6300FNOV26
NCDEX,82873,2,DHANIYA,DHANIYA10DEC26PE18000FDEC26,OPTFUT,DHANIYA-OPTFUT,21634400082873,2831,1552,500,1,5,10,21635200081790,,2026-12-10T00:00:00,18000,4,DHANIYA 10DEC2026 PE 18000,1,1,DHANIYA10DEC26PE18000FDEC26
NCDEX,82183,2,JEERAUNJHA,JEERAUNJHA09OCT26PE27600FOCT26,OPTFUT,JEERAUNJHA-OPTFUT,21628200082183,7508,4986,150,2,3,1,21629200081796,,2026-10-09T00:00:00,27600,4,JEERAUNJHA 09OCT2026 PE 27600,1,1,JEERAUNJHA09OCT26PE27600FOCT26
NCDEX,83162,2,JEERAUNJHA,JEERAUNJHA10DEC26CE30800FDEC26,OPTFUT,JEERAUNJHA-OPTFUT,21634400083162,20,2,150,2,3,1,21635200082910,,2026-12-10T00:00:00,30800,3,JEERAUNJHA 10DEC2026 CE 30800,1,1,JEERAUNJHA10DEC26CE30800FDEC26
NCDEX,81975,2,GUARSEED10,GUARSEED1027NOV26PE6500FDEC26,OPTFUT,GUARSEED10-OPTFUT,21633100081975,708,269,500,0.5,5,10,21635200081793,,2026-11-27T00:00:00,6500,4,GUARSEED10 27NOV2026 PE 6500,1,1,GUARSEED1027NOV26PE6500FDEC26
NCDEX,81779,2,TMCFGRNZM,TMCFGRNZM08OCT26PE18400FOCT26,OPTFUT,TMCFGRNZM-OPTFUT,21628100081779,706,122,250,1,5,10,21628900080907,,2026-10-08T00:00:00,18400,4,TMCFGRNZM 08OCT2026 PE 18400,1,1,TMCFGRNZM08OCT26PE18400FOCT26
NCDEX,81263,2,DHANIYA,DHANIYA09OCT26PE13500FOCT26,OPTFUT,DHANIYA-OPTFUT,21628200081263,181,12,500,1,5,10,21629200080896,,2026-10-09T00:00:00,13500,4,DHANIYA 09OCT2026 PE 13500,1,1,DHANIYA09OCT26PE13500FOCT26
NCDEX,83120,2,GUARSEED10,GUARSEED1029JAN27PE6600FFEB27,OPTFUT,GUARSEED10-OPTFUT,21702900083120,789.5,341.5,500,0.5,5,10,21705000082907,,2027-01-29T00:00:00,6600,4,GUARSEED10 29JAN2027 PE 6600,1,1,GUARSEED1029JAN27PE6600FFEB27
NCDEX,81969,2,JEERAUNJHA,JEERAUNJHA09OCT26PE23200FOCT26,OPTFUT,JEERAUNJHA-OPTFUT,21628200081969,3182,970,150,2,3,10,21629200081796,,2026-10-09T00:00:00,23200,4,JEERAUNJHA 09OCT2026 PE 23200,1,1,JEERAUNJHA09OCT26PE23200FOCT26
NCDEX,83177,2,GUARSEED10,GUARSEED1029JAN27PE5500FFEB27,OPTFUT,GUARSEED10-OPTFUT,21702900083177,182,39.5,500,0.5,5,1,21705000082907,,2027-01-29T00:00:00,5500,4,GUARSEED10 29JAN2027 PE 5500,1,1,GUARSEED1029JAN27PE5500FFEB27
NCDEX,83048,2,GUARGUM5,GUARGUM529JAN27PE11800FFEB27,OPTFUT,GUARGUM5-OPTFUT,21702900083048,551.5,155,250,0.5,5,10,21705000082905,,2027-01-29T00:00:00,11800,4,GUARGUM5 29JAN2027 PE 11800,1,1,GUARGUM529JAN27PE11800FFEB27
NCDEX,83178,2,GUARGUM5,GUARGUM529JAN27CE16200FFEB27,OPTFUT,GUARGUM5-OPTFUT,21702900083178,348,64.5,250,0.5,5,1,21705000082905,,2027-01-29T00:00:00,16200,3,GUARGUM5 29JAN2027 CE 16200,1,1,GUARGUM529JAN27CE16200FFEB27
NCDEX,80637,2,GUARSEED10,GUARSEED1028AUG26PE4600FSEP26,OPTFUT,GUARSEED10-OPTFUT,21624000080637,5,0.5,500,0.5,5,1,21626100080559,,2026-08-28T00:00:00,4600,4,GUARSEED10 28AUG2026 PE 4600,1,1,GUARSEED1028AUG26PE4600FSEP26
NCDEX,81268,2,GUARGUM5,GUARGUM525SEP26CE10200FOCT26,OPTFUT,GUARGUM5-OPTFUT,21626800081268,2656.5,1233,250,0.5,5,10,21628900080898,,2026-09-25T00:00:00,10200,3,GUARGUM5 25SEP2026 CE 10200,1,1,GUARGUM525SEP26CE10200FOCT26
NCDEX,80691,2,GUARSEED10,GUARSEED1028AUG26PE7200FSEP26,OPTFUT,GUARSEED10-OPTFUT,21624000080691,1336.5,591,500,0.5,5,10,21626100080559,,2026-08-28T00:00:00,7200,4,GUARSEED10 28AUG2026 PE 7200,1,1,GUARSEED1028AUG26PE7200FSEP26
NCDEX,81033,2,DHANIYA,DHANIYA09OCT26CE12700FOCT26,OPTFUT,DHANIYA-OPTFUT,21628200081033,4632,2717,500,1,5,10,21629200080896,,2026-10-09T00:00:00,12700,3,DHANIYA 09OCT2026 CE 12700,1,1,DHANIYA09OCT26CE12700FOCT26
NCDEX,81947,2,TMCFGRNZM,TMCFGRNZM10DEC26CE15200FDEC26,OPTFUT,TMCFGRNZM-OPTFUT,21634400081947,7024,4734,250,1,5,10,21635200081800,,2026-12-10T00:00:00,15200,3,TMCFGRNZM 10DEC2026 CE 15200,1,1,TMCFGRNZM10DEC26CE15200FDEC26
NCDEX,83166,2,DHANIYA,DHANIYA12JAN27CE16700FJAN27,OPTFUT,DHANIYA-OPTFUT,21701200083166,1976,897,500,1,5,10,21702000082903,,2027-01-12T00:00:00,16700,3,DHANIYA 12JAN2027 CE 16700,1,1,DHANIYA12JAN27CE16700FJAN27
NCDEX,82681,2,DHANIYA,DHANIYA10DEC26PE15900FDEC26,OPTFUT,DHANIYA-OPTFUT,21634400082681,1446,619,500,1,5,10,21635200081790,,2026-12-10T00:00:00,15900,4,DHANIYA 10DEC2026 PE 15900,1,1,DHANIYA10DEC26PE15900FDEC26
NCDEX,82483,2,JEERAUNJHA,JEERAUNJHA12NOV26PE28400FNOV26,OPTFUT,JEERAUNJHA-OPTFUT,21631600082483,7882,5330,150,2,3,1,21632400082355,,2026-11-12T00:00:00,28400,4,JEERAUNJHA 12NOV2026 PE 28400,1,1,JEERAUNJHA12NOV26PE28400FNOV26
NCDEX,83229,2,JEERAUNJHA,JEERAUNJHA10DEC26CE19600FDEC26,OPTFUT,JEERAUNJHA-OPTFUT,21634400083229,3756,1428,150,2,3,10,21635200082910,,2026-12-10T00:00:00,19600,3,JEERAUNJHA 10DEC2026 CE 19600,1,1,JEERAUNJHA10DEC26CE19600FDEC26
NCDEX,81616,2,JEERAUNJHA,JEERAUNJHA09SEP26PE17600FSEP26,OPTFUT,JEERAUNJHA-OPTFUT,21625200081616,20,2,150,2,3,10,21626100081459,,2026-09-09T00:00:00,17600,4,JEERAUNJHA 09SEP2026 PE 17600,1,1,JEERAUNJHA09SEP26PE17600FSEP26
NCDEX,82023,2,GUARSEED10,GUARSEED1027NOV26CE6700FDEC26,OPTFUT,GUARSEED10-OPTFUT,21633100082023,393,89.5,500,0.5,5,10,21635200081793,,2026-11-27T00:00:00,6700,3,GUARSEED10 27NOV2026 CE 6700,1,1,GUARSEED1027NOV26CE6700FDEC26
NCDEX,81211,2,GUARSEED10,GUARSEED1025SEP26CE4700FOCT26,OPTFUT,GUARSEED10-OPTFUT,21626800081211,1978,1228,500,0.5,5,1,21628900080899,,2026-09-25T00:00:00,4700,3,GUARSEED10 25SEP2026 CE 4700,1,1,GUARSEED1025SEP26CE4700FOCT26
NCDEX,81688,2,GUARGUM5,GUARGUM530OCT26CE15400FNOV26,OPTFUT,GUARGUM5-OPTFUT,21630300081688,113.5,5,250,0.5,5,1,21632400081455,,2026-10-30T00:00:00,15400,3,GUARGUM5 30OCT2026 CE 15400,1,1,GUARGUM530OCT26CE15400FNOV26
NCDEX,82302,2,DHANIYA,DHANIYA10DEC26PE14700FDEC26,OPTFUT,DHANIYA-OPTFUT,21634400082302,863,305,500,1,5,10,21635200081790,,2026-12-10T00:00:00,14700,4,DHANIYA 10DEC2026 PE 14700,1,1,DHANIYA10DEC26PE14700FDEC26
NCDEX,81446,2,DHANIYA,DHANIYA09OCT26PE14200FOCT26,OPTFUT,DHANIYA-OPTFUT,21628200081446,351,36,500,1,5,10,21629200080896,,2026-10-09T00:00:00,14200,4,DHANIYA 09OCT2026 PE 14200,1,1,DHANIYA09OCT26PE14200FOCT26
NCDEX,83131,2,DHANIYA,DHANIYA12JAN27PE16800FJAN27,OPTFUT,DHANIYA-OPTFUT,21701200083131,2317,1276,500,1,5,10,21702000082903,,2027-01-12T00:00:00,16800,4,DHANIYA 12JAN2027 PE 16800,1,1,DHANIYA12JAN27PE16800FJAN27
NCDEX,82533,2,GUARGUM5,GUARGUM524DEC26CE11400FJAN27,OPTFUT,GUARGUM5-OPTFUT,21635800082533,2696.5,1277.5,250,0.5,5,10,21702000082351,,2026-12-24T00:00:00,11400,3,GUARGUM5 24DEC2026 CE 11400,1,1,GUARGUM524DEC26CE11400FJAN27
NCDEX,81915,2,GUARGUM5,GUARGUM527NOV26PE11200FDEC26,OPTFUT,GUARGUM5-OPTFUT,21633100081915,517,125,250,0.5,5,10,21635200081792,,2026-11-27T00:00:00,11200,4,GUARGUM5 27NOV2026 PE 11200,1,1,GUARGUM527NOV26PE11200FDEC26
NCDEX,83160,2,GUARSEED10,GUARSEED1029JAN27CE7600FFEB27,OPTFUT,GUARSEED10-OPTFUT,21702900083160,135,20.5,500,0.5,5,1,21705000082907,,2027-01-29T00:00:00,7600,3,GUARSEED10 29JAN2027 CE 7600,1,1,GUARSEED1029JAN27CE7600FFEB27
NCDEX,83126,2,JEERAUNJHA,JEERAUNJHA10DEC26CE16400FDEC26,OPTFUT,JEERAUNJHA-OPTFUT,21634400083126,6844,4266,150,2,3,1,21635200082910,,2026-12-10T00:00:00,16400,3,JEERAUNJHA 10DEC2026 CE 16400,1,1,JEERAUNJHA10DEC26CE16400FDEC26
NCDEX,81965,2,TMCFGRNZM,TMCFGRNZM10DEC26PE15000FDEC26,OPTFUT,TMCFGRNZM-OPTFUT,21634400081965,359,115,250,1,5,10,21635200081800,,2026-12-10T00:00:00,15000,4,TMCFGRNZM 10DEC2026 PE 15000,1,1,TMCFGRNZM10DEC26PE15000FDEC26
NCDEX,83138,2,DHANIYA,DHANIYA12JAN27CE16300FJAN27,OPTFUT,DHANIYA-OPTFUT,21701200083138,2183,1029,500,1,5,10,21702000082903,,2027-01-12T00:00:00,16300,3,DHANIYA 12JAN2027 CE 16300,1,1,DHANIYA12JAN27CE16300FJAN27
NCDEX,81988,2,JEERAUNJHA,JEERAUNJHA09OCT26CE26800FOCT26,OPTFUT,JEERAUNJHA-OPTFUT,21628200081988,20,2,150,2,3,1,21629200081796,,2026-10-09T00:00:00,26800,3,JEERAUNJHA 09OCT2026 CE 26800,1,1,JEERAUNJHA09OCT26CE26800FOCT26
NCDEX,82599,2,GUARSEED10,GUARSEED1024DEC26CE5300FJAN27,OPTFUT,GUARSEED10-OPTFUT,21635800082599,1398,744,500,0.5,5,10,21702000082352,,2026-12-24T00:00:00,5300,3,GUARSEED10 24DEC2026 CE 5300,1,1,GUARSEED1024DEC26CE5300FJAN27
NCDEX,83293,2,JEERAUNJHA,JEERAUNJHA10DEC26PE26000FDEC26,OPTFUT,JEERAUNJHA-OPTFUT,21634400083293,5136,2682,150,2,3,10,21635200082910,,2026-12-10T00:00:00,26000,4,JEERAUNJHA 10DEC2026 PE 26000,1,1,JEERAUNJHA10DEC26PE26000FDEC26
NCDEX,82766,2,TMCFGRNZM,TMCFGRNZM10DEC26PE21600FDEC26,OPTFUT,TMCFGRNZM-OPTFUT,21634400082766,3202,1861,250,1,5,10,21635200081800,,2026-12-10T00:00:00,21600,4,TMCFGRNZM 10DEC2026 PE 21600,1,1,TMCFGRNZM10DEC26PE21600FDEC26
NCDEX,82267,2,TMCFGRNZM,TMCFGRNZM08OCT26PE19000FOCT26,OPTFUT,TMCFGRNZM-OPTFUT,21628100082267,952,199,250,1,5,10,21628900080907,,2026-10-08T00:00:00,19000,4,TMCFGRNZM 08OCT2026 PE 19000,1,1,TMCFGRNZM08OCT26PE19000FOCT26
NCDEX,81641,2,GUARGUM5,GUARGUM530OCT26PE8800FNOV26,OPTFUT,GUARGUM5-OPTFUT,21630300081641,12,0.5,250,0.5,5,1,21632400081455,,2026-10-30T00:00:00,8800,4,GUARGUM5 30OCT2026 PE 8800,1,1,GUARGUM530OCT26PE8800FNOV26
NCDEX,81582,2,JEERAUNJHA,JEERAUNJHA09SEP26PE25600FSEP26,OPTFUT,JEERAUNJHA-OPTFUT,21625200081582,5926,3440,150,2,3,10,21626100081459,,2026-09-09T00:00:00,25600,4,JEERAUNJHA 09SEP2026 PE 25600,1,1,JEERAUNJHA09SEP26PE25600FSEP26
NCDEX,81174,2,GUARGUM5,GUARGUM525SEP26CE11600FOCT26,OPTFUT,GUARGUM5-OPTFUT,21626800081174,1364,265.5,250,0.5,5,10,21628900080898,,2026-09-25T00:00:00,11600,3,GUARGUM5 25SEP2026 CE 11600,1,1,GUARGUM525SEP26CE11600FOCT26
NCDEX,83296,2,TMCFGRNZM,TMCFGRNZM10DEC26CE24000FDEC26,OPTFUT,TMCFGRNZM-OPTFUT,21634400083296,1629,660,250,1,5,10,21635200081800,,2026-12-10T00:00:00,24000,3,TMCFGRNZM 10DEC2026 CE 24000,1,1,TMCFGRNZM10DEC26CE24000FDEC26
NCDEX,81911,2,TMCFGRNZM,TMCFGRNZM10DEC26CE18000FDEC26,OPTFUT,TMCFGRNZM-OPTFUT,21634400081911,4759,2795,250,1,5,10,21635200081800,,2026-12-10T00:00:00,18000,3,TMCFGRNZM 10DEC2026 CE 18000,1,1,TMCFGRNZM10DEC26CE18000FDEC26
NCDEX,82065,2,JEERAUNJHA,JEERAUNJHA09OCT26PE27200FOCT26,OPTFUT,JEERAUNJHA-OPTFUT,21628200082065,7112,4592,150,2,3,1,21629200081796,,2026-10-09T00:00:00,27200,4,JEERAUNJHA 09OCT2026 PE 27200,1,1,JEERAUNJHA09OCT26PE27200FOCT26
NCDEX,82618,2,GUARSEED10,GUARSEED1024DEC26PE5600FJAN27,OPTFUT,GUARSEED10-OPTFUT,21635800082618,243,64,500,0.5,5,10,21702000082352,,2026-12-24T00:00:00,5600,4,GUARSEED10 24DEC2026 PE 5600,1,1,GUARSEED1024DEC26PE5600FJAN27
NCDEX,83187,2,DHANIYA,DHANIYA12JAN27PE17300FJAN27,OPTFUT,DHANIYA-OPTFUT,21701200083187,2658,1526,500,1,5,10,21702000082903,,2027-01-12T00:00:00,17300,4,DHANIYA 12JAN2027 PE 17300,1,1,DHANIYA12JAN27PE17300FJAN27
NCDEX,82224,2,TMCFGRNZM,TMCFGRNZM10DEC26PE18200FDEC26,OPTFUT,TMCFGRNZM-OPTFUT,21634400082224,1323,602,250,1,5,10,21635200081800,,2026-12-10T00:00:00,18200,4,TMCFGRNZM 10DEC2026 PE 18200,1,1,TMCFGRNZM10DEC26PE18200FDEC26
NCDEX,82283,2,DHANIYA,DHANIYA10DEC26PE14500FDEC26,OPTFUT,DHANIYA-OPTFUT,21634400082283,783,267,500,1,5,10,21635200081790,,2026-12-10T00:00:00,14500,4,DHANIYA 10DEC2026 PE 14500,1,1,DHANIYA10DEC26PE14500FDEC26
NCDEX,81309,2,GUARGUM5,GUARGUM525SEP26PE14600FOCT26,OPTFUT,GUARGUM5-OPTFUT,21626800081309,3164,1737,250,0.5,5,10,21628900080898,,2026-09-25T00:00:00,14600,4,GUARGUM5 25SEP2026 PE 14600,1,1,GUARGUM525SEP26PE14600FOCT26
NCDEX,83290,2,GUARGUM5,GUARGUM529JAN27PE15200FFEB27,OPTFUT,GUARGUM5-OPTFUT,21702900083290,2768.5,1564.5,250,0.5,5,10,21705000082905,,2027-01-29T00:00:00,15200,4,GUARGUM5 29JAN2027 PE 15200,1,1,GUARGUM529JAN27PE15200FFEB27
NCDEX,82582,2,GUARGUM5,GUARGUM524DEC26CE9800FJAN27,OPTFUT,GUARGUM5-OPTFUT,21635800082582,4212.5,2665,250,0.5,5,1,21702000082351,,2026-12-24T00:00:00,9800,3,GUARGUM5 24DEC2026 CE 9800,1,1,GUARGUM524DEC26CE9800FJAN27
NCDEX,82317,2,DHANIYA,DHANIYA09OCT26PE16600FOCT26,OPTFUT,DHANIYA-OPTFUT,21628200082317,1593,480,500,1,5,10,21629200080896,,2026-10-09T00:00:00,16600,4,DHANIYA 09OCT2026 PE 16600,1,1,DHANIYA09OCT26PE16600FOCT26
NCDEX,81039,2,DHANIYA,DHANIYA09OCT26CE13200FOCT26,OPTFUT,DHANIYA-OPTFUT,21628200081039,4147,2263,500,1,5,10,21629200080896,,2026-10-09T00:00:00,13200,3,DHANIYA 09OCT2026 CE 13200,1,1,DHANIYA09OCT26CE13200FOCT26
NCDEX,81669,2,JEERAUNJHA,JEERAUNJHA09SEP26PE18400FSEP26,OPTFUT,JEERAUNJHA-OPTFUT,21625200081669,66,2,150,2,3,10,21626100081459,,2026-09-09T00:00:00,18400,4,JEERAUNJHA 09SEP2026 PE 18400,1,1,JEERAUNJHA09SEP26PE18400FSEP26
NCDEX,82471,2,JEERAUNJHA,JEERAUNJHA12NOV26PE22000FNOV26,OPTFUT,JEERAUNJHA-OPTFUT,21631600082471,1838,344,150,2,3,10,21632400082355,,2026-11-12T00:00:00,22000,4,JEERAUNJHA 12NOV2026 PE 22000,1,1,JEERAUNJHA12NOV26PE22000FNOV26
NCDEX,80705,2,GUARGUM5,GUARGUM528AUG26PE6600FSEP26,OPTFUT,GUARGUM5-OPTFUT,21624000080705,5,0.5,250,0.5,5,1,21626100080558,,2026-08-28T00:00:00,6600,4,GUARGUM5 28AUG2026 PE 6600,1,1,GUARGUM528AUG26PE6600FSEP26
NCDEX,81096,2,GUARGUM5,GUARGUM525SEP26CE14600FOCT26,OPTFUT,GUARGUM5-OPTFUT,21626800081096,74.5,0.5,250,0.5,5,10,21628900080898,,2026-09-25T00:00:00,14600,3,GUARGUM5 25SEP2026 CE 14600,1,1,GUARGUM525SEP26CE14600FOCT26
NCDEX,81993,2,JEERAUNJHA,JEERAUNJHA09OCT26PE21200FOCT26,OPTFUT,JEERAUNJHA-OPTFUT,21628200081993,1426,136,150,2,3,10,21629200081796,,2026-10-09T00:00:00,21200,4,JEERAUNJHA 09OCT2026 PE 21200,1,1,JEERAUNJHA09OCT26PE21200FOCT26
NCDEX,81256,2,GUARGUM5,GUARGUM525SEP26PE7600FOCT26,OPTFUT,GUARGUM5-OPTFUT,21626800081256,5,0.5,250,0.5,5,1,21628900080898,,2026-09-25T00:00:00,7600,4,GUARGUM5 25SEP2026 PE 7600,1,1,GUARGUM525SEP26PE7600FOCT26
NCDEX,81226,2,DHANIYA,DHANIYA09OCT26PE11500FOCT26,OPTFUT,DHANIYA-OPTFUT,21628200081226,11,1,500,1,5,10,21629200080896,,2026-10-09T00:00:00,11500,4,DHANIYA 09OCT2026 PE 11500,1,1,DHANIYA09OCT26PE11500FOCT26
NCDEX,81755,2,JEERAUNJHA,JEERAUNJHA09SEP26CE19200FSEP26,OPTFUT,JEERAUNJHA-OPTFUT,21625200081755,2932,518,150,2,3,10,21626100081459,,2026-09-09T00:00:00,19200,3,JEERAUNJHA 09SEP2026 CE 19200,1,1,JEERAUNJHA09SEP26CE19200FSEP26
NCDEX,82189,2,DHANIYA,DHANIYA10DEC26PE14000FDEC26,OPTFUT,DHANIYA-OPTFUT,21634400082189,602,186,500,1,5,10,21635200081790,,2026-12-10T00:00:00,14000,4,DHANIYA 10DEC2026 PE 14000,1,1,DHANIYA10DEC26PE14000FDEC26
NCDEX,82190,2,TMCFGRNZM,TMCFGRNZM10DEC26CE17800FDEC26,OPTFUT,TMCFGRNZM-OPTFUT,21634400082190,4906,2913,250,1,5,10,21635200081800,,2026-12-10T00:00:00,17800,3,TMCFGRNZM 10DEC2026 CE 17800,1,1,TMCFGRNZM10DEC26CE17800FDEC26
NCDEX,83205,2,JEERAUNJHA,JEERAUNJHA10DEC26CE18000FDEC26,OPTFUT,JEERAUNJHA-OPTFUT,21634400083205,5284,2744,150,2,3,10,21635200082910,,2026-12-10T00:00:00,18000,3,JEERAUNJHA 10DEC2026 CE 18000,1,1,JEERAUNJHA10DEC26CE18000FDEC26
NCDEX,82666,2,GUARGUM5,GUARGUM524DEC26PE9000FJAN27,OPTFUT,GUARGUM5-OPTFUT,21635800082666,5,0.5,250,0.5,5,1,21702000082351,,2026-12-24T00:00:00,9000,4,GUARGUM5 24DEC2026 PE 9000,1,1,GUARGUM524DEC26PE9000FJAN27
NCDEX,81684,2,JEERAUNJHA,JEERAUNJHA09SEP26PE24400FSEP26,OPTFUT,JEERAUNJHA-OPTFUT,21625200081684,4732,2246,150,2,3,10,21626100081459,,2026-09-09T00:00:00,24400,4,JEERAUNJHA 09SEP2026 PE 24400,1,1,JEERAUNJHA09SEP26PE24400FSEP26
NCDEX,81608,2,JEERAUNJHA,JEERAUNJHA09SEP26PE26800FSEP26,OPTFUT,JEERAUNJHA-OPTFUT,21625200081608,7122,4634,150,2,3,1,21626100081459,,2026-09-09T00:00:00,26800,4,JEERAUNJHA 09SEP2026 PE 26800,1,1,JEERAUNJHA09SEP26PE26800FSEP26
NCDEX,81545,2,GUARGUM5,GUARGUM530OCT26CE14600FNOV26,OPTFUT,GUARGUM5-OPTFUT,21630300081545,228.5,17,250,0.5,5,10,21632400081455,,2026-10-30T00:00:00,14600,3,GUARGUM5 30OCT2026 CE 14600,1,1,GUARGUM530OCT26CE14600FNOV26
NCDEX,81692,2,GUARGUM5,GUARGUM530OCT26PE12200FNOV26,OPTFUT,GUARGUM5-OPTFUT,21630300081692,992,265.5,250,0.5,5,10,21632400081455,,2026-10-30T00:00:00,12200,4,GUARGUM5 30OCT2026 PE 12200,1,1,GUARGUM530OCT26PE12200FNOV26
NCDEX,82567,2,JEERAUNJHA,JEERAUNJHA12NOV26PE29600FNOV26,OPTFUT,JEERAUNJHA-OPTFUT,21631600082567,9062,6508,150,2,3,1,21632400082355,,2026-11-12T00:00:00,29600,4,JEERAUNJHA 12NOV2026 PE 29600,1,1,JEERAUNJHA12NOV26PE29600FNOV26
NCDEX,82796,2,TMCFGRNZM,TMCFGRNZM10DEC26CE21800FDEC26,OPTFUT,TMCFGRNZM-OPTFUT,21634400082796,2496,1168,250,1,5,10,21635200081800,,2026-12-10T00:00:00,21800,3,TMCFGRNZM 10DEC2026 CE 21800,1,1,TMCFGRNZM10DEC26CE21800FDEC26
NCDEX,83123,2,DHANIYA,DHANIYA12JAN27PE16700FJAN27,OPTFUT,DHANIYA-OPTFUT,21701200083123,2251,1229,500,1,5,10,21702000082903,,2027-01-12T00:00:00,16700,4,DHANIYA 12JAN2027 PE 16700,1,1,DHANIYA12JAN27PE16700FJAN27
NCDEX,81327,2,TMCFGRNZM,TMCFGRNZM08OCT26PE13000FOCT26,OPTFUT,TMCFGRNZM-OPTFUT,21628100081327,10,1,250,1,5,1,21628900080907,,2026-10-08T00:00:00,13000,4,TMCFGRNZM 08OCT2026 PE 13000,1,1,TMCFGRNZM08OCT26PE13000FOCT26
NCDEX,80792,2,GUARGUM5,GUARGUM528AUG26CE13400FSEP26,OPTFUT,GUARGUM5-OPTFUT,21624000080792,160.5,0.5,250,0.5,5,10,21626100080558,,2026-08-28T00:00:00,13400,3,GUARGUM5 28AUG2026 CE 13400,1,1,GUARGUM528AUG26CE13400FSEP26
NCDEX,81740,2,GUARGUM5,GUARGUM530OCT26PE11200FNOV26,OPTFUT,GUARGUM5-OPTFUT,21630300081740,447.5,68.5,250,0.5,5,10,21632400081455,,2026-10-30T00:00:00,11200,4,GUARGUM5 30OCT2026 PE 11200,1,1,GUARGUM530OCT26PE11200FNOV26
NCDEX,82562,2,JEERAUNJHA,JEERAUNJHA12NOV26CE22000FNOV26,OPTFUT,JEERAUNJHA-OPTFUT,21631600082562,1426,166,150,2,3,10,21632400082355,,2026-11-12T00:00:00,22000,3,JEERAUNJHA 12NOV2026 CE 22000,1,1,JEERAUNJHA12NOV26CE22000FNOV26
NCDEX,81920,2,GUARGUM5,GUARGUM527NOV26PE9200FDEC26,OPTFUT,GUARGUM5-OPTFUT,21633100081920,57,5,250,0.5,5,1,21635200081792,,2026-11-27T00:00:00,9200,4,GUARGUM5 27NOV2026 PE 9200,1,1,GUARGUM527NOV26PE9200FDEC26
NCDEX,82139,2,GUARGUM5,GUARGUM527NOV26PE11000FDEC26,OPTFUT,GUARGUM5-OPTFUT,21633100082139,439,98,250,0.5,5,10,21635200081792,,2026-11-27T00:00:00,11000,4,GUARGUM5 27NOV2026 PE 11000,1,1,GUARGUM527NOV26PE11000FDEC26
NCDEX,82223,2,JEERAUNJHA,JEERAUNJHA09OCT26CE21600FOCT26,OPTFUT,JEERAUNJHA-OPTFUT,21628200082223,1310,88,150,2,3,10,21629200081796,,2026-10-09T00:00:00,21600,3,JEERAUNJHA 09OCT2026 CE 21600,1,1,JEERAUNJHA09OCT26CE21600FOCT26
NCDEX,82768,2,TMCFGRNZM,TMCFGRNZM08OCT26PE21000FOCT26,OPTFUT,TMCFGRNZM-OPTFUT,21628100082768,2096,715,250,1,5,10,21628900080907,,2026-10-08T00:00:00,21000,4,TMCFGRNZM 08OCT2026 PE 21000,1,1,TMCFGRNZM08OCT26PE21000FOCT26
NCDEX,82020,2,JEERAUNJHA,JEERAUNJHA09OCT26PE24800FOCT26,OPTFUT,JEERAUNJHA-OPTFUT,21628200082020,4740,2268,150,2,3,10,21629200081796,,2026-10-09T00:00:00,24800,4,JEERAUNJHA 09OCT2026 PE 24800,1,1,JEERAUNJHA09OCT26PE24800FOCT26
NCDEX,82257,2,DHANIYA,DHANIYA09OCT26CE15300FOCT26,OPTFUT,DHANIYA-OPTFUT,21628200082257,2269,781,500,1,5,10,21629200080896,,2026-10-09T00:00:00,15300,3,DHANIYA 09OCT2026 CE 15300,1,1,DHANIYA09OCT26CE15300FOCT26
NCDEX,82688,2,DHANIYA,DHANIYA10DEC26CE16900FDEC26,OPTFUT,DHANIYA-OPTFUT,21634400082688,1891,771,500,1,5,10,21635200081790,,2026-12-10T00:00:00,16900,3,DHANIYA 10DEC2026 CE 16900,1,1,DHANIYA10DEC26CE16900FDEC26
NCDEX,81020,2,GUARSEED10,GUARSEED1025SEP26CE5500FOCT26,OPTFUT,GUARSEED10-OPTFUT,21626800081020,1190.5,472.5,500,0.5,5,10,21628900080899,,2026-09-25T00:00:00,5500,3,GUARSEED10 25SEP2026 CE 5500,1,1,GUARSEED1025SEP26CE5500FOCT26
NCDEX,82750,2,GUARGUM5,GUARGUM528AUG26CE14600FSEP26,OPTFUT,GUARGUM5-OPTFUT,21624000082750,20,0.5,250,0.5,5,10,21626100080558,,2026-08-28T00:00:00,14600,3,GUARGUM5 28AUG2026 CE 14600,1,1,GUARGUM528AUG26CE14600FSEP26
NCDEX,82266,2,TMCFGRNZM,TMCFGRNZM08OCT26CE19200FOCT26,OPTFUT,TMCFGRNZM-OPTFUT,21628100082266,3233,1286,250,1,5,10,21628900080907,,2026-10-08T00:00:00,19200,3,TMCFGRNZM 08OCT2026 CE 19200,1,1,TMCFGRNZM08OCT26CE19200FOCT26
NCDEX,81673,2,GUARSEED10,GUARSEED1030OCT26CE7400FNOV26,OPTFUT,GUARSEED10-OPTFUT,21630300081673,114.5,8,500,0.5,5,1,21632400081456,,2026-10-30T00:00:00,7400,3,GUARSEED10 30OCT2026 CE 7400,1,1,GUARSEED1030OCT26CE7400FNOV26
NCDEX,81287,2,TMCFGRNZM,TMCFGRNZM08OCT26PE15600FOCT26,OPTFUT,TMCFGRNZM-OPTFUT,21628100081287,99,6,250,1,5,10,21628900080907,,2026-10-08T00:00:00,15600,4,TMCFGRNZM 08OCT2026 PE 15600,1,1,TMCFGRNZM08OCT26PE15600FOCT26
NCDEX,83291,2,GUARGUM5,GUARGUM529JAN27CE14600FFEB27,OPTFUT,GUARGUM5-OPTFUT,21702900083291,795,217.5,250,0.5,5,10,21705000082905,,2027-01-29T00:00:00,14600,3,GUARGUM5 29JAN2027 CE 14600,1,1,GUARGUM529JAN27CE14600FFEB27
NCDEX,81696,2,GUARSEED10,GUARSEED1030OCT26CE6700FNOV26,OPTFUT,GUARSEED10-OPTFUT,21630300081696,340,53.5,500,0.5,5,10,21632400081456,,2026-10-30T00:00:00,6700,3,GUARSEED10 30OCT2026 CE 6700,1,1,GUARSEED1030OCT26CE6700FNOV26
NCDEX,80755,2,GUARSEED10,GUARSEED1028AUG26CE5300FSEP26,OPTFUT,GUARSEED10-OPTFUT,21624000080755,1304.5,559,500,0.5,5,10,21626100080559,,2026-08-28T00:00:00,5300,3,GUARSEED10 28AUG2026 CE 5300,1,1,GUARSEED1028AUG26CE5300FSEP26
NCDEX,82655,2,GUARGUM5,GUARGUM524DEC26CE16200FJAN27,OPTFUT,GUARGUM5-OPTFUT,21635800082655,173,11.5,250,0.5,5,1,21702000082351,,2026-12-24T00:00:00,16200,3,GUARGUM5 24DEC2026 CE 16200,1,1,GUARGUM524DEC26CE16200FJAN27
NCDEX,81145,2,GUARGUM5,GUARGUM525SEP26CE11400FOCT26,OPTFUT,GUARGUM5-OPTFUT,21626800081145,1533,354,250,0.5,5,10,21628900080898,,2026-09-25T00:00:00,11400,3,GUARGUM5 25SEP2026 CE 11400,1,1,GUARGUM525SEP26CE11400FOCT26
NCDEX,82609,2,GUARGUM5,GUARGUM524DEC26PE11800FJAN27,OPTFUT,GUARGUM5-OPTFUT,21635800082609,362.5,50,250,0.5,5,10,21702000082351,,2026-12-24T00:00:00,11800,4,GUARGUM5 24DEC2026 PE 11800,1,1,GUARGUM524DEC26PE11800FJAN27
NCDEX,82145,2,GUARSEED10,GUARSEED1027NOV26CE7000FDEC26,OPTFUT,GUARSEED10-OPTFUT,21633100082145,272.5,49.5,500,0.5,5,10,21635200081793,,2026-11-27T00:00:00,7000,3,GUARSEED10 27NOV2026 CE 7000,1,1,GUARSEED1027NOV26CE7000FDEC26
NCDEX,82133,2,GUARSEED10,GUARSEED1027NOV26CE4900FDEC26,OPTFUT,GUARSEED10-OPTFUT,21633100082133,1764,1044,500,0.5,5,1,21635200081793,,2026-11-27T00:00:00,4900,3,GUARSEED10 27NOV2026 CE 4900,1,1,GUARSEED1027NOV26CE4900FDEC26
NCDEX,82752,2,TMCFGRNZM,TMCFGRNZM08OCT26CE20400FOCT26,OPTFUT,TMCFGRNZM-OPTFUT,21628100082752,2371,755,250,1,5,10,21628900080907,,2026-10-08T00:00:00,20400,3,TMCFGRNZM 08OCT2026 CE 20400,1,1,TMCFGRNZM08OCT26CE20400FOCT26
NCDEX,82047,2,DHANIYA,DHANIYA10DEC26PE12900FDEC26,OPTFUT,DHANIYA-OPTFUT,21634400082047,305,74,500,1,5,10,21635200081790,,2026-12-10T00:00:00,12900,4,DHANIYA 10DEC2026 PE 12900,1,1,DHANIYA10DEC26PE12900FDEC26
NCDEX,82564,2,JEERAUNJHA,JEERAUNJHA12NOV26PE23200FNOV26,OPTFUT,JEERAUNJHA-OPTFUT,21631600082564,2856,858,150,2,3,10,21632400082355,,2026-11-12T00:00:00,23200,4,JEERAUNJHA 12NOV2026 PE 23200,1,1,JEERAUNJHA12NOV26PE23200FNOV26
NCDEX,81087,2,GUARGUM5,GUARGUM525SEP26CE13800FOCT26,OPTFUT,GUARGUM5-OPTFUT,21626800081087,202.5,2.5,250,0.5,5,10,21628900080898,,2026-09-25T00:00:00,13800,3,GUARGUM5 25SEP2026 CE 13800,1,1,GUARGUM525SEP26CE13800FOCT26
NCDEX,81908,2,GUARGUM5,GUARGUM527NOV26PE15400FDEC26,OPTFUT,GUARGUM5-OPTFUT,21633100081908,3614.5,2278,250,0.5,5,1,21635200081792,,2026-11-27T00:00:00,15400,4,GUARGUM5 27NOV2026 PE 15400,1,1,GUARGUM527NOV26PE15400FDEC26
NCDEX,82137,2,TMCFGRNZM,TMCFGRNZM10DEC26PE14800FDEC26,OPTFUT,TMCFGRNZM-OPTFUT,21634400082137,323,101,250,1,5,10,21635200081800,,2026-12-10T00:00:00,14800,4,TMCFGRNZM 10DEC2026 PE 14800,1,1,TMCFGRNZM10DEC26PE14800FDEC26
NCDEX,83002,2,GUARGUM5,GUARGUM529JAN27PE16000FFEB27,OPTFUT,GUARGUM5-OPTFUT,21702900083002,3465.5,2144,250,0.5,5,1,21705000082905,,2027-01-29T00:00:00,16000,4,GUARGUM5 29JAN2027 PE 16000,1,1,GUARGUM529JAN27PE16000FFEB27
NCDEX,83179,2,GUARGUM5,GUARGUM529JAN27CE12000FFEB27,OPTFUT,GUARGUM5-OPTFUT,21702900083179,2283.5,1075,250,0.5,5,10,21705000082905,,2027-01-29T00:00:00,12000,3,GUARGUM5 29JAN2027 CE 12000,1,1,GUARGUM529JAN27CE12000FFEB27
NCDEX,81299,2,GUARGUM5,GUARGUM525SEP26PE9600FOCT26,OPTFUT,GUARGUM5-OPTFUT,21626800081299,20,0.5,250,0.5,5,10,21628900080898,,2026-09-25T00:00:00,9600,4,GUARGUM5 25SEP2026 PE 9600,1,1,GUARGUM525SEP26PE9600FOCT26
NCDEX,83169,2,GUARGUM5,GUARGUM529JAN27CE10600FFEB27,OPTFUT,GUARGUM5-OPTFUT,21702900083169,3456,2018.5,250,0.5,5,1,21705000082905,,2027-01-29T00:00:00,10600,3,GUARGUM5 29JAN2027 CE 10600,1,1,GUARGUM529JAN27CE10600FFEB27
NCDEX,82710,2,DHANIYA,DHANIYA10DEC26CE16700FDEC26,OPTFUT,DHANIYA-OPTFUT,21634400082710,1999,836,500,1,5,10,21635200081790,,2026-12-10T00:00:00,16700,3,DHANIYA 10DEC2026 CE 16700,1,1,DHANIYA10DEC26CE16700FDEC26
NCDEX,81914,2,TMCFGRNZM,TMCFGRNZM10DEC26CE15400FDEC26,OPTFUT,TMCFGRNZM-OPTFUT,21634400081914,6849,4576,250,1,5,10,21635200081800,,2026-12-10T00:00:00,15400,3,TMCFGRNZM 10DEC2026 CE 15400,1,1,TMCFGRNZM10DEC26CE15400FDEC26
NCDEX,82142,2,TMCFGRNZM,TMCFGRNZM10DEC26PE17800FDEC26,OPTFUT,TMCFGRNZM-OPTFUT,21634400082142,1159,509,250,1,5,10,21635200081800,,2026-12-10T00:00:00,17800,4,TMCFGRNZM 10DEC2026 PE 17800,1,1,TMCFGRNZM10DEC26PE17800FDEC26
NCDEX,82323,2,DHANIYA,DHANIYA09OCT26CE16800FOCT26,OPTFUT,DHANIYA-OPTFUT,21628200082323,1247,263,500,1,5,10,21629200080896,,2026-10-09T00:00:00,16800,3,DHANIYA 09OCT2026 CE 16800,1,1,DHANIYA09OCT26CE16800FOCT26
NCDEX,82450,2,JEERAUNJHA,JEERAUNJHA12NOV26PE27200FNOV26,OPTFUT,JEERAUNJHA-OPTFUT,21631600082450,6702,4162,150,2,3,1,21632400082355,,2026-11-12T00:00:00,27200,4,JEERAUNJHA 12NOV2026 PE 27200,1,1,JEERAUNJHA12NOV26PE27200FNOV26
NCDEX,83204,2,DHANIYA,DHANIYA12JAN27PE18100FJAN27,OPTFUT,DHANIYA-OPTFUT,21701200083204,3243,1975,500,1,5,10,21702000082903,,2027-01-12T00:00:00,18100,4,DHANIYA 12JAN2027 PE 18100,1,1,DHANIYA12JAN27PE18100FJAN27
NCDEX,81710,2,GUARSEED10,GUARSEED1030OCT26CE5300FNOV26,OPTFUT,GUARSEED10-OPTFUT,21630300081710,1384.5,682,500,0.5,5,10,21632400081456,,2026-10-30T00:00:00,5300,3,GUARSEED10 30OCT2026 CE 5300,1,1,GUARSEED1030OCT26CE5300FNOV26
NCDEX,81651,2,GUARGUM5,GUARGUM530OCT26CE11000FNOV26,OPTFUT,GUARGUM5-OPTFUT,21630300081651,2126.5,878.5,250,0.5,5,10,21632400081455,,2026-10-30T00:00:00,11000,3,GUARGUM5 30OCT2026 CE 11000,1,1,GUARGUM530OCT26CE11000FNOV26
NCDEX,82685,2,DHANIYA,DHANIYA10DEC26CE16300FDEC26,OPTFUT,DHANIYA-OPTFUT,21634400082685,2227,978,500,1,5,10,21635200081790,,2026-12-10T00:00:00,16300,3,DHANIYA 10DEC2026 CE 16300,1,1,DHANIYA10DEC26CE16300FDEC26
NCDEX,83232,2,DHANIYA,DHANIYA12JAN27CE16600FJAN27,OPTFUT,DHANIYA-OPTFUT,21701200083232,2027,928,500,1,5,10,21702000082903,,2027-01-12T00:00:00,16600,3,DHANIYA 12JAN2027 CE 16600,1,1,DHANIYA12JAN27CE16600FJAN27
NCDEX,80743,2,GUARGUM5,GUARGUM528AUG26PE13800FSEP26,OPTFUT,GUARGUM5-OPTFUT,21624000080743,2556.5,1125.5,250,0.5,5,10,21626100080558,,2026-08-28T00:00:00,13800,4,GUARGUM5 28AUG2026 PE 13800,1,1,GUARGUM528AUG26PE13800FSEP26
NCDEX,83065,2,DHANIYA,DHANIYA12JAN27CE17700FJAN27,OPTFUT,DHANIYA-OPTFUT,21701200083065,1524,627,500,1,5,10,21702000082903,,2027-01-12T00:00:00,17700,3,DHANIYA 12JAN2027 CE 17700,1,1,DHANIYA12JAN27CE17700FJAN27
NCDEX,82166,2,DHANIYA,DHANIYA10DEC26CE13300FDEC26,OPTFUT,DHANIYA-OPTFUT,21634400082166,4442,2667,500,1,5,10,21635200081790,,2026-12-10T00:00:00,13300,3,DHANIYA 10DEC2026 CE 13300,1,1,DHANIYA10DEC26CE13300FDEC26
NCDEX,83289,2,JEERAUNJHA,JEERAUNJHA10DEC26PE25200FDEC26,OPTFUT,JEERAUNJHA-OPTFUT,21634400083289,4370,2020,150,2,3,10,21635200082910,,2026-12-10T00:00:00,25200,4,JEERAUNJHA 10DEC2026 PE 25200,1,1,JEERAUNJHA10DEC26PE25200FDEC26
NCDEX,82671,2,GUARGUM5,GUARGUM524DEC26PE15200FJAN27,OPTFUT,GUARGUM5-OPTFUT,21635800082671,2679,1349.5,250,0.5,5,10,21702000082351,,2026-12-24T00:00:00,15200,4,GUARGUM5 24DEC2026 PE 15200,1,1,GUARGUM524DEC26PE15200FJAN27
NCDEX,81980,2,TMCFGRNZM,TMCFGRNZM10DEC26PE14000FDEC26,OPTFUT,TMCFGRNZM-OPTFUT,21634400081980,206,57,250,1,5,1,21635200081800,,2026-12-10T00:00:00,14000,4,TMCFGRNZM 10DEC2026 PE 14000,1,1,TMCFGRNZM10DEC26PE14000FDEC26
NCDEX,81126,2,GUARSEED10,GUARSEED1025SEP26CE4800FOCT26,OPTFUT,GUARSEED10-OPTFUT,21626800081126,1879,1129,500,0.5,5,1,21628900080899,,2026-09-25T00:00:00,4800,3,GUARSEED10 25SEP2026 CE 4800,1,1,GUARSEED1025SEP26CE4800FOCT26
NCDEX,80812,2,GUARGUM5,GUARGUM528AUG26PE7200FSEP26,OPTFUT,GUARGUM5-OPTFUT,21624000080812,5,0.5,250,0.5,5,1,21626100080558,,2026-08-28T00:00:00,7200,4,GUARGUM5 28AUG2026 PE 7200,1,1,GUARGUM528AUG26PE7200FSEP26
NCDEX,82194,2,DHANIYA,DHANIYA10DEC26PE11800FDEC26,OPTFUT,DHANIYA-OPTFUT,21634400082194,130,23,500,1,5,1,21635200081790,,2026-12-10T00:00:00,11800,4,DHANIYA 10DEC2026 PE 11800,1,1,DHANIYA10DEC26PE11800FDEC26
NCDEX,83147,2,GUARGUM5,GUARGUM529JAN27PE14200FFEB27,OPTFUT,GUARGUM5-OPTFUT,21702900083147,1964.5,960,250,0.5,5,10,21705000082905,,2027-01-29T00:00:00,14200,4,GUARGUM5 29JAN2027 PE 14200,1,1,GUARGUM529JAN27PE14200FFEB27
NCDEX,80830,2,GUARGUM5,GUARGUM528AUG26PE10800FSEP26,OPTFUT,GUARGUM5-OPTFUT,21624000080830,185.5,0.5,250,0.5,5,10,21626100080558,,2026-08-28T00:00:00,10800,4,GUARGUM5 28AUG2026 PE 10800,1,1,GUARGUM528AUG26PE10800FSEP26
NCDEX,82116,2,JEERAUNJHA,JEERAUNJHA09OCT26CE25600FOCT26,OPTFUT,JEERAUNJHA-OPTFUT,21628200082116,58,2,150,2,3,10,21629200081796,,2026-10-09T00:00:00,25600,3,JEERAUNJHA 09OCT2026 CE 25600,1,1,JEERAUNJHA09OCT26CE25600FOCT26
NCDEX,81322,2,DHANIYA,DHANIYA09OCT26CE13000FOCT26,OPTFUT,DHANIYA-OPTFUT,21628200081322,4340,2442,500,1,5,10,21629200080896,,2026-10-09T00:00:00,13000,3,DHANIYA 09OCT2026 CE 13000,1,1,DHANIYA09OCT26CE13000FOCT26
NCDEX,82712,2,DHANIYA,DHANIYA09OCT26CE17400FOCT26,OPTFUT,DHANIYA-OPTFUT,21628200082712,939,158,500,1,5,10,21629200080896,,2026-10-09T00:00:00,17400,3,DHANIYA 09OCT2026 CE 17400,1,1,DHANIYA09OCT26CE17400FOCT26
NCDEX,82615,2,GUARSEED10,GUARSEED1024DEC26CE6000FJAN27,OPTFUT,GUARSEED10-OPTFUT,21635800082615,844,341.5,500,0.5,5,10,21702000082352,,2026-12-24T00:00:00,6000,3,GUARSEED10 24DEC2026 CE 6000,1,1,GUARSEED1024DEC26CE6000FJAN27
NCDEX,81609,2,GUARSEED10,GUARSEED1030OCT26PE5800FNOV26,OPTFUT,GUARSEED10-OPTFUT,21630300081609,238.5,36,500,0.5,5,10,21632400081456,,2026-10-30T00:00:00,5800,4,GUARSEED10 30OCT2026 PE 5800,1,1,GUARSEED1030OCT26PE5800FNOV26
NCDEX,82616,2,GUARGUM5,GUARGUM524DEC26CE14000FJAN27,OPTFUT,GUARGUM5-OPTFUT,21635800082616,818,157.5,250,0.5,5,10,21702000082351,,2026-12-24T00:00:00,14000,3,GUARGUM5 24DEC2026 CE 14000,1,1,GUARGUM524DEC26CE14000FJAN27
NCDEX,82235,2,DHANIYA,DHANIYA09OCT26CE15200FOCT26,OPTFUT,DHANIYA-OPTFUT,21628200082235,2349,831,500,1,5,10,21629200080896,,2026-10-09T00:00:00,15200,3,DHANIYA 09OCT2026 CE 15200,1,1,DHANIYA09OCT26CE15200FOCT26
NCDEX,81633,2,GUARSEED10,GUARSEED1030OCT26PE4600FNOV26,OPTFUT,GUARSEED10-OPTFUT,21630300081633,6,0.5,500,0.5,5,1,21632400081456,,2026-10-30T00:00:00,4600,4,GUARSEED10 30OCT2026 PE 4600,1,1,GUARSEED1030OCT26PE4600FNOV26
NCDEX,81109,2,GUARGUM5,GUARGUM525SEP26CE11000FOCT26,OPTFUT,GUARGUM5-OPTFUT,21626800081109,1891.5,585.5,250,0.5,5,10,21628900080898,,2026-09-25T00:00:00,11000,3,GUARGUM5 25SEP2026 CE 11000,1,1,GUARGUM525SEP26CE11000FOCT26
NCDEX,81281,2,GUARSEED10,GUARSEED1025SEP26PE4700FOCT26,OPTFUT,GUARSEED10-OPTFUT,21626800081281,5,0.5,500,0.5,5,1,21628900080899,,2026-09-25T00:00:00,4700,4,GUARSEED10 25SEP2026 PE 4700,1,1,GUARSEED1025SEP26PE4700FOCT26
NCDEX,83030,2,GUARSEED10,GUARSEED1029JAN27CE6700FFEB27,OPTFUT,GUARSEED10-OPTFUT,21702900083030,411,109,500,0.5,5,10,21705000082907,,2027-01-29T00:00:00,6700,3,GUARSEED10 29JAN2027 CE 6700,1,1,GUARSEED1029JAN27CE6700FFEB27
NCDEX,81445,2,DHANIYA,DHANIYA09OCT26CE13900FOCT26,OPTFUT,DHANIYA-OPTFUT,21628200081445,3484,1680,500,1,5,10,21629200080896,,2026-10-09T00:00:00,13900,3,DHANIYA 09OCT2026 CE 13900,1,1,DHANIYA09OCT26CE13900FOCT26
NCDEX,83086,2,GUARGUM5,GUARGUM529JAN27CE17200FFEB27,OPTFUT,GUARGUM5-OPTFUT,21702900083086,196,28,250,0.5,5,1,21705000082905,,2027-01-29T00:00:00,17200,3,GUARGUM5 29JAN2027 CE 17200,1,1,GUARGUM529JAN27CE17200FFEB27
NCDEX,82316,2,DHANIYA,DHANIYA09OCT26CE16500FOCT26,OPTFUT,DHANIYA-OPTFUT,21628200082316,1423,334,500,1,5,10,21629200080896,,2026-10-09T00:00:00,16500,3,DHANIYA 09OCT2026 CE 16500,1,1,DHANIYA09OCT26CE16500FOCT26
NCDEX,81997,2,DHANIYA,DHANIYA10DEC26PE11500FDEC26,OPTFUT,DHANIYA-OPTFUT,21634400081997,99,16,500,1,5,1,21635200081790,,2026-12-10T00:00:00,11500,4,DHANIYA 10DEC2026 PE 11500,1,1,DHANIYA10DEC26PE11500FDEC26
NCDEX,83121,2,GUARGUM5,GUARGUM529JAN27PE13800FFEB27,OPTFUT,GUARGUM5-OPTFUT,21702900083121,1671,761.5,250,0.5,5,10,21705000082905,,2027-01-29T00:00:00,13800,4,GUARGUM5 29JAN2027 PE 13800,1,1,GUARGUM529JAN27PE13800FFEB27
NCDEX,82508,2,GUARSEED10,GUARSEED1024DEC26PE5000FJAN27,OPTFUT,GUARSEED10-OPTFUT,21635800082508,76,12.5,500,0.5,5,1,21702000082352,,2026-12-24T00:00:00,5000,4,GUARSEED10 24DEC2026 PE 5000,1,1,GUARSEED1024DEC26PE5000FJAN27
NCDEX,82240,2,DHANIYA,DHANIYA09OCT26PE14900FOCT26,OPTFUT,DHANIYA-OPTFUT,21628200082240,605,91,500,1,5,10,21629200080896,,2026-10-09T00:00:00,14900,4,DHANIYA 09OCT2026 PE 14900,1,1,DHANIYA09OCT26PE14900FOCT26
NCDEX,82502,2,JEERAUNJHA,JEERAUNJHA12NOV26PE15200FNOV26,OPTFUT,JEERAUNJHA-OPTFUT,21631600082502,20,2,150,2,3,1,21632400082355,,2026-11-12T00:00:00,15200,4,JEERAUNJHA 12NOV2026 PE 15200,1,1,JEERAUNJHA12NOV26PE15200FNOV26
NCDEX,81203,2,DHANIYA,DHANIYA09OCT26PE11300FOCT26,OPTFUT,DHANIYA-OPTFUT,21628200081203,10,1,500,1,5,10,21629200080896,,2026-10-09T00:00:00,11300,4,DHANIYA 09OCT2026 PE 11300,1,1,DHANIYA09OCT26PE11300FOCT26
NCDEX,82551,2,JEERAUNJHA,JEERAUNJHA12NOV26CE19200FNOV26,OPTFUT,JEERAUNJHA-OPTFUT,21631600082551,3746,1386,150,2,3,10,21632400082355,,2026-11-12T00:00:00,19200,3,JEERAUNJHA 12NOV2026 CE 19200,1,1,JEERAUNJHA12NOV26CE19200FNOV26
NCDEX,81663,2,GUARGUM5,GUARGUM530OCT26CE7800FNOV26,OPTFUT,GUARGUM5-OPTFUT,21630300081663,5197.5,3740.5,250,0.5,5,1,21632400081455,,2026-10-30T00:00:00,7800,3,GUARGUM5 30OCT2026 CE 7800,1,1,GUARGUM530OCT26CE7800FNOV26
NCDEX,82488,2,JEERAUNJHA,JEERAUNJHA12NOV26PE20000FNOV26,OPTFUT,JEERAUNJHA-OPTFUT,21631600082488,594,34,150,2,3,10,21632400082355,,2026-11-12T00:00:00,20000,4,JEERAUNJHA 12NOV2026 PE 20000,1,1,JEERAUNJHA12NOV26PE20000FNOV26
NCDEX,83161,2,DHANIYA,DHANIYA12JAN27PE17200FJAN27,OPTFUT,DHANIYA-OPTFUT,21701200083161,2589,1474,500,1,5,10,21702000082903,,2027-01-12T00:00:00,17200,4,DHANIYA 12JAN2027 PE 17200,1,1,DHANIYA12JAN27PE17200FJAN27
NCDEX,83287,2,GUARGUM5,GUARGUM529JAN27CE11600FFEB27,OPTFUT,GUARGUM5-OPTFUT,21702900083287,2598,1309,250,0.5,5,10,21705000082905,,2027-01-29T00:00:00,11600,3,GUARGUM5 29JAN2027 CE 11600,1,1,GUARGUM529JAN27CE11600FFEB27
NCDEX,82667,2,GUARSEED10,GUARSEED1024DEC26CE4900FJAN27,OPTFUT,GUARSEED10-OPTFUT,21635800082667,1760.5,1058,500,0.5,5,1,21702000082352,,2026-12-24T00:00:00,4900,3,GUARSEED10 24DEC2026 CE 4900,1,1,GUARSEED1024DEC26CE4900FJAN27
NCDEX,82574,2,GUARSEED10,GUARSEED1024DEC26CE6800FJAN27,OPTFUT,GUARSEED10-OPTFUT,21635800082574,400.5,109.5,500,0.5,5,10,21702000082352,,2026-12-24T00:00:00,6800,3,GUARSEED10 24DEC2026 CE 6800,1,1,GUARSEED1024DEC26CE6800FJAN27
NCDEX,81913,2,GUARGUM5,GUARGUM527NOV26CE16400FDEC26,OPTFUT,GUARGUM5-OPTFUT,21633100081913,126,11.5,250,0.5,5,1,21635200081792,,2026-11-27T00:00:00,16400,3,GUARGUM5 27NOV2026 CE 16400,1,1,GUARGUM527NOV26CE16400FDEC26
NCDEX,83052,2,GUARGUM5,GUARGUM529JAN27CE9400FFEB27,OPTFUT,GUARGUM5-OPTFUT,21702900083052,4571.5,3050.5,250,0.5,5,1,21705000082905,,2027-01-29T00:00:00,9400,3,GUARGUM5 29JAN2027 CE 9400,1,1,GUARGUM529JAN27CE9400FFEB27
NCDEX,82586,2,JEERAUNJHA,JEERAUNJHA12NOV26PE25200FNOV26,OPTFUT,JEERAUNJHA-OPTFUT,21631600082586,4746,2310,150,2,3,10,21632400082355,,2026-11-12T00:00:00,25200,4,JEERAUNJHA 12NOV2026 PE 25200,1,1,JEERAUNJHA12NOV26PE25200FNOV26
NCDEX,81670,2,GUARGUM5,GUARGUM530OCT26CE11400FNOV26,OPTFUT,GUARGUM5-OPTFUT,21630300081670,1791,646.5,250,0.5,5,10,21632400081455,,2026-10-30T00:00:00,11400,3,GUARGUM5 30OCT2026 CE 11400,1,1,GUARGUM530OCT26CE11400FNOV26
NCDEX,80750,2,GUARSEED10,GUARSEED1028AUG26CE5600FSEP26,OPTFUT,GUARSEED10-OPTFUT,21624000080750,1007,267.5,500,0.5,5,10,21626100080559,,2026-08-28T00:00:00,5600,3,GUARSEED10 28AUG2026 CE 5600,1,1,GUARSEED1028AUG26CE5600FSEP26
NCDEX,81062,2,GUARSEED10,GUARSEED1025SEP26PE7500FOCT26,OPTFUT,GUARSEED10-OPTFUT,21626800081062,1553.5,819,500,0.5,5,1,21628900080899,,2026-09-25T00:00:00,7500,4,GUARSEED10 25SEP2026 PE 7500,1,1,GUARSEED1025SEP26PE7500FOCT26
NCDEX,82520,2,JEERAUNJHA,JEERAUNJHA12NOV26CE14400FNOV26,OPTFUT,JEERAUNJHA-OPTFUT,21631600082520,8442,5888,150,2,3,1,21632400082355,,2026-11-12T00:00:00,14400,3,JEERAUNJHA 12NOV2026 CE 14400,1,1,JEERAUNJHA12NOV26CE14400FNOV26
NCDEX,81635,2,GUARGUM5,GUARGUM530OCT26PE13600FNOV26,OPTFUT,GUARGUM5-OPTFUT,21630300081635,2085.5,928,250,0.5,5,10,21632400081455,,2026-10-30T00:00:00,13600,4,GUARGUM5 30OCT2026 PE 13600,1,1,GUARGUM530OCT26PE13600FNOV26
NCDEX,83109,2,JEERAUNJHA,JEERAUNJHA10DEC26CE23600FDEC26,OPTFUT,JEERAUNJHA-OPTFUT,21634400083109,870,74,150,2,3,10,21635200082910,,2026-12-10T00:00:00,23600,3,JEERAUNJHA 10DEC2026 CE 23600,1,1,JEERAUNJHA10DEC26CE23600FDEC26
NCDEX,82021,2,JEERAUNJHA,JEERAUNJHA09OCT26PE24000FOCT26,OPTFUT,JEERAUNJHA-OPTFUT,21628200082021,3954,1568,150,2,3,10,21629200081796,,2026-10-09T00:00:00,24000,4,JEERAUNJHA 09OCT2026 PE 24000,1,1,JEERAUNJHA09OCT26PE24000FOCT26
NCDEX,83231,2,JEERAUNJHA,JEERAUNJHA10DEC26CE28400FDEC26,OPTFUT,JEERAUNJHA-OPTFUT,21634400083231,34,2,150,2,3,1,21635200082910,,2026-12-10T00:00:00,28400,3,JEERAUNJHA 10DEC2026 CE 28400,1,1,JEERAUNJHA10DEC26CE28400FDEC26
NCDEX,80826,2,GUARGUM5,GUARGUM528AUG26PE6800FSEP26,OPTFUT,GUARGUM5-OPTFUT,21624000080826,5,0.5,250,0.5,5,1,21626100080558,,2026-08-28T00:00:00,6800,4,GUARGUM5 28AUG2026 PE 6800,1,1,GUARGUM528AUG26PE6800FSEP26
NCDEX,81434,2,DHANIYA,DHANIYA09OCT26PE13600FOCT26,OPTFUT,DHANIYA-OPTFUT,21628200081434,201,14,500,1,5,10,21629200080896,,2026-10-09T00:00:00,13600,4,DHANIYA 09OCT2026 PE 13600,1,1,DHANIYA09OCT26PE13600FOCT26
NCDEX,82673,2,JEERAUNJHA,JEERAUNJHA12NOV26PE16000FNOV26,OPTFUT,JEERAUNJHA-OPTFUT,21631600082673,20,2,150,2,3,1,21632400082355,,2026-11-12T00:00:00,16000,4,JEERAUNJHA 12NOV2026 PE 16000,1,1,JEERAUNJHA12NOV26PE16000FNOV26
NCDEX,81661,2,GUARGUM5,GUARGUM530OCT26CE12400FNOV26,OPTFUT,GUARGUM5-OPTFUT,21630300081661,1075.5,258,250,0.5,5,10,21632400081455,,2026-10-30T00:00:00,12400,3,GUARGUM5 30OCT2026 CE 12400,1,1,GUARGUM530OCT26CE12400FNOV26
NCDEX,82729,2,DHANIYA,DHANIYA10DEC26PE17500FDEC26,OPTFUT,DHANIYA-OPTFUT,21634400082729,2465,1285,500,1,5,10,21635200081790,,2026-12-10T00:00:00,17500,4,DHANIYA 10DEC2026 PE 17500,1,1,DHANIYA10DEC26PE17500FDEC26
NCDEX,82693,2,DHANIYA,DHANIYA10DEC26PE16800FDEC26,OPTFUT,DHANIYA-OPTFUT,21634400082693,1988,958,500,1,5,10,21635200081790,,2026-12-10T00:00:00,16800,4,DHANIYA 10DEC2026 PE 16800,1,1,DHANIYA10DEC26PE16800FDEC26
NCDEX,81115,2,GUARSEED10,GUARSEED1025SEP26CE5600FOCT26,OPTFUT,GUARSEED10-OPTFUT,21626800081115,1095,393.5,500,0.5,5,10,21628900080899,,2026-09-25T00:00:00,5600,3,GUARSEED10 25SEP2026 CE 5600,1,1,GUARSEED1025SEP26CE5600FOCT26
NCDEX,81718,2,GUARSEED10,GUARSEED1030OCT26CE7100FNOV26,OPTFUT,GUARSEED10-OPTFUT,21630300081718,188.5,19,500,0.5,5,10,21632400081456,,2026-10-30T00:00:00,7100,3,GUARSEED10 30OCT2026 CE 7100,1,1,GUARSEED1030OCT26CE7100FNOV26
NCDEX,81900,2,GUARSEED10,GUARSEED1027NOV26CE7600FDEC26,OPTFUT,GUARSEED10-OPTFUT,21633100081900,118.5,13.5,500,0.5,5,1,21635200081793,,2026-11-27T00:00:00,7600,3,GUARSEED10 27NOV2026 CE 7600,1,1,GUARSEED1027NOV26CE7600FDEC26
NCDEX,82633,2,JEERAUNJHA,JEERAUNJHA12NOV26PE15600FNOV26,OPTFUT,JEERAUNJHA-OPTFUT,21631600082633,20,2,150,2,3,1,21632400082355,,2026-11-12T00:00:00,15600,4,JEERAUNJHA 12NOV2026 PE 15600,1,1,JEERAUNJHA12NOV26PE15600FNOV26
NCDEX,82067,2,GUARSEED10,GUARSEED1027NOV26CE7400FDEC26,OPTFUT,GUARSEED10-OPTFUT,21633100082067,159,21,500,0.5,5,1,21635200081793,,2026-11-27T00:00:00,7400,3,GUARSEED10 27NOV2026 CE 7400,1,1,GUARSEED1027NOV26CE7400FDEC26
NCDEX,81592,2,GUARGUM5,GUARGUM530OCT26PE13000FNOV26,OPTFUT,GUARGUM5-OPTFUT,21630300081592,1580.5,584.5,250,0.5,5,10,21632400081455,,2026-10-30T00:00:00,13000,4,GUARGUM5 30OCT2026 PE 13000,1,1,GUARGUM530OCT26PE13000FNOV26
NCDEX,82702,2,DHANIYA,DHANIYA10DEC26CE16400FDEC26,OPTFUT,DHANIYA-OPTFUT,21634400082702,2168,941,500,1,5,10,21635200081790,,2026-12-10T00:00:00,16400,3,DHANIYA 10DEC2026 CE 16400,1,1,DHANIYA10DEC26CE16400FDEC26
NCDEX,82509,2,GUARSEED10,GUARSEED1024DEC26CE4700FJAN27,OPTFUT,GUARSEED10-OPTFUT,21635800082509,1949.5,1232.5,500,0.5,5,1,21702000082352,,2026-12-24T00:00:00,4700,3,GUARSEED10 24DEC2026 CE 4700,1,1,GUARSEED1024DEC26CE4700FJAN27
NCDEX,82590,2,GUARGUM5,GUARGUM524DEC26CE10400FJAN27,OPTFUT,GUARGUM5-OPTFUT,21635800082590,3633.5,2108,250,0.5,5,10,21702000082351,,2026-12-24T00:00:00,10400,3,GUARGUM5 24DEC2026 CE 10400,1,1,GUARGUM524DEC26CE10400FJAN27
NCDEX,81257,2,DHANIYA,DHANIYA09OCT26PE10700FOCT26,OPTFUT,DHANIYA-OPTFUT,21628200081257,10,1,500,1,5,1,21629200080896,,2026-10-09T00:00:00,10700,4,DHANIYA 09OCT2026 PE 10700,1,1,DHANIYA09OCT26PE10700FOCT26
NCDEX,83036,2,GUARSEED10,GUARSEED1029JAN27CE6000FFEB27,OPTFUT,GUARSEED10-OPTFUT,21702900083036,815,316,500,0.5,5,10,21705000082907,,2027-01-29T00:00:00,6000,3,GUARSEED10 29JAN2027 CE 6000,1,1,GUARSEED1029JAN27CE6000FFEB27
NCDEX,82739,2,TMCFGRNZM,TMCFGRNZM10DEC26CE20800FDEC26,OPTFUT,TMCFGRNZM-OPTFUT,21634400082739,2994,1493,250,1,5,10,21635200081800,,2026-12-10T00:00:00,20800,3,TMCFGRNZM 10DEC2026 CE 20800,1,1,TMCFGRNZM10DEC26CE20800FDEC26
NCDEX,81697,2,JEERAUNJHA,JEERAUNJHA09SEP26PE29200FSEP26,OPTFUT,JEERAUNJHA-OPTFUT,21625200081697,9510,7024,150,2,3,1,21626100081459,,2026-09-09T00:00:00,29200,4,JEERAUNJHA 09SEP2026 PE 29200,1,1,JEERAUNJHA09SEP26PE29200FSEP26
NCDEX,81909,2,GUARGUM5,GUARGUM527NOV26CE13600FDEC26,OPTFUT,GUARGUM5-OPTFUT,21633100081909,741.5,177.5,250,0.5,5,10,21635200081792,,2026-11-27T00:00:00,13600,3,GUARGUM5 27NOV2026 CE 13600,1,1,GUARGUM527NOV26CE13600FDEC26
NCDEX,83088,2,GUARGUM5,GUARGUM529JAN27PE10800FFEB27,OPTFUT,GUARGUM5-OPTFUT,21702900083088,242,48.5,250,0.5,5,1,21705000082905,,2027-01-29T00:00:00,10800,4,GUARGUM5 29JAN2027 PE 10800,1,1,GUARGUM529JAN27PE10800FFEB27
NCDEX,81615,2,JEERAUNJHA,JEERAUNJHA09SEP26CE26000FSEP26,OPTFUT,JEERAUNJHA-OPTFUT,21625200081615,20,2,150,2,3,1,21626100081459,,2026-09-09T00:00:00,26000,3,JEERAUNJHA 09SEP2026 CE 26000,1,1,JEERAUNJHA09SEP26CE26000FSEP26
NCDEX,81333,2,DHANIYA,DHANIYA09OCT26PE12000FOCT26,OPTFUT,DHANIYA-OPTFUT,21628200081333,26,1,500,1,5,10,21629200080896,,2026-10-09T00:00:00,12000,4,DHANIYA 09OCT2026 PE 12000,1,1,DHANIYA09OCT26PE12000FOCT26
NCDEX,82313,2,DHANIYA,DHANIYA09OCT26PE16900FOCT26,OPTFUT,DHANIYA-OPTFUT,21628200082313,1815,600,500,1,5,10,21629200080896,,2026-10-09T00:00:00,16900,4,DHANIYA 09OCT2026 PE 16900,1,1,DHANIYA09OCT26PE16900FOCT26
NCDEX,81686,2,JEERAUNJHA,JEERAUNJHA09SEP26CE23600FSEP26,OPTFUT,JEERAUNJHA-OPTFUT,21625200081686,86,2,150,2,3,10,21626100081459,,2026-09-09T00:00:00,23600,3,JEERAUNJHA 09SEP2026 CE 23600,1,1,JEERAUNJHA09SEP26CE23600FSEP26
NCDEX,82457,2,JEERAUNJHA,JEERAUNJHA12NOV26PE18000FNOV26,OPTFUT,JEERAUNJHA-OPTFUT,21631600082457,86,2,150,2,3,10,21632400082355,,2026-11-12T00:00:00,18000,4,JEERAUNJHA 12NOV2026 PE 18000,1,1,JEERAUNJHA12NOV26PE18000FNOV26
NCDEX,83221,2,GUARGUM5,GUARGUM529JAN27PE17400FFEB27,OPTFUT,GUARGUM5-OPTFUT,21702900083221,4752,3303.5,250,0.5,5,1,21705000082905,,2027-01-29T00:00:00,17400,4,GUARGUM5 29JAN2027 PE 17400,1,1,GUARGUM529JAN27PE17400FFEB27
NCDEX,81218,2,TMCFGRNZM,TMCFGRNZM08OCT26CE12000FOCT26,OPTFUT,TMCFGRNZM-OPTFUT,21628100081218,10015,7540,250,1,5,1,21628900080907,,2026-10-08T00:00:00,12000,3,TMCFGRNZM 08OCT2026 CE 12000,1,1,TMCFGRNZM08OCT26CE12000FOCT26
NCDEX,83058,2,GUARGUM5,GUARGUM529JAN27CE15000FFEB27,OPTFUT,GUARGUM5-OPTFUT,21702900083058,654.5,163,250,0.5,5,10,21705000082905,,2027-01-29T00:00:00,15000,3,GUARGUM5 29JAN2027 CE 15000,1,1,GUARGUM529JAN27CE15000FFEB27
NCDEX,82566,2,JEERAUNJHA,JEERAUNJHA12NOV26PE28800FNOV26,OPTFUT,JEERAUNJHA-OPTFUT,21631600082566,8276,5722,150,2,3,1,21632400082355,,2026-11-12T00:00:00,28800,4,JEERAUNJHA 12NOV2026 PE 28800,1,1,JEERAUNJHA12NOV26PE28800FNOV26
NCDEX,82588,2,GUARGUM5,GUARGUM524DEC26PE12800FJAN27,OPTFUT,GUARGUM5-OPTFUT,21635800082588,826.5,194.5,250,0.5,5,10,21702000082351,,2026-12-24T00:00:00,12800,4,GUARGUM5 24DEC2026 PE 12800,1,1,GUARGUM524DEC26PE12800FJAN27
NCDEX,81881,2,JEERAUNJHA,JEERAUNJHA09OCT26CE18800FOCT26,OPTFUT,JEERAUNJHA-OPTFUT,21628200081881,3736,1324,150,2,3,10,21629200081796,,2026-10-09T00:00:00,18800,3,JEERAUNJHA 09OCT2026 CE 18800,1,1,JEERAUNJHA09OCT26CE18800FOCT26
NCDEX,81591,2,GUARGUM5,GUARGUM530OCT26CE13200FNOV26,OPTFUT,GUARGUM5-OPTFUT,21630300081591,655.5,106,250,0.5,5,10,21632400081455,,2026-10-30T00:00:00,13200,3,GUARGUM5 30OCT2026 CE 13200,1,1,GUARGUM530OCT26CE13200FNOV26
NCDEX,83089,2,GUARGUM5,GUARGUM529JAN27CE13200FFEB27,OPTFUT,GUARGUM5-OPTFUT,21702900083089,1470,549,250,0.5,5,10,21705000082905,,2027-01-29T00:00:00,13200,3,GUARGUM5 29JAN2027 CE 13200,1,1,GUARGUM529JAN27CE13200FFEB27
NCDEX,81557,2,JEERAUNJHA,JEERAUNJHA09SEP26PE24800FSEP26,OPTFUT,JEERAUNJHA-OPTFUT,21625200081557,5130,2644,150,2,3,10,21626100081459,,2026-09-09T00:00:00,24800,4,JEERAUNJHA 09SEP2026 PE 24800,1,1,JEERAUNJHA09SEP26PE24800FSEP26
NCDEX,83155,2,JEERAUNJHA,JEERAUNJHA10DEC26PE23600FDEC26,OPTFUT,JEERAUNJHA-OPTFUT,21634400083155,2900,944,150,2,3,10,21635200082910,,2026-12-10T00:00:00,23600,4,JEERAUNJHA 10DEC2026 PE 23600,1,1,JEERAUNJHA10DEC26PE23600FDEC26
NCDEX,80676,2,GUARSEED10,GUARSEED1028AUG26PE6900FSEP26,OPTFUT,GUARSEED10-OPTFUT,21624000080676,1039.5,302,500,0.5,5,10,21626100080559,,2026-08-28T00:00:00,6900,4,GUARSEED10 28AUG2026 PE 6900,1,1,GUARSEED1028AUG26PE6900FSEP26
NCDEX,81019,2,GUARGUM5,GUARGUM525SEP26PE11600FOCT26,OPTFUT,GUARGUM5-OPTFUT,21626800081019,565.5,37.5,250,0.5,5,10,21628900080898,,2026-09-25T00:00:00,11600,4,GUARGUM5 25SEP2026 PE 11600,1,1,GUARGUM525SEP26PE11600FOCT26
NCDEX,81709,2,JEERAUNJHA,JEERAUNJHA09SEP26CE16000FSEP26,OPTFUT,JEERAUNJHA-OPTFUT,21625200081709,6116,3630,150,2,3,10,21626100081459,,2026-09-09T00:00:00,16000,3,JEERAUNJHA 09SEP2026 CE 16000,1,1,JEERAUNJHA09SEP26CE16000FSEP26
NCDEX,81120,2,GUARGUM5,GUARGUM525SEP26PE9000FOCT26,OPTFUT,GUARGUM5-OPTFUT,21626800081120,5,0.5,250,0.5,5,10,21628900080898,,2026-09-25T00:00:00,9000,4,GUARGUM5 25SEP2026 PE 9000,1,1,GUARGUM525SEP26PE9000FOCT26
NCDEX,83021,2,GUARGUM5,GUARGUM529JAN27CE15600FFEB27,OPTFUT,GUARGUM5-OPTFUT,21702900083021,481.5,103.5,250,0.5,5,1,21705000082905,,2027-01-29T00:00:00,15600,3,GUARGUM5 29JAN2027 CE 15600,1,1,GUARGUM529JAN27CE15600FFEB27
NCDEX,83118,2,DHANIYA,DHANIYA12JAN27PE17000FJAN27,OPTFUT,DHANIYA-OPTFUT,21701200083118,2451,1373,500,1,5,10,21702000082903,,2027-01-12T00:00:00,17000,4,DHANIYA 12JAN2027 PE 17000,1,1,DHANIYA12JAN27PE17000FJAN27
NCDEX,82519,2,JEERAUNJHA,JEERAUNJHA12NOV26CE27200FNOV26,OPTFUT,JEERAUNJHA-OPTFUT,21631600082519,40,2,150,2,3,1,21632400082355,,2026-11-12T00:00:00,27200,3,JEERAUNJHA 12NOV2026 CE 27200,1,1,JEERAUNJHA12NOV26CE27200FNOV26
NCDEX,81758,2,GUARSEED10,GUARSEED1030OCT26PE6900FNOV26,OPTFUT,GUARSEED10-OPTFUT,21630300081758,1000.5,419,500,0.5,5,10,21632400081456,,2026-10-30T00:00:00,6900,4,GUARSEED10 30OCT2026 PE 6900,1,1,GUARSEED1030OCT26PE6900FNOV26
NCDEX,81587,2,GUARGUM5,GUARGUM530OCT26PE10400FNOV26,OPTFUT,GUARGUM5-OPTFUT,21630300081587,186.5,16,250,0.5,5,10,21632400081455,,2026-10-30T00:00:00,10400,4,GUARGUM5 30OCT2026 PE 10400,1,1,GUARGUM530OCT26PE10400FNOV26
NCDEX,81552,2,GUARSEED10,GUARSEED1030OCT26CE6800FNOV26,OPTFUT,GUARSEED10-OPTFUT,21630300081552,296,41.5,500,0.5,5,10,21632400081456,,2026-10-30T00:00:00,6800,3,GUARSEED10 30OCT2026 CE 6800,1,1,GUARSEED1030OCT26CE6800FNOV26
NCDEX,82364,2,DHANIYA,DHANIYA09OCT26CE17200FOCT26,OPTFUT,DHANIYA-OPTFUT,21628200082364,1035,188,500,1,5,10,21629200080896,,2026-10-09T00:00:00,17200,3,DHANIYA 09OCT2026 CE 17200,1,1,DHANIYA09OCT26CE17200FOCT26
NCDEX,81586,2,GUARGUM5,GUARGUM530OCT26CE9800FNOV26,OPTFUT,GUARGUM5-OPTFUT,21630300081586,3236,1815.5,250,0.5,5,10,21632400081455,,2026-10-30T00:00:00,9800,3,GUARGUM5 30OCT2026 CE 9800,1,1,GUARGUM530OCT26CE9800FNOV26
NCDEX,81643,2,JEERAUNJHA,JEERAUNJHA09SEP26PE15600FSEP26,OPTFUT,JEERAUNJHA-OPTFUT,21625200081643,20,2,150,2,3,10,21626100081459,,2026-09-09T00:00:00,15600,4,JEERAUNJHA 09SEP2026 PE 15600,1,1,JEERAUNJHA09SEP26PE15600FSEP26
NCDEX,81057,2,DHANIYA,DHANIYA09OCT26CE10700FOCT26,OPTFUT,DHANIYA-OPTFUT,21628200081057,6603,4660,500,1,5,1,21629200080896,,2026-10-09T00:00:00,10700,3,DHANIYA 09OCT2026 CE 10700,1,1,DHANIYA09OCT26CE10700FOCT26
NCDEX,82237,2,DHANIYA,DHANIYA09OCT26PE15000FOCT26,OPTFUT,DHANIYA-OPTFUT,21628200082237,649,103,500,1,5,10,21629200080896,,2026-10-09T00:00:00,15000,4,DHANIYA 09OCT2026 PE 15000,1,1,DHANIYA09OCT26PE15000FOCT26
NCDEX,83116,2,GUARSEED10,GUARSEED1029JAN27PE6500FFEB27,OPTFUT,GUARSEED10-OPTFUT,21702900083116,716.5,295.5,500,0.5,5,10,21705000082907,,2027-01-29T00:00:00,6500,4,GUARSEED10 29JAN2027 PE 6500,1,1,GUARSEED1029JAN27PE6500FFEB27
NCDEX,82214,2,GUARGUM5,GUARGUM527NOV26CE9600FDEC26,OPTFUT,GUARGUM5-OPTFUT,21633100082214,3619.5,2196,250,0.5,5,1,21635200081792,,2026-11-27T00:00:00,9600,3,GUARGUM5 27NOV2026 CE 9600,1,1,GUARGUM527NOV26CE9600FDEC26
NCDEX,83168,2,DHANIYA,DHANIYA12JAN27CE17300FJAN27,OPTFUT,DHANIYA-OPTFUT,21701200083168,1694,725,500,1,5,10,21702000082903,,2027-01-12T00:00:00,17300,3,DHANIYA 12JAN2027 CE 17300,1,1,DHANIYA12JAN27CE17300FJAN27
NCDEX,81741,2,GUARSEED10,GUARSEED1030OCT26CE4400FNOV26,OPTFUT,GUARSEED10-OPTFUT,21630300081741,2261,1516.5,500,0.5,5,1,21632400081456,,2026-10-30T00:00:00,4400,3,GUARSEED10 30OCT2026 CE 4400,1,1,GUARSEED1030OCT26CE4400FNOV26
NCDEX,82834,2,TMCFGRNZM,TMCFGRNZM08OCT26CE23200FOCT26,OPTFUT,TMCFGRNZM-OPTFUT,21628100082834,972,164,250,1,5,10,21628900080907,,2026-10-08T00:00:00,23200,3,TMCFGRNZM 08OCT2026 CE 23200,1,1,TMCFGRNZM08OCT26CE23200FOCT26
NCDEX,81253,2,TMCFGRNZM,TMCFGRNZM08OCT26CE18000FOCT26,OPTFUT,TMCFGRNZM-OPTFUT,21628100081253,4228,2024,250,1,5,10,21628900080907,,2026-10-08T00:00:00,18000,3,TMCFGRNZM 08OCT2026 CE 18000,1,1,TMCFGRNZM08OCT26CE18000FOCT26
NCDEX,81566,2,GUARSEED10,GUARSEED1030OCT26PE4900FNOV26,OPTFUT,GUARSEED10-OPTFUT,21630300081566,21.5,1,500,0.5,5,1,21632400081456,,2026-10-30T00:00:00,4900,4,GUARSEED10 30OCT2026 PE 4900,1,1,GUARSEED1030OCT26PE4900FNOV26
NCDEX,80655,2,GUARGUM5,GUARGUM528AUG26PE12200FSEP26,OPTFUT,GUARGUM5-OPTFUT,21624000080655,1040.5,31,250,0.5,5,10,21626100080558,,2026-08-28T00:00:00,12200,4,GUARGUM5 28AUG2026 PE 12200,1,1,GUARGUM528AUG26PE12200FSEP26
NCDEX,81939,2,JEERAUNJHA,JEERAUNJHA09OCT26CE22800FOCT26,OPTFUT,JEERAUNJHA-OPTFUT,21628200081939,644,14,150,2,3,10,21629200081796,,2026-10-09T00:00:00,22800,3,JEERAUNJHA 09OCT2026 CE 22800,1,1,JEERAUNJHA09OCT26CE22800FOCT26
NCDEX,81771,2,DHANIYA,DHANIYA09OCT26CE14600FOCT26,OPTFUT,DHANIYA-OPTFUT,21628200081771,2853,1180,500,1,5,10,21629200080896,,2026-10-09T00:00:00,14600,3,DHANIYA 09OCT2026 CE 14600,1,1,DHANIYA09OCT26CE14600FOCT26
NCDEX,82486,2,GUARSEED10,GUARSEED1024DEC26PE6800FJAN27,OPTFUT,GUARSEED10-OPTFUT,21635800082486,971.5,473.5,500,0.5,5,10,21702000082352,,2026-12-24T00:00:00,6800,4,GUARSEED10 24DEC2026 PE 6800,1,1,GUARSEED1024DEC26PE6800FJAN27
NCDEX,83191,2,JEERAUNJHA,JEERAUNJHA10DEC26PE18800FDEC26,OPTFUT,JEERAUNJHA-OPTFUT,21634400083191,188,6,150,2,3,10,21635200082910,,2026-12-10T00:00:00,18800,4,JEERAUNJHA 10DEC2026 PE 18800,1,1,JEERAUNJHA10DEC26PE18800FDEC26
NCDEX,83280,2,GUARGUM5,GUARGUM529JAN27CE16400FFEB27,OPTFUT,GUARGUM5-OPTFUT,21702900083280,311.5,54.5,250,0.5,5,1,21705000082905,,2027-01-29T00:00:00,16400,3,GUARGUM5 29JAN2027 CE 16400,1,1,GUARGUM529JAN27CE16400FFEB27
NCDEX,81286,2,TMCFGRNZM,TMCFGRNZM08OCT26CE16800FOCT26,OPTFUT,TMCFGRNZM-OPTFUT,21628100081286,5318,2955,250,1,5,10,21628900080907,,2026-10-08T00:00:00,16800,3,TMCFGRNZM 08OCT2026 CE 16800,1,1,TMCFGRNZM08OCT26CE16800FOCT26
NCDEX,83004,2,JEERAUNJHA,JEERAUNJHA10DEC26CE22800FDEC26,OPTFUT,JEERAUNJHA-OPTFUT,21634400083004,1270,158,150,2,3,10,21635200082910,,2026-12-10T00:00:00,22800,3,JEERAUNJHA 10DEC2026 CE 22800,1,1,JEERAUNJHA10DEC26CE22800FDEC26
NCDEX,82558,2,JEERAUNJHA,JEERAUNJHA12NOV26CE17200FNOV26,OPTFUT,JEERAUNJHA-OPTFUT,21631600082558,5690,3144,150,2,3,10,21632400082355,,2026-11-12T00:00:00,17200,3,JEERAUNJHA 12NOV2026 CE 17200,1,1,JEERAUNJHA12NOV26CE17200FNOV26
NCDEX,82315,2,DHANIYA,DHANIYA10DEC26PE15600FDEC26,OPTFUT,DHANIYA-OPTFUT,21634400082315,1285,526,500,1,5,10,21635200081790,,2026-12-10T00:00:00,15600,4,DHANIYA 10DEC2026 PE 15600,1,1,DHANIYA10DEC26PE15600FDEC26
NCDEX,81728,2,GUARSEED10,GUARSEED1030OCT26CE6400FNOV26,OPTFUT,GUARSEED10-OPTFUT,21630300081728,500,107.5,500,0.5,5,10,21632400081456,,2026-10-30T00:00:00,6400,3,GUARSEED10 30OCT2026 CE 6400,1,1,GUARSEED1030OCT26CE6400FNOV26
NCDEX,82849,2,DHANIYA,DHANIYA09OCT26CE17800FOCT26,OPTFUT,DHANIYA-OPTFUT,21628200082849,767,110,500,1,5,10,21629200080896,,2026-10-09T00:00:00,17800,3,DHANIYA 09OCT2026 CE 17800,1,1,DHANIYA09OCT26CE17800FOCT26
NCDEX,81154,2,TMCFGRNZM,TMCFGRNZM08OCT26CE17600FOCT26,OPTFUT,TMCFGRNZM-OPTFUT,21628100081154,4582,2315,250,1,5,10,21628900080907,,2026-10-08T00:00:00,17600,3,TMCFGRNZM 08OCT2026 CE 17600,1,1,TMCFGRNZM08OCT26CE17600FOCT26
NCDEX,82863,2,DHANIYA,DHANIYA09OCT26CE17700FOCT26,OPTFUT,DHANIYA-OPTFUT,21628200082863,808,120,500,1,5,10,21629200080896,,2026-10-09T00:00:00,17700,3,DHANIYA 09OCT2026 CE 17700,1,1,DHANIYA09OCT26CE17700FOCT26
NCDEX,82524,2,GUARGUM5,GUARGUM524DEC26CE10000FJAN27,OPTFUT,GUARGUM5-OPTFUT,21635800082524,4019,2476.5,250,0.5,5,1,21702000082351,,2026-12-24T00:00:00,10000,3,GUARGUM5 24DEC2026 CE 10000,1,1,GUARGUM524DEC26CE10000FJAN27
NCDEX,80859,2,GUARSEED10,GUARSEED1028AUG26CE5200FSEP26,OPTFUT,GUARSEED10-OPTFUT,21624000080859,1404.5,658.5,500,0.5,5,10,21626100080559,,2026-08-28T00:00:00,5200,3,GUARSEED10 28AUG2026 CE 5200,1,1,GUARSEED1028AUG26CE5200FSEP26
NCDEX,82461,2,GUARGUM5,GUARGUM524DEC26CE15800FJAN27,OPTFUT,GUARGUM5-OPTFUT,21635800082461,238,19.5,250,0.5,5,1,21702000082351,,2026-12-24T00:00:00,15800,3,GUARGUM5 24DEC2026 CE 15800,1,1,GUARGUM524DEC26CE15800FJAN27
NCDEX,83273,2,JEERAUNJHA,JEERAUNJHA10DEC26PE24400FDEC26,OPTFUT,JEERAUNJHA-OPTFUT,21634400083273,3620,1432,150,2,3,10,21635200082910,,2026-12-10T00:00:00,24400,4,JEERAUNJHA 10DEC2026 PE 24400,1,1,JEERAUNJHA10DEC26PE24400FDEC26
NCDEX,83035,2,JEERAUNJHA,JEERAUNJHA10DEC26CE24400FDEC26,OPTFUT,JEERAUNJHA-OPTFUT,21634400083035,568,32,150,2,3,10,21635200082910,,2026-12-10T00:00:00,24400,3,JEERAUNJHA 10DEC2026 CE 24400,1,1,JEERAUNJHA10DEC26CE24400FDEC26
NCDEX,81222,2,GUARGUM5,GUARGUM525SEP26CE14800FOCT26,OPTFUT,GUARGUM5-OPTFUT,21626800081222,56.5,0.5,250,0.5,5,10,21628900080898,,2026-09-25T00:00:00,14800,3,GUARGUM5 25SEP2026 CE 14800,1,1,GUARGUM525SEP26CE14800FOCT26
NCDEX,82072,2,DHANIYA,DHANIYA10DEC26CE12400FDEC26,OPTFUT,DHANIYA-OPTFUT,21634400082072,5244,3383,500,1,5,10,21635200081790,,2026-12-10T00:00:00,12400,3,DHANIYA 10DEC2026 CE 12400,1,1,DHANIYA10DEC26CE12400FDEC26
NCDEX,81541,2,GUARGUM5,GUARGUM530OCT26CE14800FNOV26,OPTFUT,GUARGUM5-OPTFUT,21630300081541,193,12.5,250,0.5,5,10,21632400081455,,2026-10-30T00:00:00,14800,3,GUARGUM5 30OCT2026 CE 14800,1,1,GUARGUM530OCT26CE14800FNOV26
NCDEX,81610,2,JEERAUNJHA,JEERAUNJHA09SEP26PE15200FSEP26,OPTFUT,JEERAUNJHA-OPTFUT,21625200081610,20,2,150,2,3,10,21626100081459,,2026-09-09T00:00:00,15200,4,JEERAUNJHA 09SEP2026 PE 15200,1,1,JEERAUNJHA09SEP26PE15200FSEP26
NCDEX,82304,2,DHANIYA,DHANIYA10DEC26CE15000FDEC26,OPTFUT,DHANIYA-OPTFUT,21634400082304,3084,1571,500,1,5,10,21635200081790,,2026-12-10T00:00:00,15000,3,DHANIYA 10DEC2026 CE 15000,1,1,DHANIYA10DEC26CE15000FDEC26
NCDEX,82801,2,TMCFGRNZM,TMCFGRNZM10DEC26CE22000FDEC26,OPTFUT,TMCFGRNZM-OPTFUT,21634400082801,2405,1111,250,1,5,10,21635200081800,,2026-12-10T00:00:00,22000,3,TMCFGRNZM 10DEC2026 CE 22000,1,1,TMCFGRNZM10DEC26CE22000FDEC26
NCDEX,81694,2,GUARGUM5,GUARGUM530OCT26CE9200FNOV26,OPTFUT,GUARGUM5-OPTFUT,21630300081694,3819.5,2373,250,0.5,5,10,21632400081455,,2026-10-30T00:00:00,9200,3,GUARGUM5 30OCT2026 CE 9200,1,1,GUARGUM530OCT26CE9200FNOV26
NCDEX,81743,2,GUARGUM5,GUARGUM530OCT26CE9400FNOV26,OPTFUT,GUARGUM5-OPTFUT,21630300081743,3624,2183.5,250,0.5,5,10,21632400081455,,2026-10-30T00:00:00,9400,3,GUARGUM5 30OCT2026 CE 9400,1,1,GUARGUM530OCT26CE9400FNOV26
NCDEX,80834,2,GUARSEED10,GUARSEED1028AUG26PE4700FSEP26,OPTFUT,GUARSEED10-OPTFUT,21624000080834,5,0.5,500,0.5,5,1,21626100080559,,2026-08-28T00:00:00,4700,4,GUARSEED10 28AUG2026 PE 4700,1,1,GUARSEED1028AUG26PE4700FSEP26
NCDEX,82830,2,TMCFGRNZM,TMCFGRNZM08OCT26CE22600FOCT26,OPTFUT,TMCFGRNZM-OPTFUT,21628100082830,1200,235,250,1,5,10,21628900080907,,2026-10-08T00:00:00,22600,3,TMCFGRNZM 08OCT2026 CE 22600,1,1,TMCFGRNZM08OCT26CE22600FOCT26
NCDEX,82282,2,DHANIYA,DHANIYA09OCT26CE16000FOCT26,OPTFUT,DHANIYA-OPTFUT,21628200082282,1749,486,500,1,5,10,21629200080896,,2026-10-09T00:00:00,16000,3,DHANIYA 09OCT2026 CE 16000,1,1,DHANIYA09OCT26CE16000FOCT26
NCDEX,80725,2,GUARGUM5,GUARGUM528AUG26CE10800FSEP26,OPTFUT,GUARGUM5-OPTFUT,21624000080725,1878,463,250,0.5,5,10,21626100080558,,2026-08-28T00:00:00,10800,3,GUARGUM5 28AUG2026 CE 10800,1,1,GUARGUM528AUG26CE10800FSEP26
NCDEX,82031,2,DHANIYA,DHANIYA10DEC26PE12700FDEC26,OPTFUT,DHANIYA-OPTFUT,21634400082031,265,61,500,1,5,10,21635200081790,,2026-12-10T00:00:00,12700,4,DHANIYA 10DEC2026 PE 12700,1,1,DHANIYA10DEC26PE12700FDEC26
NCDEX,82792,2,GUARGUM5,GUARGUM528AUG26CE14800FSEP26,OPTFUT,GUARGUM5-OPTFUT,21624000082792,13,0.5,250,0.5,5,10,21626100080558,,2026-08-28T00:00:00,14800,3,GUARGUM5 28AUG2026 CE 14800,1,1,GUARGUM528AUG26CE14800FSEP26
NCDEX,80785,2,GUARSEED10,GUARSEED1028AUG26PE6700FSEP26,OPTFUT,GUARSEED10-OPTFUT,21624000080785,844,142.5,500,0.5,5,10,21626100080559,,2026-08-28T00:00:00,6700,4,GUARSEED10 28AUG2026 PE 6700,1,1,GUARSEED1028AUG26PE6700FSEP26
NCDEX,82758,2,TMCFGRNZM,TMCFGRNZM10DEC26CE21000FDEC26,OPTFUT,TMCFGRNZM-OPTFUT,21634400082758,2889,1422,250,1,5,10,21635200081800,,2026-12-10T00:00:00,21000,3,TMCFGRNZM 10DEC2026 CE 21000,1,1,TMCFGRNZM10DEC26CE21000FDEC26
NCDEX,81289,2,TMCFGRNZM,TMCFGRNZM08OCT26CE12200FOCT26,OPTFUT,TMCFGRNZM-OPTFUT,21628100081289,9817,7342,250,1,5,1,21628900080907,,2026-10-08T00:00:00,12200,3,TMCFGRNZM 08OCT2026 CE 12200,1,1,TMCFGRNZM08OCT26CE12200FOCT26
NCDEX,81735,2,JEERAUNJHA,JEERAUNJHA09SEP26PE28400FSEP26,OPTFUT,JEERAUNJHA-OPTFUT,21625200081735,8714,6228,150,2,3,1,21626100081459,,2026-09-09T00:00:00,28400,4,JEERAUNJHA 09SEP2026 PE 28400,1,1,JEERAUNJHA09SEP26PE28400FSEP26
NCDEX,81336,2,GUARSEED10,GUARSEED1025SEP26PE7400FOCT26,OPTFUT,GUARSEED10-OPTFUT,21626800081336,1455.5,727.5,500,0.5,5,1,21628900080899,,2026-09-25T00:00:00,7400,4,GUARSEED10 25SEP2026 PE 7400,1,1,GUARSEED1025SEP26PE7400FOCT26
NCDEX,81177,2,GUARSEED10,GUARSEED1025SEP26PE6100FOCT26,OPTFUT,GUARSEED10-OPTFUT,21626800081177,332.5,29,500,0.5,5,10,21628900080899,,2026-09-25T00:00:00,6100,4,GUARSEED10 25SEP2026 PE 6100,1,1,GUARSEED1025SEP26PE6100FOCT26
NCDEX,83115,2,DHANIYA,DHANIYA12JAN27CE18600FJAN27,OPTFUT,DHANIYA-OPTFUT,21701200083115,1191,448,500,1,5,1,21702000082903,,2027-01-12T00:00:00,18600,3,DHANIYA 12JAN2027 CE 18600,1,1,DHANIYA12JAN27CE18600FJAN27
NCDEX,81241,2,GUARGUM5,GUARGUM525SEP26CE14200FOCT26,OPTFUT,GUARGUM5-OPTFUT,21626800081241,125.5,1,250,0.5,5,10,21628900080898,,2026-09-25T00:00:00,14200,3,GUARGUM5 25SEP2026 CE 14200,1,1,GUARGUM525SEP26CE14200FOCT26
NCDEX,81603,2,JEERAUNJHA,JEERAUNJHA09SEP26PE27600FSEP26,OPTFUT,JEERAUNJHA-OPTFUT,21625200081603,7918,5430,150,2,3,1,21626100081459,,2026-09-09T00:00:00,27600,4,JEERAUNJHA 09SEP2026 PE 27600,1,1,JEERAUNJHA09SEP26PE27600FSEP26
NCDEX,81924,2,JEERAUNJHA,JEERAUNJHA09OCT26PE26000FOCT26,OPTFUT,JEERAUNJHA-OPTFUT,21628200081924,5924,3412,150,2,3,10,21629200081796,,2026-10-09T00:00:00,26000,4,JEERAUNJHA 09OCT2026 PE 26000,1,1,JEERAUNJHA09OCT26PE26000FOCT26
NCDEX,83018,2,GUARGUM5,GUARGUM529JAN27CE17000FFEB27,OPTFUT,GUARGUM5-OPTFUT,21702900083018,220.5,33,250,0.5,5,1,21705000082905,,2027-01-29T00:00:00,17000,3,GUARGUM5 29JAN2027 CE 17000,1,1,GUARGUM529JAN27CE17000FFEB27
NCDEX,82501,2,JEERAUNJHA,JEERAUNJHA12NOV26CE14000FNOV26,OPTFUT,JEERAUNJHA-OPTFUT,21631600082501,8836,6280,150,2,3,1,21632400082355,,2026-11-12T00:00:00,14000,3,JEERAUNJHA 12NOV2026 CE 14000,1,1,JEERAUNJHA12NOV26CE14000FNOV26
NCDEX,81233,2,TMCFGRNZM,TMCFGRNZM08OCT26CE14200FOCT26,OPTFUT,TMCFGRNZM-OPTFUT,21628100081233,7839,5370,250,1,5,10,21628900080907,,2026-10-08T00:00:00,14200,3,TMCFGRNZM 08OCT2026 CE 14200,1,1,TMCFGRNZM08OCT26CE14200FOCT26
NCDEX,82102,2,GUARGUM5,GUARGUM527NOV26CE12600FDEC26,OPTFUT,GUARGUM5-OPTFUT,21633100082102,1229,395.5,250,0.5,5,10,21635200081792,,2026-11-27T00:00:00,12600,3,GUARGUM5 27NOV2026 CE 12600,1,1,GUARGUM527NOV26CE12600FDEC26
NCDEX,81928,2,JEERAUNJHA,JEERAUNJHA09OCT26PE28000FOCT26,OPTFUT,JEERAUNJHA-OPTFUT,21628200081928,7904,5382,150,2,3,1,21629200081796,,2026-10-09T00:00:00,28000,4,JEERAUNJHA 09OCT2026 PE 28000,1,1,JEERAUNJHA09OCT26PE28000FOCT26
NCDEX,82572,2,JEERAUNJHA,JEERAUNJHA12NOV26PE24400FNOV26,OPTFUT,JEERAUNJHA-OPTFUT,21631600082572,3974,1656,150,2,3,10,21632400082355,,2026-11-12T00:00:00,24400,4,JEERAUNJHA 12NOV2026 PE 24400,1,1,JEERAUNJHA12NOV26PE24400FNOV26
NCDEX,82462,2,GUARGUM5,GUARGUM524DEC26CE15600FJAN27,OPTFUT,GUARGUM5-OPTFUT,21635800082462,277.5,25,250,0.5,5,1,21702000082351,,2026-12-24T00:00:00,15600,3,GUARGUM5 24DEC2026 CE 15600,1,1,GUARGUM524DEC26CE15600FJAN27
NCDEX,80756,2,GUARGUM5,GUARGUM528AUG26CE13800FSEP26,OPTFUT,GUARGUM5-OPTFUT,21624000080756,86,0.5,250,0.5,5,10,21626100080558,,2026-08-28T00:00:00,13800,3,GUARGUM5 28AUG2026 CE 13800,1,1,GUARGUM528AUG26CE13800FSEP26
NCDEX,81766,2,DHANIYA,DHANIYA09OCT26PE14400FOCT26,OPTFUT,DHANIYA-OPTFUT,21628200081766,414,48,500,1,5,10,21629200080896,,2026-10-09T00:00:00,14400,4,DHANIYA 09OCT2026 PE 14400,1,1,DHANIYA09OCT26PE14400FOCT26
NCDEX,81215,2,TMCFGRNZM,TMCFGRNZM08OCT26PE18000FOCT26,OPTFUT,TMCFGRNZM-OPTFUT,21628100081215,566,85,250,1,5,10,21628900080907,,2026-10-08T00:00:00,18000,4,TMCFGRNZM 08OCT2026 PE 18000,1,1,TMCFGRNZM08OCT26PE18000FOCT26
NCDEX,81006,2,GUARSEED10,GUARSEED1025SEP26PE5900FOCT26,OPTFUT,GUARSEED10-OPTFUT,21626800081006,221,11,500,0.5,5,10,21628900080899,,2026-09-25T00:00:00,5900,4,GUARSEED10 25SEP2026 PE 5900,1,1,GUARSEED1025SEP26PE5900FOCT26
NCDEX,81973,2,TMCFGRNZM,TMCFGRNZM10DEC26CE13800FDEC26,OPTFUT,TMCFGRNZM-OPTFUT,21634400081973,8293,5913,250,1,5,1,21635200081800,,2026-12-10T00:00:00,13800,3,TMCFGRNZM 10DEC2026 CE 13800,1,1,TMCFGRNZM10DEC26CE13800FDEC26
NCDEX,83200,2,JEERAUNJHA,JEERAUNJHA10DEC26CE23200FDEC26,OPTFUT,JEERAUNJHA-OPTFUT,21634400083200,1056,110,150,2,3,10,21635200082910,,2026-12-10T00:00:00,23200,3,JEERAUNJHA 10DEC2026 CE 23200,1,1,JEERAUNJHA10DEC26CE23200FDEC26
NCDEX,82659,2,JEERAUNJHA,JEERAUNJHA12NOV26CE18800FNOV26,OPTFUT,JEERAUNJHA-OPTFUT,21631600082659,4130,1696,150,2,3,10,21632400082355,,2026-11-12T00:00:00,18800,3,JEERAUNJHA 12NOV2026 CE 18800,1,1,JEERAUNJHA12NOV26CE18800FNOV26
NCDEX,82181,2,GUARGUM5,GUARGUM527NOV26PE9400FDEC26,OPTFUT,GUARGUM5-OPTFUT,21633100082181,76,7.5,250,0.5,5,1,21635200081792,,2026-11-27T00:00:00,9400,4,GUARGUM5 27NOV2026 PE 9400,1,1,GUARGUM527NOV26PE9400FDEC26
NCDEX,81606,2,JEERAUNJHA,JEERAUNJHA09SEP26CE17200FSEP26,OPTFUT,JEERAUNJHA-OPTFUT,21625200081606,4922,2434,150,2,3,10,21626100081459,,2026-09-09T00:00:00,17200,3,JEERAUNJHA 09SEP2026 CE 17200,1,1,JEERAUNJHA09SEP26CE17200FSEP26
NCDEX,81713,2,JEERAUNJHA,JEERAUNJHA09SEP26PE19600FSEP26,OPTFUT,JEERAUNJHA-OPTFUT,21625200081713,422,2,150,2,3,10,21626100081459,,2026-09-09T00:00:00,19600,4,JEERAUNJHA 09SEP2026 PE 19600,1,1,JEERAUNJHA09SEP26PE19600FSEP26
NCDEX,81574,2,JEERAUNJHA,JEERAUNJHA09SEP26PE25200FSEP26,OPTFUT,JEERAUNJHA-OPTFUT,21625200081574,5528,3042,150,2,3,10,21626100081459,,2026-09-09T00:00:00,25200,4,JEERAUNJHA 09SEP2026 PE 25200,1,1,JEERAUNJHA09SEP26PE25200FSEP26
NCDEX,81282,2,TMCFGRNZM,TMCFGRNZM08OCT26CE16400FOCT26,OPTFUT,TMCFGRNZM-OPTFUT,21628100081282,5696,3299,250,1,5,10,21628900080907,,2026-10-08T00:00:00,16400,3,TMCFGRNZM 08OCT2026 CE 16400,1,1,TMCFGRNZM08OCT26CE16400FOCT26
NCDEX,81891,2,DHANIYA,DHANIYA10DEC26PE13600FDEC26,OPTFUT,DHANIYA-OPTFUT,21634400081891,478,136,500,1,5,10,21635200081790,,2026-12-10T00:00:00,13600,4,DHANIYA 10DEC2026 PE 13600,1,1,DHANIYA10DEC26PE13600FDEC26
NCDEX,82152,2,GUARSEED10,GUARSEED1027NOV26PE5000FDEC26,OPTFUT,GUARSEED10-OPTFUT,21633100082152,51.5,5,500,0.5,5,1,21635200081793,,2026-11-27T00:00:00,5000,4,GUARSEED10 27NOV2026 PE 5000,1,1,GUARSEED1027NOV26PE5000FDEC26
NCDEX,83174,2,DHANIYA,DHANIYA12JAN27CE16000FJAN27,OPTFUT,DHANIYA-OPTFUT,21701200083174,2348,1138,500,1,5,10,21702000082903,,2027-01-12T00:00:00,16000,3,DHANIYA 12JAN2027 CE 16000,1,1,DHANIYA12JAN27CE16000FJAN27
NCDEX,81112,2,GUARSEED10,GUARSEED1025SEP26PE5800FOCT26,OPTFUT,GUARSEED10-OPTFUT,21626800081112,175,6.5,500,0.5,5,10,21628900080899,,2026-09-25T00:00:00,5800,4,GUARSEED10 25SEP2026 PE 5800,1,1,GUARSEED1025SEP26PE5800FOCT26
NCDEX,81611,2,GUARGUM5,GUARGUM530OCT26CE15600FNOV26,OPTFUT,GUARGUM5-OPTFUT,21630300081611,94,4,250,0.5,5,1,21632400081455,,2026-10-30T00:00:00,15600,3,GUARGUM5 30OCT2026 CE 15600,1,1,GUARGUM530OCT26CE15600FNOV26
NCDEX,81009,2,GUARGUM5,GUARGUM525SEP26CE13200FOCT26,OPTFUT,GUARGUM5-OPTFUT,21626800081009,384,10.5,250,0.5,5,10,21628900080898,,2026-09-25T00:00:00,13200,3,GUARGUM5 25SEP2026 CE 13200,1,1,GUARGUM525SEP26CE13200FOCT26
NCDEX,82078,2,GUARGUM5,GUARGUM527NOV26CE11600FDEC26,OPTFUT,GUARGUM5-OPTFUT,21633100082078,1891,788,250,0.5,5,10,21635200081792,,2026-11-27T00:00:00,11600,3,GUARGUM5 27NOV2026 CE 11600,1,1,GUARGUM527NOV26CE11600FDEC26
NCDEX,83112,2,DHANIYA,DHANIYA12JAN27PE17100FJAN27,OPTFUT,DHANIYA-OPTFUT,21701200083112,2520,1423,500,1,5,10,21702000082903,,2027-01-12T00:00:00,17100,4,DHANIYA 12JAN2027 PE 17100,1,1,DHANIYA12JAN27PE17100FJAN27
NCDEX,83251,2,GUARGUM5,GUARGUM529JAN27CE12400FFEB27,OPTFUT,GUARGUM5-OPTFUT,21702900083251,1989.5,871,250,0.5,5,10,21705000082905,,2027-01-29T00:00:00,12400,3,GUARGUM5 29JAN2027 CE 12400,1,1,GUARGUM529JAN27CE12400FFEB27
NCDEX,82850,2,DHANIYA,DHANIYA09OCT26PE17800FOCT26,OPTFUT,DHANIYA-OPTFUT,21628200082850,2546,1063,500,1,5,10,21629200080896,,2026-10-09T00:00:00,17800,4,DHANIYA 09OCT2026 PE 17800,1,1,DHANIYA09OCT26PE17800FOCT26
NCDEX,81183,2,DHANIYA,DHANIYA09OCT26CE11200FOCT26,OPTFUT,DHANIYA-OPTFUT,21628200081183,6108,4166,500,1,5,1,21629200080896,,2026-10-09T00:00:00,11200,3,DHANIYA 09OCT2026 CE 11200,1,1,DHANIYA09OCT26CE11200FOCT26
NCDEX,82628,2,GUARGUM5,GUARGUM524DEC26PE11600FJAN27,OPTFUT,GUARGUM5-OPTFUT,21635800082628,297,36,250,0.5,5,10,21702000082351,,2026-12-24T00:00:00,11600,4,GUARGUM5 24DEC2026 PE 11600,1,1,GUARGUM524DEC26PE11600FJAN27
NCDEX,83020,2,JEERAUNJHA,JEERAUNJHA10DEC26CE26800FDEC26,OPTFUT,JEERAUNJHA-OPTFUT,21634400083020,120,2,150,2,3,10,21635200082910,,2026-12-10T00:00:00,26800,3,JEERAUNJHA 10DEC2026 CE 26800,1,1,JEERAUNJHA10DEC26CE26800FDEC26
NCDEX,81662,2,GUARSEED10,GUARSEED1030OCT26CE5700FNOV26,OPTFUT,GUARSEED10-OPTFUT,21630300081662,1021,395.5,500,0.5,5,10,21632400081456,,2026-10-30T00:00:00,5700,3,GUARSEED10 30OCT2026 CE 5700,1,1,GUARSEED1030OCT26CE5700FNOV26
NCDEX,82286,2,DHANIYA,DHANIYA10DEC26CE14400FDEC26,OPTFUT,DHANIYA-OPTFUT,21634400082286,3535,1916,500,1,5,10,21635200081790,,2026-12-10T00:00:00,14400,3,DHANIYA 10DEC2026 CE 14400,1,1,DHANIYA10DEC26CE14400FDEC26
NCDEX,82860,2,DHANIYA,DHANIYA09OCT26PE17600FOCT26,OPTFUT,DHANIYA-OPTFUT,21628200082860,2376,947,500,1,5,10,21629200080896,,2026-10-09T00:00:00,17600,4,DHANIYA 09OCT2026 PE 17600,1,1,DHANIYA09OCT26PE17600FOCT26
NCDEX,81685,2,JEERAUNJHA,JEERAUNJHA09SEP26PE21200FSEP26,OPTFUT,JEERAUNJHA-OPTFUT,21625200081685,1596,22,150,2,3,10,21626100081459,,2026-09-09T00:00:00,21200,4,JEERAUNJHA 09SEP2026 PE 21200,1,1,JEERAUNJHA09SEP26PE21200FSEP26
NCDEX,81951,2,GUARSEED10,GUARSEED1027NOV26PE5500FDEC26,OPTFUT,GUARSEED10-OPTFUT,21633100081951,166.5,29,500,0.5,5,10,21635200081793,,2026-11-27T00:00:00,5500,4,GUARSEED10 27NOV2026 PE 5500,1,1,GUARSEED1027NOV26PE5500FDEC26
NCDEX,82464,2,GUARGUM5,GUARGUM524DEC26PE13200FJAN27,OPTFUT,GUARGUM5-OPTFUT,21635800082464,1073,300,250,0.5,5,10,21702000082351,,2026-12-24T00:00:00,13200,4,GUARGUM5 24DEC2026 PE 13200,1,1,GUARGUM524DEC26PE13200FJAN27
NCDEX,82647,2,GUARGUM5,GUARGUM524DEC26CE13600FJAN27,OPTFUT,GUARGUM5-OPTFUT,21635800082647,1027.5,234.5,250,0.5,5,10,21702000082351,,2026-12-24T00:00:00,13600,3,GUARGUM5 24DEC2026 CE 13600,1,1,GUARGUM524DEC26CE13600FJAN27
NCDEX,83012,2,GUARGUM5,GUARGUM529JAN27CE16000FFEB27,OPTFUT,GUARGUM5-OPTFUT,21702900083012,388.5,75.5,250,0.5,5,1,21705000082905,,2027-01-29T00:00:00,16000,3,GUARGUM5 29JAN2027 CE 16000,1,1,GUARGUM529JAN27CE16000FFEB27
NCDEX,82559,2,GUARSEED10,GUARSEED1024DEC26CE5700FJAN27,OPTFUT,GUARSEED10-OPTFUT,21635800082559,1065.5,489,500,0.5,5,10,21702000082352,,2026-12-24T00:00:00,5700,3,GUARSEED10 24DEC2026 CE 5700,1,1,GUARSEED1024DEC26CE5700FJAN27
NCDEX,81888,2,DHANIYA,DHANIYA10DEC26CE13800FDEC26,OPTFUT,DHANIYA-OPTFUT,21634400081888,4018,2308,500,1,5,10,21635200081790,,2026-12-10T00:00:00,13800,3,DHANIYA 10DEC2026 CE 13800,1,1,DHANIYA10DEC26CE13800FDEC26
NCDEX,81122,2,TMCFGRNZM,TMCFGRNZM08OCT26PE14600FOCT26,OPTFUT,TMCFGRNZM-OPTFUT,21628100081122,36,2,250,1,5,10,21628900080907,,2026-10-08T00:00:00,14600,4,TMCFGRNZM 08OCT2026 PE 14600,1,1,TMCFGRNZM08OCT26PE14600FOCT26
NCDEX,81640,2,GUARSEED10,GUARSEED1030OCT26CE4900FNOV26,OPTFUT,GUARSEED10-OPTFUT,21630300081640,1770,1034.5,500,0.5,5,1,21632400081456,,2026-10-30T00:00:00,4900,3,GUARSEED10 30OCT2026 CE 4900,1,1,GUARSEED1030OCT26CE4900FNOV26
NCDEX,82015,2,GUARSEED10,GUARSEED1027NOV26PE5800FDEC26,OPTFUT,GUARSEED10-OPTFUT,21633100082015,284.5,65.5,500,0.5,5,10,21635200081793,,2026-11-27T00:00:00,5800,4,GUARSEED10 27NOV2026 PE 5800,1,1,GUARSEED1027NOV26PE5800FDEC26
NCDEX,83084,2,GUARGUM5,GUARGUM529JAN27PE13000FFEB27,OPTFUT,GUARGUM5-OPTFUT,21702900083084,1147.5,444,250,0.5,5,10,21705000082905,,2027-01-29T00:00:00,13000,4,GUARGUM5 29JAN2027 PE 13000,1,1,GUARGUM529JAN27PE13000FFEB27
NCDEX,81699,2,GUARGUM5,GUARGUM530OCT26CE9600FNOV26,OPTFUT,GUARGUM5-OPTFUT,21630300081699,3429.5,1997.5,250,0.5,5,10,21632400081455,,2026-10-30T00:00:00,9600,3,GUARGUM5 30OCT2026 CE 9600,1,1,GUARGUM530OCT26CE9600FNOV26
NCDEX,81058,2,DHANIYA,DHANIYA09OCT26CE13500FOCT26,OPTFUT,DHANIYA-OPTFUT,21628200081058,3860,2005,500,1,5,10,21629200080896,,2026-10-09T00:00:00,13500,3,DHANIYA 09OCT2026 CE 13500,1,1,DHANIYA09OCT26CE13500FOCT26
NCDEX,82003,2,JEERAUNJHA,JEERAUNJHA09OCT26PE14400FOCT26,OPTFUT,JEERAUNJHA-OPTFUT,21628200082003,20,2,150,2,3,1,21629200081796,,2026-10-09T00:00:00,14400,4,JEERAUNJHA 09OCT2026 PE 14400,1,1,JEERAUNJHA09OCT26PE14400FOCT26
NCDEX,81890,2,GUARGUM5,GUARGUM527NOV26CE11200FDEC26,OPTFUT,GUARGUM5-OPTFUT,21633100081890,2200.5,1004.5,250,0.5,5,10,21635200081792,,2026-11-27T00:00:00,11200,3,GUARGUM5 27NOV2026 CE 11200,1,1,GUARGUM527NOV26CE11200FDEC26
NCDEX,81190,2,GUARGUM5,GUARGUM525SEP26CE10800FOCT26,OPTFUT,GUARGUM5-OPTFUT,21626800081190,2078,727.5,250,0.5,5,10,21628900080898,,2026-09-25T00:00:00,10800,3,GUARGUM5 25SEP2026 CE 10800,1,1,GUARGUM525SEP26CE10800FOCT26
NCDEX,80737,2,GUARGUM5,GUARGUM528AUG26CE11000FSEP26,OPTFUT,GUARGUM5-OPTFUT,21624000080737,1686,303,250,0.5,5,10,21626100080558,,2026-08-28T00:00:00,11000,3,GUARGUM5 28AUG2026 CE 11000,1,1,GUARGUM528AUG26CE11000FSEP26
NCDEX,82141,2,TMCFGRNZM,TMCFGRNZM10DEC26CE17400FDEC26,OPTFUT,TMCFGRNZM-OPTFUT,21634400082141,5206,3157,250,1,5,10,21635200081800,,2026-12-10T00:00:00,17400,3,TMCFGRNZM 10DEC2026 CE 17400,1,1,TMCFGRNZM10DEC26CE17400FDEC26
NCDEX,80667,2,GUARSEED10,GUARSEED1028AUG26PE5300FSEP26,OPTFUT,GUARSEED10-OPTFUT,21624000080667,16.5,0.5,500,0.5,5,10,21626100080559,,2026-08-28T00:00:00,5300,4,GUARSEED10 28AUG2026 PE 5300,1,1,GUARSEED1028AUG26PE5300FSEP26
NCDEX,81059,2,DHANIYA,DHANIYA09OCT26PE13100FOCT26,OPTFUT,DHANIYA-OPTFUT,21628200081059,117,6,500,1,5,10,21629200080896,,2026-10-09T00:00:00,13100,4,DHANIYA 09OCT2026 PE 13100,1,1,DHANIYA09OCT26PE13100FOCT26
NCDEX,81702,2,GUARSEED10,GUARSEED1030OCT26PE6500FNOV26,OPTFUT,GUARSEED10-OPTFUT,21630300081702,670.5,212,500,0.5,5,10,21632400081456,,2026-10-30T00:00:00,6500,4,GUARSEED10 30OCT2026 PE 6500,1,1,GUARSEED1030OCT26PE6500FNOV26
NCDEX,83041,2,DHANIYA,DHANIYA12JAN27PE18700FJAN27,OPTFUT,DHANIYA-OPTFUT,21701200083041,3708,2349,500,1,5,1,21702000082903,,2027-01-12T00:00:00,18700,4,DHANIYA 12JAN2027 PE 18700,1,1,DHANIYA12JAN27PE18700FJAN27
NCDEX,82460,2,GUARSEED10,GUARSEED1024DEC26CE5100FJAN27,OPTFUT,GUARSEED10-OPTFUT,21635800082460,1576.5,894.5,500,0.5,5,1,21702000082352,,2026-12-24T00:00:00,5100,3,GUARSEED10 24DEC2026 CE 5100,1,1,GUARSEED1024DEC26CE5100FJAN27
NCDEX,83235,2,DHANIYA,DHANIYA12JAN27PE16100FJAN27,OPTFUT,DHANIYA-OPTFUT,21701200083235,1875,968,500,1,5,10,21702000082903,,2027-01-12T00:00:00,16100,4,DHANIYA 12JAN2027 PE 16100,1,1,DHANIYA12JAN27PE16100FJAN27
NCDEX,82205,2,GUARSEED10,GUARSEED1027NOV26CE7500FDEC26,OPTFUT,GUARSEED10-OPTFUT,21633100082205,137.5,17,500,0.5,5,1,21635200081793,,2026-11-27T00:00:00,7500,3,GUARSEED10 27NOV2026 CE 7500,1,1,GUARSEED1027NOV26CE7500FDEC26
NCDEX,82613,2,GUARGUM5,GUARGUM524DEC26CE13800FJAN27,OPTFUT,GUARGUM5-OPTFUT,21635800082613,919,193,250,0.5,5,10,21702000082351,,2026-12-24T00:00:00,13800,3,GUARGUM5 24DEC2026 CE 13800,1,1,GUARGUM524DEC26CE13800FJAN27
NCDEX,81346,2,TMCFGRNZM,TMCFGRNZM08OCT26PE16200FOCT26,OPTFUT,TMCFGRNZM-OPTFUT,21628100081346,166,12,250,1,5,10,21628900080907,,2026-10-08T00:00:00,16200,4,TMCFGRNZM 08OCT2026 PE 16200,1,1,TMCFGRNZM08OCT26PE16200FOCT26
NCDEX,82056,2,JEERAUNJHA,JEERAUNJHA09OCT26PE13600FOCT26,OPTFUT,JEERAUNJHA-OPTFUT,21628200082056,20,2,150,2,3,1,21629200081796,,2026-10-09T00:00:00,13600,4,JEERAUNJHA 09OCT2026 PE 13600,1,1,JEERAUNJHA09OCT26PE13600FOCT26
NCDEX,81656,2,GUARSEED10,GUARSEED1030OCT26CE6300FNOV26,OPTFUT,GUARSEED10-OPTFUT,21630300081656,562,133,500,0.5,5,10,21632400081456,,2026-10-30T00:00:00,6300,3,GUARSEED10 30OCT2026 CE 6300,1,1,GUARSEED1030OCT26CE6300FNOV26
NCDEX,82523,2,GUARSEED10,GUARSEED1024DEC26CE7600FJAN27,OPTFUT,GUARSEED10-OPTFUT,21635800082523,159.5,28,500,0.5,5,1,21702000082352,,2026-12-24T00:00:00,7600,3,GUARSEED10 24DEC2026 CE 7600,1,1,GUARSEED1024DEC26CE7600FJAN27
NCDEX,82306,2,DHANIYA,DHANIYA10DEC26CE15100FDEC26,OPTFUT,DHANIYA-OPTFUT,21634400082306,3012,1518,500,1,5,10,21635200081790,,2026-12-10T00:00:00,15100,3,DHANIYA 10DEC2026 CE 15100,1,1,DHANIYA10DEC26CE15100FDEC26
NCDEX,81604,2,GUARGUM5,GUARGUM530OCT26PE7600FNOV26,OPTFUT,GUARGUM5-OPTFUT,21630300081604,5,0.5,250,0.5,5,1,21632400081455,,2026-10-30T00:00:00,7600,4,GUARGUM5 30OCT2026 PE 7600,1,1,GUARGUM530OCT26PE7600FNOV26
NCDEX,81749,2,GUARSEED10,GUARSEED1030OCT26CE5900FNOV26,OPTFUT,GUARSEED10-OPTFUT,21630300081749,853.5,285.5,500,0.5,5,10,21632400081456,,2026-10-30T00:00:00,5900,3,GUARSEED10 30OCT2026 CE 5900,1,1,GUARSEED1030OCT26CE5900FNOV26
NCDEX,82084,2,JEERAUNJHA,JEERAUNJHA09OCT26PE20400FOCT26,OPTFUT,JEERAUNJHA-OPTFUT,21628200082084,880,42,150,2,3,10,21629200081796,,2026-10-09T00:00:00,20400,4,JEERAUNJHA 09OCT2026 PE 20400,1,1,JEERAUNJHA09OCT26PE20400FOCT26
NCDEX,82794,2,TMCFGRNZM,TMCFGRNZM08OCT26CE22000FOCT26,OPTFUT,TMCFGRNZM-OPTFUT,21628100082794,1466,331,250,1,5,10,21628900080907,,2026-10-08T00:00:00,22000,3,TMCFGRNZM 08OCT2026 CE 22000,1,1,TMCFGRNZM08OCT26CE22000FOCT26
NCDEX,82717,2,DHANIYA,DHANIYA10DEC26PE16400FDEC26,OPTFUT,DHANIYA-OPTFUT,21634400082717,1737,796,500,1,5,10,21635200081790,,2026-12-10T00:00:00,16400,4,DHANIYA 10DEC2026 PE 16400,1,1,DHANIYA10DEC26PE16400FDEC26
NCDEX,81725,2,GUARGUM5,GUARGUM530OCT26CE8600FNOV26,OPTFUT,GUARGUM5-OPTFUT,21630300081725,4409,2954,250,0.5,5,1,21632400081455,,2026-10-30T00:00:00,8600,3,GUARGUM5 30OCT2026 CE 8600,1,1,GUARGUM530OCT26CE8600FNOV26
NCDEX,83208,2,DHANIYA,DHANIYA12JAN27PE18300FJAN27,OPTFUT,DHANIYA-OPTFUT,21701200083208,3396,2096,500,1,5,1,21702000082903,,2027-01-12T00:00:00,18300,4,DHANIYA 12JAN2027 PE 18300,1,1,DHANIYA12JAN27PE18300FJAN27
NCDEX,80810,2,GUARGUM5,GUARGUM528AUG26CE11800FSEP26,OPTFUT,GUARGUM5-OPTFUT,21624000080810,979.5,15.5,250,0.5,5,10,21626100080558,,2026-08-28T00:00:00,11800,3,GUARGUM5 28AUG2026 CE 11800,1,1,GUARGUM528AUG26CE11800FSEP26
NCDEX,81642,2,JEERAUNJHA,JEERAUNJHA09SEP26PE23200FSEP26,OPTFUT,JEERAUNJHA-OPTFUT,21625200081642,3538,1068,150,2,3,10,21626100081459,,2026-09-09T00:00:00,23200,4,JEERAUNJHA 09SEP2026 PE 23200,1,1,JEERAUNJHA09SEP26PE23200FSEP26
NCDEX,81952,2,GUARSEED10,GUARSEED1027NOV26CE7100FDEC26,OPTFUT,GUARSEED10-OPTFUT,21633100081952,239.5,40.5,500,0.5,5,10,21635200081793,,2026-11-27T00:00:00,7100,3,GUARSEED10 27NOV2026 CE 7100,1,1,GUARSEED1027NOV26CE7100FDEC26
NCDEX,82210,2,TMCFGRNZM,TMCFGRNZM10DEC26CE14800FDEC26,OPTFUT,TMCFGRNZM-OPTFUT,21634400082210,7379,5059,250,1,5,10,21635200081800,,2026-12-10T00:00:00,14800,3,TMCFGRNZM 10DEC2026 CE 14800,1,1,TMCFGRNZM10DEC26CE14800FDEC26
NCDEX,81652,2,GUARGUM5,GUARGUM530OCT26CE11800FNOV26,OPTFUT,GUARGUM5-OPTFUT,21630300081652,1481.5,459.5,250,0.5,5,10,21632400081455,,2026-10-30T00:00:00,11800,3,GUARGUM5 30OCT2026 CE 11800,1,1,GUARGUM530OCT26CE11800FNOV26
NCDEX,81703,2,JEERAUNJHA,JEERAUNJHA09SEP26CE21200FSEP26,OPTFUT,JEERAUNJHA-OPTFUT,21625200081703,1098,2,150,2,3,10,21626100081459,,2026-09-09T00:00:00,21200,3,JEERAUNJHA 09SEP2026 CE 21200,1,1,JEERAUNJHA09SEP26CE21200FSEP26
NCDEX,81689,2,GUARGUM5,GUARGUM530OCT26PE12400FNOV26,OPTFUT,GUARGUM5-OPTFUT,21630300081689,1128,330.5,250,0.5,5,10,21632400081455,,2026-10-30T00:00:00,12400,4,GUARGUM5 30OCT2026 PE 12400,1,1,GUARGUM530OCT26PE12400FNOV26
NCDEX,83247,2,GUARGUM5,GUARGUM529JAN27PE15800FFEB27,OPTFUT,GUARGUM5-OPTFUT,21702900083247,3288,1992,250,0.5,5,1,21705000082905,,2027-01-29T00:00:00,15800,4,GUARGUM5 29JAN2027 PE 15800,1,1,GUARGUM529JAN27PE15800FFEB27
NCDEX,81050,2,GUARGUM5,GUARGUM525SEP26PE7400FOCT26,OPTFUT,GUARGUM5-OPTFUT,21626800081050,5,0.5,250,0.5,5,1,21628900080898,,2026-09-25T00:00:00,7400,4,GUARGUM5 25SEP2026 PE 7400,1,1,GUARGUM525SEP26PE7400FOCT26
NCDEX,83009,2,DHANIYA,DHANIYA12JAN27CE17100FJAN27,OPTFUT,DHANIYA-OPTFUT,21701200083009,1785,779,500,1,5,10,21702000082903,,2027-01-12T00:00:00,17100,3,DHANIYA 12JAN2027 CE 17100,1,1,DHANIYA12JAN27CE17100FJAN27
NCDEX,82584,2,GUARGUM5,GUARGUM524DEC26CE13000FJAN27,OPTFUT,GUARGUM5-OPTFUT,21635800082584,1402.5,405.5,250,0.5,5,10,21702000082351,,2026-12-24T00:00:00,13000,3,GUARGUM5 24DEC2026 CE 13000,1,1,GUARGUM524DEC26CE13000FJAN27
NCDEX,81013,2,GUARGUM5,GUARGUM525SEP26PE15200FOCT26,OPTFUT,GUARGUM5-OPTFUT,21626800081013,3757,2316.5,250,0.5,5,1,21628900080898,,2026-09-25T00:00:00,15200,4,GUARGUM5 25SEP2026 PE 15200,1,1,GUARGUM525SEP26PE15200FOCT26
NCDEX,83167,2,GUARGUM5,GUARGUM529JAN27PE16400FFEB27,OPTFUT,GUARGUM5-OPTFUT,21702900083167,3826.5,2459,250,0.5,5,1,21705000082905,,2027-01-29T00:00:00,16400,4,GUARGUM5 29JAN2027 PE 16400,1,1,GUARGUM529JAN27PE16400FFEB27
NCDEX,81974,2,TMCFGRNZM,TMCFGRNZM10DEC26CE15600FDEC26,OPTFUT,TMCFGRNZM-OPTFUT,21634400081974,6675,4420,250,1,5,10,21635200081800,,2026-12-10T00:00:00,15600,3,TMCFGRNZM 10DEC2026 CE 15600,1,1,TMCFGRNZM10DEC26CE15600FDEC26
NCDEX,83210,2,DHANIYA,DHANIYA12JAN27CE17600FJAN27,OPTFUT,DHANIYA-OPTFUT,21701200083210,1565,651,500,1,5,10,21702000082903,,2027-01-12T00:00:00,17600,3,DHANIYA 12JAN2027 CE 17600,1,1,DHANIYA12JAN27CE17600FJAN27
NCDEX,82575,2,JEERAUNJHA,JEERAUNJHA12NOV26CE26400FNOV26,OPTFUT,JEERAUNJHA-OPTFUT,21631600082575,80,2,150,2,3,10,21632400082355,,2026-11-12T00:00:00,26400,3,JEERAUNJHA 12NOV2026 CE 26400,1,1,JEERAUNJHA12NOV26CE26400FNOV26
NCDEX,82706,2,DHANIYA,DHANIYA09OCT26CE17300FOCT26,OPTFUT,DHANIYA-OPTFUT,21628200082706,987,172,500,1,5,10,21629200080896,,2026-10-09T00:00:00,17300,3,DHANIYA 09OCT2026 CE 17300,1,1,DHANIYA09OCT26CE17300FOCT26
NCDEX,82594,2,GUARGUM5,GUARGUM524DEC26PE10400FJAN27,OPTFUT,GUARGUM5-OPTFUT,21635800082594,64.5,3.5,250,0.5,5,10,21702000082351,,2026-12-24T00:00:00,10400,4,GUARGUM5 24DEC2026 PE 10400,1,1,GUARGUM524DEC26PE10400FJAN27
NCDEX,82694,2,TMCFGRNZM,TMCFGRNZM10DEC26PE20000FDEC26,OPTFUT,TMCFGRNZM-OPTFUT,21634400082694,2215,1163,250,1,5,10,21635200081800,,2026-12-10T00:00:00,20000,4,TMCFGRNZM 10DEC2026 PE 20000,1,1,TMCFGRNZM10DEC26PE20000FDEC26
NCDEX,82310,2,DHANIYA,DHANIYA10DEC26PE15100FDEC26,OPTFUT,DHANIYA-OPTFUT,21634400082310,1039,393,500,1,5,10,21635200081790,,2026-12-10T00:00:00,15100,4,DHANIYA 10DEC2026 PE 15100,1,1,DHANIYA10DEC26PE15100FDEC26
NCDEX,82664,2,GUARGUM5,GUARGUM524DEC26CE15400FJAN27,OPTFUT,GUARGUM5-OPTFUT,21635800082664,322,32,250,0.5,5,10,21702000082351,,2026-12-24T00:00:00,15400,3,GUARGUM5 24DEC2026 CE 15400,1,1,GUARGUM524DEC26CE15400FJAN27
NCDEX,82032,2,JEERAUNJHA,JEERAUNJHA09OCT26PE21600FOCT26,OPTFUT,JEERAUNJHA-OPTFUT,21628200082032,1742,226,150,2,3,10,21629200081796,,2026-10-09T00:00:00,21600,4,JEERAUNJHA 09OCT2026 PE 21600,1,1,JEERAUNJHA09OCT26PE21600FOCT26
NCDEX,81639,2,GUARGUM5,GUARGUM530OCT26PE9400FNOV26,OPTFUT,GUARGUM5-OPTFUT,21630300081639,41,1.5,250,0.5,5,10,21632400081455,,2026-10-30T00:00:00,9400,4,GUARGUM5 30OCT2026 PE 9400,1,1,GUARGUM530OCT26PE9400FNOV26
NCDEX,83054,2,GUARSEED10,GUARSEED1029JAN27CE5000FFEB27,OPTFUT,GUARSEED10-OPTFUT,21702900083054,1648.5,955.5,500,0.5,5,1,21705000082907,,2027-01-29T00:00:00,5000,3,GUARSEED10 29JAN2027 CE 5000,1,1,GUARSEED1029JAN27CE5000FFEB27
NCDEX,81147,2,GUARSEED10,GUARSEED1025SEP26PE5600FOCT26,OPTFUT,GUARSEED10-OPTFUT,21626800081147,103,2,500,0.5,5,10,21628900080899,,2026-09-25T00:00:00,5600,4,GUARSEED10 25SEP2026 PE 5600,1,1,GUARSEED1025SEP26PE5600FOCT26
NCDEX,83225,2,GUARGUM5,GUARGUM529JAN27PE14600FFEB27,OPTFUT,GUARGUM5-OPTFUT,21702900083225,2275,1184,250,0.5,5,10,21705000082905,,2027-01-29T00:00:00,14600,4,GUARGUM5 29JAN2027 PE 14600,1,1,GUARGUM529JAN27PE14600FFEB27
NCDEX,83061,2,GUARGUM5,GUARGUM529JAN27PE12000FFEB27,OPTFUT,GUARGUM5-OPTFUT,21702900083061,633.5,189.5,250,0.5,5,10,21705000082905,,2027-01-29T00:00:00,12000,4,GUARGUM5 29JAN2027 PE 12000,1,1,GUARGUM529JAN27PE12000FFEB27
NCDEX,81181,2,TMCFGRNZM,TMCFGRNZM08OCT26CE17400FOCT26,OPTFUT,TMCFGRNZM-OPTFUT,21628100081181,4763,2468,250,1,5,10,21628900080907,,2026-10-08T00:00:00,17400,3,TMCFGRNZM 08OCT2026 CE 17400,1,1,TMCFGRNZM08OCT26CE17400FOCT26
NCDEX,80745,2,GUARGUM5,GUARGUM528AUG26CE7600FSEP26,OPTFUT,GUARGUM5-OPTFUT,21624000080745,5060,3630,250,0.5,5,1,21626100080558,,2026-08-28T00:00:00,7600,3,GUARGUM5 28AUG2026 CE 7600,1,1,GUARGUM528AUG26CE7600FSEP26
NCDEX,83203,2,GUARGUM5,GUARGUM529JAN27CE13800FFEB27,OPTFUT,GUARGUM5-OPTFUT,21702900083203,1144.5,376,250,0.5,5,10,21705000082905,,2027-01-29T00:00:00,13800,3,GUARGUM5 29JAN2027 CE 13800,1,1,GUARGUM529JAN27CE13800FFEB27
NCDEX,81569,2,JEERAUNJHA,JEERAUNJHA09SEP26CE28000FSEP26,OPTFUT,JEERAUNJHA-OPTFUT,21625200081569,20,2,150,2,3,1,21626100081459,,2026-09-09T00:00:00,28000,3,JEERAUNJHA 09SEP2026 CE 28000,1,1,JEERAUNJHA09SEP26CE28000FSEP26
NCDEX,80659,2,GUARGUM5,GUARGUM528AUG26PE7000FSEP26,OPTFUT,GUARGUM5-OPTFUT,21624000080659,5,0.5,250,0.5,5,1,21626100080558,,2026-08-28T00:00:00,7000,4,GUARGUM5 28AUG2026 PE 7000,1,1,GUARGUM528AUG26PE7000FSEP26
NCDEX,82136,2,JEERAUNJHA,JEERAUNJHA09OCT26CE13600FOCT26,OPTFUT,JEERAUNJHA-OPTFUT,21628200082136,8874,6352,150,2,3,1,21629200081796,,2026-10-09T00:00:00,13600,3,JEERAUNJHA 09OCT2026 CE 13600,1,1,JEERAUNJHA09OCT26CE13600FOCT26
NCDEX,81976,2,DHANIYA,DHANIYA10DEC26CE11600FDEC26,OPTFUT,DHANIYA-OPTFUT,21634400081976,5989,4080,500,1,5,1,21635200081790,,2026-12-10T00:00:00,11600,3,DHANIYA 10DEC2026 CE 11600,1,1,DHANIYA10DEC26CE11600FDEC26
NCDEX,82211,2,GUARGUM5,GUARGUM527NOV26CE16200FDEC26,OPTFUT,GUARGUM5-OPTFUT,21633100082211,145,14.5,250,0.5,5,1,21635200081792,,2026-11-27T00:00:00,16200,3,GUARGUM5 27NOV2026 CE 16200,1,1,GUARGUM527NOV26CE16200FDEC26
NCDEX,82577,2,GUARSEED10,GUARSEED1024DEC26CE6900FJAN27,OPTFUT,GUARSEED10-OPTFUT,21635800082577,360,93,500,0.5,5,10,21702000082352,,2026-12-24T00:00:00,6900,3,GUARSEED10 24DEC2026 CE 6900,1,1,GUARSEED1024DEC26CE6900FJAN27
NCDEX,81343,2,TMCFGRNZM,TMCFGRNZM08OCT26CE12400FOCT26,OPTFUT,TMCFGRNZM-OPTFUT,21628100081343,9619,7144,250,1,5,1,21628900080907,,2026-10-08T00:00:00,12400,3,TMCFGRNZM 08OCT2026 CE 12400,1,1,TMCFGRNZM08OCT26CE12400FOCT26
NCDEX,82218,2,GUARGUM5,GUARGUM527NOV26CE8600FDEC26,OPTFUT,GUARGUM5-OPTFUT,21633100082218,4582.5,3118.5,250,0.5,5,1,21635200081792,,2026-11-27T00:00:00,8600,3,GUARGUM5 27NOV2026 CE 8600,1,1,GUARGUM527NOV26CE8600FDEC26
NCDEX,82002,2,JEERAUNJHA,JEERAUNJHA09OCT26PE26400FOCT26,OPTFUT,JEERAUNJHA-OPTFUT,21628200082002,6320,3802,150,2,3,1,21629200081796,,2026-10-09T00:00:00,26400,4,JEERAUNJHA 09OCT2026 PE 26400,1,1,JEERAUNJHA09OCT26PE26400FOCT26
NCDEX,81588,2,JEERAUNJHA,JEERAUNJHA09SEP26CE18000FSEP26,OPTFUT,JEERAUNJHA-OPTFUT,21625200081588,4124,1638,150,2,3,10,21626100081459,,2026-09-09T00:00:00,18000,3,JEERAUNJHA 09SEP2026 CE 18000,1,1,JEERAUNJHA09SEP26CE18000FSEP26
NCDEX,81561,2,GUARSEED10,GUARSEED1030OCT26PE4500FNOV26,OPTFUT,GUARSEED10-OPTFUT,21630300081561,5,0.5,500,0.5,5,1,21632400081456,,2026-10-30T00:00:00,4500,4,GUARSEED10 30OCT2026 PE 4500,1,1,GUARSEED1030OCT26PE4500FNOV26
NCDEX,81620,2,GUARGUM5,GUARGUM530OCT26PE13200FNOV26,OPTFUT,GUARGUM5-OPTFUT,21630300081620,1744,689.5,250,0.5,5,10,21632400081455,,2026-10-30T00:00:00,13200,4,GUARGUM5 30OCT2026 PE 13200,1,1,GUARGUM530OCT26PE13200FNOV26
NCDEX,81664,2,JEERAUNJHA,JEERAUNJHA09SEP26PE13600FSEP26,OPTFUT,JEERAUNJHA-OPTFUT,21625200081664,20,2,150,2,3,1,21626100081459,,2026-09-09T00:00:00,13600,4,JEERAUNJHA 09SEP2026 PE 13600,1,1,JEERAUNJHA09SEP26PE13600FSEP26
NCDEX,82825,2,TMCFGRNZM,TMCFGRNZM10DEC26PE23600FDEC26,OPTFUT,TMCFGRNZM-OPTFUT,21634400082825,4649,2988,250,1,5,10,21635200081800,,2026-12-10T00:00:00,23600,4,TMCFGRNZM 10DEC2026 PE 23600,1,1,TMCFGRNZM10DEC26PE23600FDEC26
NCDEX,82468,2,JEERAUNJHA,JEERAUNJHA12NOV26PE18800FNOV26,OPTFUT,JEERAUNJHA-OPTFUT,21631600082468,212,6,150,2,3,10,21632400082355,,2026-11-12T00:00:00,18800,4,JEERAUNJHA 12NOV2026 PE 18800,1,1,JEERAUNJHA12NOV26PE18800FNOV26
NCDEX,81338,2,GUARGUM5,GUARGUM525SEP26PE11200FOCT26,OPTFUT,GUARGUM5-OPTFUT,21626800081338,361.5,12.5,250,0.5,5,10,21628900080898,,2026-09-25T00:00:00,11200,4,GUARGUM5 25SEP2026 PE 11200,1,1,GUARGUM525SEP26PE11200FOCT26
NCDEX,81721,2,JEERAUNJHA,JEERAUNJHA09SEP26CE13200FSEP26,OPTFUT,JEERAUNJHA-OPTFUT,21625200081721,8902,6416,150,2,3,1,21626100081459,,2026-09-09T00:00:00,13200,3,JEERAUNJHA 09SEP2026 CE 13200,1,1,JEERAUNJHA09SEP26CE13200FSEP26
NCDEX,82057,2,GUARSEED10,GUARSEED1027NOV26PE7300FDEC26,OPTFUT,GUARSEED10-OPTFUT,21633100082057,1375,747,500,0.5,5,10,21635200081793,,2026-11-27T00:00:00,7300,4,GUARSEED10 27NOV2026 PE 7300,1,1,GUARSEED1027NOV26PE7300FDEC26
NCDEX,82819,2,TMCFGRNZM,TMCFGRNZM10DEC26PE22800FDEC26,OPTFUT,TMCFGRNZM-OPTFUT,21634400082819,4045,2505,250,1,5,10,21635200081800,,2026-12-10T00:00:00,22800,4,TMCFGRNZM 10DEC2026 PE 22800,1,1,TMCFGRNZM10DEC26PE22800FDEC26
NCDEX,82061,2,GUARSEED10,GUARSEED1027NOV26PE7500FDEC26,OPTFUT,GUARSEED10-OPTFUT,21633100082061,1558.5,901.5,500,0.5,5,1,21635200081793,,2026-11-27T00:00:00,7500,4,GUARSEED10 27NOV2026 PE 7500,1,1,GUARSEED1027NOV26PE7500FDEC26
NCDEX,81628,2,JEERAUNJHA,JEERAUNJHA09SEP26PE26400FSEP26,OPTFUT,JEERAUNJHA-OPTFUT,21625200081628,6722,4236,150,2,3,1,21626100081459,,2026-09-09T00:00:00,26400,4,JEERAUNJHA 09SEP2026 PE 26400,1,1,JEERAUNJHA09SEP26PE26400FSEP26
NCDEX,83256,2,JEERAUNJHA,JEERAUNJHA10DEC26PE21600FDEC26,OPTFUT,JEERAUNJHA-OPTFUT,21634400083256,1340,214,150,2,3,10,21635200082910,,2026-12-10T00:00:00,21600,4,JEERAUNJHA 10DEC2026 PE 21600,1,1,JEERAUNJHA10DEC26PE21600FDEC26
NCDEX,80735,2,GUARSEED10,GUARSEED1028AUG26CE5900FSEP26,OPTFUT,GUARSEED10-OPTFUT,21624000080735,718.5,60.5,500,0.5,5,10,21626100080559,,2026-08-28T00:00:00,5900,3,GUARSEED10 28AUG2026 CE 5900,1,1,GUARSEED1028AUG26CE5900FSEP26
NCDEX,80730,2,GUARSEED10,GUARSEED1028AUG26CE6200FSEP26,OPTFUT,GUARSEED10-OPTFUT,21624000080730,458,4,500,0.5,5,10,21626100080559,,2026-08-28T00:00:00,6200,3,GUARSEED10 28AUG2026 CE 6200,1,1,GUARSEED1028AUG26CE6200FSEP26
NCDEX,81929,2,JEERAUNJHA,JEERAUNJHA09OCT26CE23200FOCT26,OPTFUT,JEERAUNJHA-OPTFUT,21628200081929,488,8,150,2,3,10,21629200081796,,2026-10-09T00:00:00,23200,3,JEERAUNJHA 09OCT2026 CE 23200,1,1,JEERAUNJHA09OCT26CE23200FOCT26
NCDEX,83295,2,TMCFGRNZM,TMCFGRNZM10DEC26PE24000FDEC26,OPTFUT,TMCFGRNZM-OPTFUT,21634400083295,4962,3244,250,1,5,10,21635200081800,,2026-12-10T00:00:00,24000,4,TMCFGRNZM 10DEC2026 PE 24000,1,1,TMCFGRNZM10DEC26PE24000FDEC26
NCDEX,81347,2,TMCFGRNZM,TMCFGRNZM08OCT26PE13800FOCT26,OPTFUT,TMCFGRNZM-OPTFUT,21628100081347,13,1,250,1,5,10,21628900080907,,2026-10-08T00:00:00,13800,4,TMCFGRNZM 08OCT2026 PE 13800,1,1,TMCFGRNZM08OCT26PE13800FOCT26
NCDEX,83153,2,GUARSEED10,GUARSEED1029JAN27CE6500FFEB27,OPTFUT,GUARSEED10-OPTFUT,21702900083153,508.5,151,500,0.5,5,10,21705000082907,,2027-01-29T00:00:00,6500,3,GUARSEED10 29JAN2027 CE 6500,1,1,GUARSEED1029JAN27CE6500FFEB27
NCDEX,82495,2,JEERAUNJHA,JEERAUNJHA12NOV26PE25600FNOV26,OPTFUT,JEERAUNJHA-OPTFUT,21631600082495,5136,2662,150,2,3,10,21632400082355,,2026-11-12T00:00:00,25600,4,JEERAUNJHA 12NOV2026 PE 25600,1,1,JEERAUNJHA12NOV26PE25600FNOV26
NCDEX,82716,2,TMCFGRNZM,TMCFGRNZM08OCT26PE19800FOCT26,OPTFUT,TMCFGRNZM-OPTFUT,21628100082716,1352,351,250,1,5,10,21628900080907,,2026-10-08T00:00:00,19800,4,TMCFGRNZM 08OCT2026 PE 19800,1,1,TMCFGRNZM08OCT26PE19800FOCT26
NCDEX,82631,2,TMCFGRNZM,TMCFGRNZM10DEC26PE19400FDEC26,OPTFUT,TMCFGRNZM-OPTFUT,21634400082631,1890,950,250,1,5,10,21635200081800,,2026-12-10T00:00:00,19400,4,TMCFGRNZM 10DEC2026 PE 19400,1,1,TMCFGRNZM10DEC26PE19400FDEC26
NCDEX,81206,2,TMCFGRNZM,TMCFGRNZM08OCT26PE15800FOCT26,OPTFUT,TMCFGRNZM-OPTFUT,21628100081206,118,7,250,1,5,10,21628900080907,,2026-10-08T00:00:00,15800,4,TMCFGRNZM 08OCT2026 PE 15800,1,1,TMCFGRNZM08OCT26PE15800FOCT26
NCDEX,81063,2,GUARGUM5,GUARGUM525SEP26PE10000FOCT26,OPTFUT,GUARGUM5-OPTFUT,21626800081063,51,0.5,250,0.5,5,10,21628900080898,,2026-09-25T00:00:00,10000,4,GUARGUM5 25SEP2026 PE 10000,1,1,GUARGUM525SEP26PE10000FOCT26
NCDEX,83238,2,JEERAUNJHA,JEERAUNJHA10DEC26CE30400FDEC26,OPTFUT,JEERAUNJHA-OPTFUT,21634400083238,20,2,150,2,3,1,21635200082910,,2026-12-10T00:00:00,30400,3,JEERAUNJHA 10DEC2026 CE 30400,1,1,JEERAUNJHA10DEC26CE30400FDEC26
NCDEX,81127,2,GUARGUM5,GUARGUM525SEP26PE12000FOCT26,OPTFUT,GUARGUM5-OPTFUT,21626800081127,821.5,92.5,250,0.5,5,10,21628900080898,,2026-09-25T00:00:00,12000,4,GUARGUM5 25SEP2026 PE 12000,1,1,GUARGUM525SEP26PE12000FOCT26
NCDEX,82828,2,TMCFGRNZM,TMCFGRNZM08OCT26PE23000FOCT26,OPTFUT,TMCFGRNZM-OPTFUT,21628100082828,3644,1729,250,1,5,10,21628900080907,,2026-10-08T00:00:00,23000,4,TMCFGRNZM 08OCT2026 PE 23000,1,1,TMCFGRNZM08OCT26PE23000FOCT26
NCDEX,81894,2,JEERAUNJHA,JEERAUNJHA09OCT26CE23600FOCT26,OPTFUT,JEERAUNJHA-OPTFUT,21628200081894,362,4,150,2,3,10,21629200081796,,2026-10-09T00:00:00,23600,3,JEERAUNJHA 09OCT2026 CE 23600,1,1,JEERAUNJHA09OCT26CE23600FOCT26
NCDEX,82280,2,DHANIYA,DHANIYA09OCT26PE15800FOCT26,OPTFUT,DHANIYA-OPTFUT,21628200082280,1065,241,500,1,5,10,21629200080896,,2026-10-09T00:00:00,15800,4,DHANIYA 09OCT2026 PE 15800,1,1,DHANIYA09OCT26PE15800FOCT26
NCDEX,80654,2,GUARGUM5,GUARGUM528AUG26CE8600FSEP26,OPTFUT,GUARGUM5-OPTFUT,21624000080654,4062.5,2632.5,250,0.5,5,10,21626100080558,,2026-08-28T00:00:00,8600,3,GUARGUM5 28AUG2026 CE 8600,1,1,GUARGUM528AUG26CE8600FSEP26
NCDEX,81036,2,TMCFGRNZM,TMCFGRNZM08OCT26PE15400FOCT26,OPTFUT,TMCFGRNZM-OPTFUT,21628100081036,82,4,250,1,5,10,21628900080907,,2026-10-08T00:00:00,15400,4,TMCFGRNZM 08OCT2026 PE 15400,1,1,TMCFGRNZM08OCT26PE15400FOCT26
NCDEX,81153,2,GUARSEED10,GUARSEED1025SEP26CE5300FOCT26,OPTFUT,GUARSEED10-OPTFUT,21626800081153,1384.5,646.5,500,0.5,5,10,21628900080899,,2026-09-25T00:00:00,5300,3,GUARSEED10 25SEP2026 CE 5300,1,1,GUARSEED1025SEP26CE5300FOCT26
NCDEX,82578,2,GUARSEED10,GUARSEED1024DEC26PE7300FJAN27,OPTFUT,GUARSEED10-OPTFUT,21635800082578,1390,793,500,0.5,5,10,21702000082352,,2026-12-24T00:00:00,7300,4,GUARSEED10 24DEC2026 PE 7300,1,1,GUARSEED1024DEC26PE7300FJAN27
NCDEX,82312,2,DHANIYA,DHANIYA10DEC26CE15600FDEC26,OPTFUT,DHANIYA-OPTFUT,21634400082312,2667,1271,500,1,5,10,21635200081790,,2026-12-10T00:00:00,15600,3,DHANIYA 10DEC2026 CE 15600,1,1,DHANIYA10DEC26CE15600FDEC26
NCDEX,81217,2,GUARGUM5,GUARGUM525SEP26PE8000FOCT26,OPTFUT,GUARGUM5-OPTFUT,21626800081217,5,0.5,250,0.5,5,1,21628900080898,,2026-09-25T00:00:00,8000,4,GUARGUM5 25SEP2026 PE 8000,1,1,GUARGUM525SEP26PE8000FOCT26
NCDEX,81655,2,JEERAUNJHA,JEERAUNJHA09SEP26PE16400FSEP26,OPTFUT,JEERAUNJHA-OPTFUT,21625200081655,20,2,150,2,3,10,21626100081459,,2026-09-09T00:00:00,16400,4,JEERAUNJHA 09SEP2026 PE 16400,1,1,JEERAUNJHA09SEP26PE16400FSEP26
NCDEX,83248,2,DHANIYA,DHANIYA12JAN27PE18000FJAN27,OPTFUT,DHANIYA-OPTFUT,21701200083248,3167,1915,500,1,5,10,21702000082903,,2027-01-12T00:00:00,18000,4,DHANIYA 12JAN2027 PE 18000,1,1,DHANIYA12JAN27PE18000FJAN27
NCDEX,80733,2,GUARGUM5,GUARGUM528AUG26CE10400FSEP26,OPTFUT,GUARGUM5-OPTFUT,21624000080733,2269.5,839,250,0.5,5,10,21626100080558,,2026-08-28T00:00:00,10400,3,GUARGUM5 28AUG2026 CE 10400,1,1,GUARGUM528AUG26CE10400FSEP26
NCDEX,81942,2,DHANIYA,DHANIYA10DEC26PE12400FDEC26,OPTFUT,DHANIYA-OPTFUT,21634400081942,212,45,500,1,5,10,21635200081790,,2026-12-10T00:00:00,12400,4,DHANIYA 10DEC2026 PE 12400,1,1,DHANIYA10DEC26PE12400FDEC26
NCDEX,82820,2,TMCFGRNZM,TMCFGRNZM08OCT26CE22400FOCT26,OPTFUT,TMCFGRNZM-OPTFUT,21628100082820,1284,264,250,1,5,10,21628900080907,,2026-10-08T00:00:00,22400,3,TMCFGRNZM 08OCT2026 CE 22400,1,1,TMCFGRNZM08OCT26CE22400FOCT26
NCDEX,82105,2,JEERAUNJHA,JEERAUNJHA09OCT26PE12000FOCT26,OPTFUT,JEERAUNJHA-OPTFUT,21628200082105,20,2,150,2,3,1,21629200081796,,2026-10-09T00:00:00,12000,4,JEERAUNJHA 09OCT2026 PE 12000,1,1,JEERAUNJHA09OCT26PE12000FOCT26
NCDEX,83143,2,DHANIYA,DHANIYA12JAN27CE17900FJAN27,OPTFUT,DHANIYA-OPTFUT,21701200083143,1444,583,500,1,5,10,21702000082903,,2027-01-12T00:00:00,17900,3,DHANIYA 12JAN2027 CE 17900,1,1,DHANIYA12JAN27CE17900FJAN27
NCDEX,82627,2,GUARGUM5,GUARGUM524DEC26CE12400FJAN27,OPTFUT,GUARGUM5-OPTFUT,21635800082627,1844.5,657,250,0.5,5,10,21702000082351,,2026-12-24T00:00:00,12400,3,GUARGUM5 24DEC2026 CE 12400,1,1,GUARGUM524DEC26CE12400FJAN27
NCDEX,82545,2,JEERAUNJHA,JEERAUNJHA12NOV26CE20800FNOV26,OPTFUT,JEERAUNJHA-OPTFUT,21631600082545,2314,484,150,2,3,10,21632400082355,,2026-11-12T00:00:00,20800,3,JEERAUNJHA 12NOV2026 CE 20800,1,1,JEERAUNJHA12NOV26CE20800FNOV26
NCDEX,81599,2,GUARSEED10,GUARSEED1030OCT26CE6900FNOV26,OPTFUT,GUARSEED10-OPTFUT,21630300081599,256,32.5,500,0.5,5,10,21632400081456,,2026-10-30T00:00:00,6900,3,GUARSEED10 30OCT2026 CE 6900,1,1,GUARSEED1030OCT26CE6900FNOV26
NCDEX,81548,2,GUARGUM5,GUARGUM530OCT26PE11000FNOV26,OPTFUT,GUARGUM5-OPTFUT,21630300081548,368,49.5,250,0.5,5,10,21632400081455,,2026-10-30T00:00:00,11000,4,GUARGUM5 30OCT2026 PE 11000,1,1,GUARGUM530OCT26PE11000FNOV26
NCDEX,81080,2,GUARSEED10,GUARSEED1025SEP26CE4600FOCT26,OPTFUT,GUARSEED10-OPTFUT,21626800081080,2077,1327.5,500,0.5,5,1,21628900080899,,2026-09-25T00:00:00,4600,3,GUARSEED10 25SEP2026 CE 4600,1,1,GUARSEED1025SEP26CE4600FOCT26
NCDEX,82085,2,TMCFGRNZM,TMCFGRNZM10DEC26CE16800FDEC26,OPTFUT,TMCFGRNZM-OPTFUT,21634400082085,5676,3550,250,1,5,10,21635200081800,,2026-12-10T00:00:00,16800,3,TMCFGRNZM 10DEC2026 CE 16800,1,1,TMCFGRNZM10DEC26CE16800FDEC26
NCDEX,82661,2,GUARGUM5,GUARGUM524DEC26CE11600FJAN27,OPTFUT,GUARGUM5-OPTFUT,21635800082661,2517,1134,250,0.5,5,10,21702000082351,,2026-12-24T00:00:00,11600,3,GUARGUM5 24DEC2026 CE 11600,1,1,GUARGUM524DEC26CE11600FJAN27
NCDEX,82736,2,TMCFGRNZM,TMCFGRNZM10DEC26CE20600FDEC26,OPTFUT,TMCFGRNZM-OPTFUT,21634400082736,3102,1566,250,1,5,10,21635200081800,,2026-12-10T00:00:00,20600,3,TMCFGRNZM 10DEC2026 CE 20600,1,1,TMCFGRNZM10DEC26CE20600FDEC26
NCDEX,82648,2,GUARSEED10,GUARSEED1024DEC26CE5400FJAN27,OPTFUT,GUARSEED10-OPTFUT,21635800082648,1311,674,500,0.5,5,10,21702000082352,,2026-12-24T00:00:00,5400,3,GUARSEED10 24DEC2026 CE 5400,1,1,GUARSEED1024DEC26CE5400FJAN27
NCDEX,81169,2,GUARSEED10,GUARSEED1025SEP26CE7000FOCT26,OPTFUT,GUARSEED10-OPTFUT,21626800081169,150.5,3.5,500,0.5,5,10,21628900080899,,2026-09-25T00:00:00,7000,3,GUARSEED10 25SEP2026 CE 7000,1,1,GUARSEED1025SEP26CE7000FOCT26
NCDEX,82103,2,JEERAUNJHA,JEERAUNJHA09OCT26CE18000FOCT26,OPTFUT,JEERAUNJHA-OPTFUT,21628200082103,4520,2026,150,2,3,10,21629200081796,,2026-10-09T00:00:00,18000,3,JEERAUNJHA 09OCT2026 CE 18000,1,1,JEERAUNJHA09OCT26CE18000FOCT26
NCDEX,80732,2,GUARSEED10,GUARSEED1028AUG26CE5000FSEP26,OPTFUT,GUARSEED10-OPTFUT,21624000080732,1603.5,858,500,0.5,5,10,21626100080559,,2026-08-28T00:00:00,5000,3,GUARSEED10 28AUG2026 CE 5000,1,1,GUARSEED1028AUG26CE5000FSEP26
NCDEX,80844,2,GUARSEED10,GUARSEED1028AUG26PE5800FSEP26,OPTFUT,GUARSEED10-OPTFUT,21624000080844,143.5,0.5,500,0.5,5,10,21626100080559,,2026-08-28T00:00:00,5800,4,GUARSEED10 28AUG2026 PE 5800,1,1,GUARSEED1028AUG26PE5800FSEP26
NCDEX,81995,2,GUARSEED10,GUARSEED1027NOV26CE6600FDEC26,OPTFUT,GUARSEED10-OPTFUT,21633100081995,441,108,500,0.5,5,10,21635200081793,,2026-11-27T00:00:00,6600,3,GUARSEED10 27NOV2026 CE 6600,1,1,GUARSEED1027NOV26CE6600FDEC26
NCDEX,82239,2,DHANIYA,DHANIYA09OCT26CE15700FOCT26,OPTFUT,DHANIYA-OPTFUT,21628200082239,1963,600,500,1,5,10,21629200080896,,2026-10-09T00:00:00,15700,3,DHANIYA 09OCT2026 CE 15700,1,1,DHANIYA09OCT26CE15700FOCT26
NCDEX,82481,2,GUARGUM5,GUARGUM524DEC26CE12800FJAN27,OPTFUT,GUARGUM5-OPTFUT,21635800082481,1543,479.5,250,0.5,5,10,21702000082351,,2026-12-24T00:00:00,12800,3,GUARGUM5 24DEC2026 CE 12800,1,1,GUARGUM524DEC26CE12800FJAN27
NCDEX,82117,2,GUARSEED10,GUARSEED1027NOV26PE5700FDEC26,OPTFUT,GUARSEED10-OPTFUT,21633100082117,240.5,50.5,500,0.5,5,10,21635200081793,,2026-11-27T00:00:00,5700,4,GUARSEED10 27NOV2026 PE 5700,1,1,GUARSEED1027NOV26PE5700FDEC26
NCDEX,80811,2,GUARSEED10,GUARSEED1028AUG26PE5200FSEP26,OPTFUT,GUARSEED10-OPTFUT,21624000080811,9,0.5,500,0.5,5,10,21626100080559,,2026-08-28T00:00:00,5200,4,GUARSEED10 28AUG2026 PE 5200,1,1,GUARSEED1028AUG26PE5200FSEP26
NCDEX,83103,2,JEERAUNJHA,JEERAUNJHA10DEC26PE20000FDEC26,OPTFUT,JEERAUNJHA-OPTFUT,21634400083103,516,36,150,2,3,10,21635200082910,,2026-12-10T00:00:00,20000,4,JEERAUNJHA 10DEC2026 PE 20000,1,1,JEERAUNJHA10DEC26PE20000FDEC26
NCDEX,82600,2,GUARGUM5,GUARGUM524DEC26CE8600FJAN27,OPTFUT,GUARGUM5-OPTFUT,21635800082600,5380.5,3823.5,250,0.5,5,1,21702000082351,,2026-12-24T00:00:00,8600,3,GUARGUM5 24DEC2026 CE 8600,1,1,GUARGUM524DEC26CE8600FJAN27
NCDEX,82096,2,DHANIYA,DHANIYA10DEC26PE13200FDEC26,OPTFUT,DHANIYA-OPTFUT,21634400082096,373,97,500,1,5,10,21635200081790,,2026-12-10T00:00:00,13200,4,DHANIYA 10DEC2026 PE 13200,1,1,DHANIYA10DEC26PE13200FDEC26
NCDEX,82832,2,TMCFGRNZM,TMCFGRNZM10DEC26PE23400FDEC26,OPTFUT,TMCFGRNZM-OPTFUT,21634400082832,4495,2863,250,1,5,10,21635200081800,,2026-12-10T00:00:00,23400,4,TMCFGRNZM 10DEC2026 PE 23400,1,1,TMCFGRNZM10DEC26PE23400FDEC26
NCDEX,82489,2,JEERAUNJHA,JEERAUNJHA12NOV26PE16800FNOV26,OPTFUT,JEERAUNJHA-OPTFUT,21631600082489,20,2,150,2,3,1,21632400082355,,2026-11-12T00:00:00,16800,4,JEERAUNJHA 12NOV2026 PE 16800,1,1,JEERAUNJHA12NOV26PE16800FNOV26
NCDEX,82104,2,TMCFGRNZM,TMCFGRNZM10DEC26PE14600FDEC26,OPTFUT,TMCFGRNZM-OPTFUT,21634400082104,291,88,250,1,5,1,21635200081800,,2026-12-10T00:00:00,14600,4,TMCFGRNZM 10DEC2026 PE 14600,1,1,TMCFGRNZM10DEC26PE14600FDEC26
NCDEX,83098,2,GUARSEED10,GUARSEED1029JAN27PE5300FFEB27,OPTFUT,GUARSEED10-OPTFUT,21702900083098,123,22.5,500,0.5,5,1,21705000082907,,2027-01-29T00:00:00,5300,4,GUARSEED10 29JAN2027 PE 5300,1,1,GUARSEED1029JAN27PE5300FFEB27
NCDEX,83075,2,GUARGUM5,GUARGUM529JAN27PE9600FFEB27,OPTFUT,GUARGUM5-OPTFUT,21702900083075,62.5,7.5,250,0.5,5,1,21705000082905,,2027-01-29T00:00:00,9600,4,GUARGUM5 29JAN2027 PE 9600,1,1,GUARGUM529JAN27PE9600FFEB27
NCDEX,81739,2,GUARSEED10,GUARSEED1030OCT26CE7200FNOV26,OPTFUT,GUARSEED10-OPTFUT,21630300081739,160.5,14.5,500,0.5,5,10,21632400081456,,2026-10-30T00:00:00,7200,3,GUARSEED10 30OCT2026 CE 7200,1,1,GUARSEED1030OCT26CE7200FNOV26
NCDEX,81325,2,GUARSEED10,GUARSEED1025SEP26CE5900FOCT26,OPTFUT,GUARSEED10-OPTFUT,21626800081325,820,202.5,500,0.5,5,10,21628900080899,,2026-09-25T00:00:00,5900,3,GUARSEED10 25SEP2026 CE 5900,1,1,GUARSEED1025SEP26CE5900FOCT26
NCDEX,80752,2,GUARSEED10,GUARSEED1028AUG26PE5900FSEP26,OPTFUT,GUARSEED10-OPTFUT,21624000080752,194,0.5,500,0.5,5,10,21626100080559,,2026-08-28T00:00:00,5900,4,GUARSEED10 28AUG2026 PE 5900,1,1,GUARSEED1028AUG26PE5900FSEP26
NCDEX,81168,2,TMCFGRNZM,TMCFGRNZM08OCT26PE13600FOCT26,OPTFUT,TMCFGRNZM-OPTFUT,21628100081168,10,1,250,1,5,10,21628900080907,,2026-10-08T00:00:00,13600,4,TMCFGRNZM 08OCT2026 PE 13600,1,1,TMCFGRNZM08OCT26PE13600FOCT26
NCDEX,82094,2,JEERAUNJHA,JEERAUNJHA09OCT26PE24400FOCT26,OPTFUT,JEERAUNJHA-OPTFUT,21628200082094,4346,1910,150,2,3,10,21629200081796,,2026-10-09T00:00:00,24400,4,JEERAUNJHA 09OCT2026 PE 24400,1,1,JEERAUNJHA09OCT26PE24400FOCT26
NCDEX,80712,2,GUARGUM5,GUARGUM528AUG26PE10200FSEP26,OPTFUT,GUARGUM5-OPTFUT,21624000080712,52.5,0.5,250,0.5,5,10,21626100080558,,2026-08-28T00:00:00,10200,4,GUARGUM5 28AUG2026 PE 10200,1,1,GUARGUM528AUG26PE10200FSEP26
NCDEX,83183,2,GUARGUM5,GUARGUM529JAN27CE10000FFEB27,OPTFUT,GUARGUM5-OPTFUT,21702900083183,4006,2515.5,250,0.5,5,1,21705000082905,,2027-01-29T00:00:00,10000,3,GUARGUM5 29JAN2027 CE 10000,1,1,GUARGUM529JAN27CE10000FFEB27
NCDEX,82699,2,TMCFGRNZM,TMCFGRNZM10DEC26CE20000FDEC26,OPTFUT,TMCFGRNZM-OPTFUT,21634400082699,3443,1802,250,1,5,10,21635200081800,,2026-12-10T00:00:00,20000,3,TMCFGRNZM 10DEC2026 CE 20000,1,1,TMCFGRNZM10DEC26CE20000FDEC26
NCDEX,81095,2,GUARSEED10,GUARSEED1025SEP26PE7100FOCT26,OPTFUT,GUARSEED10-OPTFUT,21626800081095,1164.5,473.5,500,0.5,5,10,21628900080899,,2026-09-25T00:00:00,7100,4,GUARSEED10 25SEP2026 PE 7100,1,1,GUARSEED1025SEP26PE7100FOCT26
NCDEX,82217,2,GUARGUM5,GUARGUM527NOV26PE10600FDEC26,OPTFUT,GUARGUM5-OPTFUT,21633100082217,306.5,57,250,0.5,5,10,21635200081792,,2026-11-27T00:00:00,10600,4,GUARGUM5 27NOV2026 PE 10600,1,1,GUARGUM527NOV26PE10600FDEC26
NCDEX,82776,2,TMCFGRNZM,TMCFGRNZM10DEC26PE21400FDEC26,OPTFUT,TMCFGRNZM-OPTFUT,21634400082776,3070,1763,250,1,5,10,21635200081800,,2026-12-10T00:00:00,21400,4,TMCFGRNZM 10DEC2026 PE 21400,1,1,TMCFGRNZM10DEC26PE21400FDEC26
NCDEX,82138,2,GUARGUM5,GUARGUM527NOV26PE12200FDEC26,OPTFUT,GUARGUM5-OPTFUT,21633100082138,1026,351.5,250,0.5,5,10,21635200081792,,2026-11-27T00:00:00,12200,4,GUARGUM5 27NOV2026 PE 12200,1,1,GUARGUM527NOV26PE12200FDEC26
NCDEX,81720,2,JEERAUNJHA,JEERAUNJHA09SEP26CE21600FSEP26,OPTFUT,JEERAUNJHA-OPTFUT,21625200081720,814,2,150,2,3,10,21626100081459,,2026-09-09T00:00:00,21600,3,JEERAUNJHA 09SEP2026 CE 21600,1,1,JEERAUNJHA09SEP26CE21600FSEP26
NCDEX,82024,2,JEERAUNJHA,JEERAUNJHA09OCT26PE19200FOCT26,OPTFUT,JEERAUNJHA-OPTFUT,21628200082024,326,4,150,2,3,10,21629200081796,,2026-10-09T00:00:00,19200,4,JEERAUNJHA 09OCT2026 PE 19200,1,1,JEERAUNJHA09OCT26PE19200FOCT26
NCDEX,82492,2,GUARGUM5,GUARGUM524DEC26PE14400FJAN27,OPTFUT,GUARGUM5-OPTFUT,21635800082492,1979.5,827,250,0.5,5,10,21702000082351,,2026-12-24T00:00:00,14400,4,GUARGUM5 24DEC2026 PE 14400,1,1,GUARGUM524DEC26PE14400FJAN27
NCDEX,82000,2,DHANIYA,DHANIYA10DEC26CE14200FDEC26,OPTFUT,DHANIYA-OPTFUT,21634400082000,3693,2042,500,1,5,10,21635200081790,,2026-12-10T00:00:00,14200,3,DHANIYA 10DEC2026 CE 14200,1,1,DHANIYA10DEC26CE14200FDEC26
NCDEX,83101,2,GUARGUM5,GUARGUM529JAN27CE11200FFEB27,OPTFUT,GUARGUM5-OPTFUT,21702900083101,2930,1572.5,250,0.5,5,1,21705000082905,,2027-01-29T00:00:00,11200,3,GUARGUM5 29JAN2027 CE 11200,1,1,GUARGUM529JAN27CE11200FFEB27
NCDEX,82476,2,GUARSEED10,GUARSEED1024DEC26CE6200FJAN27,OPTFUT,GUARSEED10-OPTFUT,21635800082476,712.5,263,500,0.5,5,10,21702000082352,,2026-12-24T00:00:00,6200,3,GUARSEED10 24DEC2026 CE 6200,1,1,GUARSEED1024DEC26CE6200FJAN27
NCDEX,82018,2,DHANIYA,DHANIYA10DEC26PE11900FDEC26,OPTFUT,DHANIYA-OPTFUT,21634400082018,142,26,500,1,5,1,21635200081790,,2026-12-10T00:00:00,11900,4,DHANIYA 10DEC2026 PE 11900,1,1,DHANIYA10DEC26PE11900FDEC26
NCDEX,82695,2,DHANIYA,DHANIYA10DEC26PE16900FDEC26,OPTFUT,DHANIYA-OPTFUT,21634400082695,2054,1001,500,1,5,10,21635200081790,,2026-12-10T00:00:00,16900,4,DHANIYA 10DEC2026 PE 16900,1,1,DHANIYA10DEC26PE16900FDEC26
NCDEX,82783,2,TMCFGRNZM,TMCFGRNZM08OCT26PE22000FOCT26,OPTFUT,TMCFGRNZM-OPTFUT,21628100082783,2830,1158,250,1,5,10,21628900080907,,2026-10-08T00:00:00,22000,4,TMCFGRNZM 08OCT2026 PE 22000,1,1,TMCFGRNZM08OCT26PE22000FOCT26
NCDEX,81242,2,DHANIYA,DHANIYA09OCT26CE11000FOCT26,OPTFUT,DHANIYA-OPTFUT,21628200081242,6306,4364,500,1,5,1,21629200080896,,2026-10-09T00:00:00,11000,3,DHANIYA 09OCT2026 CE 11000,1,1,DHANIYA09OCT26CE11000FOCT26
NCDEX,81162,2,GUARGUM5,GUARGUM525SEP26PE13600FOCT26,OPTFUT,GUARGUM5-OPTFUT,21626800081162,2191,862,250,0.5,5,10,21628900080898,,2026-09-25T00:00:00,13600,4,GUARGUM5 25SEP2026 PE 13600,1,1,GUARGUM525SEP26PE13600FOCT26
NCDEX,82036,2,JEERAUNJHA,JEERAUNJHA09OCT26CE24800FOCT26,OPTFUT,JEERAUNJHA-OPTFUT,21628200082036,130,2,150,2,3,10,21629200081796,,2026-10-09T00:00:00,24800,3,JEERAUNJHA 09OCT2026 CE 24800,1,1,JEERAUNJHA09OCT26CE24800FOCT26
NCDEX,81573,2,GUARGUM5,GUARGUM530OCT26PE8600FNOV26,OPTFUT,GUARGUM5-OPTFUT,21630300081573,7.5,0.5,250,0.5,5,1,21632400081455,,2026-10-30T00:00:00,8600,4,GUARGUM5 30OCT2026 PE 8600,1,1,GUARGUM530OCT26PE8600FNOV26
NCDEX,81046,2,DHANIYA,DHANIYA09OCT26CE13300FOCT26,OPTFUT,DHANIYA-OPTFUT,21628200081046,4051,2176,500,1,5,10,21629200080896,,2026-10-09T00:00:00,13300,3,DHANIYA 09OCT2026 CE 13300,1,1,DHANIYA09OCT26CE13300FOCT26
NCDEX,81540,2,GUARSEED10,GUARSEED1030OCT26PE5600FNOV26,OPTFUT,GUARSEED10-OPTFUT,21630300081540,159,18,500,0.5,5,10,21632400081456,,2026-10-30T00:00:00,5600,4,GUARSEED10 30OCT2026 PE 5600,1,1,GUARSEED1030OCT26PE5600FNOV26
NCDEX,81349,2,GUARGUM5,GUARGUM525SEP26CE11800FOCT26,OPTFUT,GUARGUM5-OPTFUT,21626800081349,1203.5,194,250,0.5,5,10,21628900080898,,2026-09-25T00:00:00,11800,3,GUARGUM5 25SEP2026 CE 11800,1,1,GUARGUM525SEP26CE11800FOCT26
NCDEX,81332,2,TMCFGRNZM,TMCFGRNZM08OCT26PE16800FOCT26,OPTFUT,TMCFGRNZM-OPTFUT,21628100081332,262,25,250,1,5,10,21628900080907,,2026-10-08T00:00:00,16800,4,TMCFGRNZM 08OCT2026 PE 16800,1,1,TMCFGRNZM08OCT26PE16800FOCT26
NCDEX,83137,2,GUARSEED10,GUARSEED1029JAN27PE5100FFEB27,OPTFUT,GUARSEED10-OPTFUT,21702900083137,78.5,12,500,0.5,5,1,21705000082907,,2027-01-29T00:00:00,5100,4,GUARSEED10 29JAN2027 PE 5100,1,1,GUARSEED1029JAN27PE5100FFEB27
NCDEX,82259,2,DHANIYA,DHANIYA09OCT26CE15600FOCT26,OPTFUT,DHANIYA-OPTFUT,21628200082259,2038,642,500,1,5,10,21629200080896,,2026-10-09T00:00:00,15600,3,DHANIYA 09OCT2026 CE 15600,1,1,DHANIYA09OCT26CE15600FOCT26
NCDEX,82478,2,JEERAUNJHA,JEERAUNJHA12NOV26PE24800FNOV26,OPTFUT,JEERAUNJHA-OPTFUT,21631600082478,4358,1974,150,2,3,10,21632400082355,,2026-11-12T00:00:00,24800,4,JEERAUNJHA 12NOV2026 PE 24800,1,1,JEERAUNJHA12NOV26PE24800FNOV26
NCDEX,82113,2,GUARGUM5,GUARGUM527NOV26PE13600FDEC26,OPTFUT,GUARGUM5-OPTFUT,21633100082113,2027,978.5,250,0.5,5,10,21635200081792,,2026-11-27T00:00:00,13600,4,GUARGUM5 27NOV2026 PE 13600,1,1,GUARGUM527NOV26PE13600FDEC26
NCDEX,82140,2,TMCFGRNZM,TMCFGRNZM10DEC26PE16000FDEC26,OPTFUT,TMCFGRNZM-OPTFUT,21634400082140,577,210,250,1,5,10,21635200081800,,2026-12-10T00:00:00,16000,4,TMCFGRNZM 10DEC2026 PE 16000,1,1,TMCFGRNZM10DEC26PE16000FDEC26
NCDEX,83252,2,GUARGUM5,GUARGUM529JAN27CE10200FFEB27,OPTFUT,GUARGUM5-OPTFUT,21702900083252,3820.5,2345,250,0.5,5,1,21705000082905,,2027-01-29T00:00:00,10200,3,GUARGUM5 29JAN2027 CE 10200,1,1,GUARGUM529JAN27CE10200FFEB27
NCDEX,82175,2,TMCFGRNZM,TMCFGRNZM10DEC26CE16200FDEC26,OPTFUT,TMCFGRNZM-OPTFUT,21634400082175,6166,3971,250,1,5,10,21635200081800,,2026-12-10T00:00:00,16200,3,TMCFGRNZM 10DEC2026 CE 16200,1,1,TMCFGRNZM10DEC26CE16200FDEC26
NCDEX,80661,2,GUARGUM5,GUARGUM528AUG26PE8800FSEP26,OPTFUT,GUARGUM5-OPTFUT,21624000080661,5,0.5,250,0.5,5,10,21626100080558,,2026-08-28T00:00:00,8800,4,GUARGUM5 28AUG2026 PE 8800,1,1,GUARGUM528AUG26PE8800FSEP26
NCDEX,81341,2,GUARSEED10,GUARSEED1025SEP26PE7200FOCT26,OPTFUT,GUARSEED10-OPTFUT,21626800081341,1261,554,500,0.5,5,10,21628900080899,,2026-09-25T00:00:00,7200,4,GUARSEED10 25SEP2026 PE 7200,1,1,GUARSEED1025SEP26PE7200FOCT26
NCDEX,81312,2,DHANIYA,DHANIYA09OCT26PE12600FOCT26,OPTFUT,DHANIYA-OPTFUT,21628200081312,63,2,500,1,5,10,21629200080896,,2026-10-09T00:00:00,12600,4,DHANIYA 09OCT2026 PE 12600,1,1,DHANIYA09OCT26PE12600FOCT26
NCDEX,83079,2,DHANIYA,DHANIYA12JAN27PE18500FJAN27,OPTFUT,DHANIYA-OPTFUT,21701200083079,3551,2221,500,1,5,1,21702000082903,,2027-01-12T00:00:00,18500,4,DHANIYA 12JAN2027 PE 18500,1,1,DHANIYA12JAN27PE18500FJAN27
NCDEX,82086,2,GUARGUM5,GUARGUM527NOV26CE16600FDEC26,OPTFUT,GUARGUM5-OPTFUT,21633100082086,109,9.5,250,0.5,5,1,21635200081792,,2026-11-27T00:00:00,16600,3,GUARGUM5 27NOV2026 CE 16600,1,1,GUARGUM527NOV26CE16600FDEC26
NCDEX,82569,2,GUARSEED10,GUARSEED1024DEC26PE7000FJAN27,OPTFUT,GUARSEED10-OPTFUT,21635800082569,1133.5,592,500,0.5,5,10,21702000082352,,2026-12-24T00:00:00,7000,4,GUARSEED10 24DEC2026 PE 7000,1,1,GUARSEED1024DEC26PE7000FJAN27
NCDEX,81630,2,GUARGUM5,GUARGUM530OCT26CE10800FNOV26,OPTFUT,GUARGUM5-OPTFUT,21630300081630,2302.5,1011.5,250,0.5,5,10,21632400081455,,2026-10-30T00:00:00,10800,3,GUARGUM5 30OCT2026 CE 10800,1,1,GUARGUM530OCT26CE10800FNOV26
NCDEX,80640,2,GUARGUM5,GUARGUM528AUG26CE10000FSEP26,OPTFUT,GUARGUM5-OPTFUT,21624000080640,2666.5,1236,250,0.5,5,10,21626100080558,,2026-08-28T00:00:00,10000,3,GUARGUM5 28AUG2026 CE 10000,1,1,GUARGUM528AUG26CE10000FSEP26
NCDEX,82038,2,JEERAUNJHA,JEERAUNJHA09OCT26PE17200FOCT26,OPTFUT,JEERAUNJHA-OPTFUT,21628200082038,22,2,150,2,3,10,21629200081796,,2026-10-09T00:00:00,17200,4,JEERAUNJHA 09OCT2026 PE 17200,1,1,JEERAUNJHA09OCT26PE17200FOCT26
NCDEX,82155,2,GUARGUM5,GUARGUM527NOV26PE9600FDEC26,OPTFUT,GUARGUM5-OPTFUT,21633100082155,100,11,250,0.5,5,1,21635200081792,,2026-11-27T00:00:00,9600,4,GUARGUM5 27NOV2026 PE 9600,1,1,GUARGUM527NOV26PE9600FDEC26
NCDEX,82091,2,DHANIYA,DHANIYA10DEC26CE14300FDEC26,OPTFUT,DHANIYA-OPTFUT,21634400082091,3614,1979,500,1,5,10,21635200081790,,2026-12-10T00:00:00,14300,3,DHANIYA 10DEC2026 CE 14300,1,1,DHANIYA10DEC26CE14300FDEC26
NCDEX,82788,2,TMCFGRNZM,TMCFGRNZM08OCT26PE21600FOCT26,OPTFUT,TMCFGRNZM-OPTFUT,21628100082788,2525,966,250,1,5,10,21628900080907,,2026-10-08T00:00:00,21600,4,TMCFGRNZM 08OCT2026 PE 21600,1,1,TMCFGRNZM08OCT26PE21600FOCT26
NCDEX,82737,2,TMCFGRNZM,TMCFGRNZM10DEC26PE20800FDEC26,OPTFUT,TMCFGRNZM-OPTFUT,21634400082737,2687,1488,250,1,5,10,21635200081800,,2026-12-10T00:00:00,20800,4,TMCFGRNZM 10DEC2026 PE 20800,1,1,TMCFGRNZM10DEC26PE20800FDEC26
NCDEX,82669,2,GUARGUM5,GUARGUM524DEC26CE11200FJAN27,OPTFUT,GUARGUM5-OPTFUT,21635800082669,2879.5,1429.5,250,0.5,5,10,21702000082351,,2026-12-24T00:00:00,11200,3,GUARGUM5 24DEC2026 CE 11200,1,1,GUARGUM524DEC26CE11200FJAN27
NCDEX,82571,2,JEERAUNJHA,JEERAUNJHA12NOV26PE20800FNOV26,OPTFUT,JEERAUNJHA-OPTFUT,21631600082571,1006,98,150,2,3,10,21632400082355,,2026-11-12T00:00:00,20800,4,JEERAUNJHA 12NOV2026 PE 20800,1,1,JEERAUNJHA12NOV26PE20800FNOV26
NCDEX,80710,2,GUARGUM5,GUARGUM528AUG26PE8400FSEP26,OPTFUT,GUARGUM5-OPTFUT,21624000080710,5,0.5,250,0.5,5,10,21626100080558,,2026-08-28T00:00:00,8400,4,GUARGUM5 28AUG2026 PE 8400,1,1,GUARGUM528AUG26PE8400FSEP26
NCDEX,80763,2,GUARGUM5,GUARGUM528AUG26CE10600FSEP26,OPTFUT,GUARGUM5-OPTFUT,21624000080763,2073,645,250,0.5,5,10,21626100080558,,2026-08-28T00:00:00,10600,3,GUARGUM5 28AUG2026 CE 10600,1,1,GUARGUM528AUG26CE10600FSEP26
NCDEX,83184,2,JEERAUNJHA,JEERAUNJHA10DEC26CE22400FDEC26,OPTFUT,JEERAUNJHA-OPTFUT,21634400083184,1508,222,150,2,3,10,21635200082910,,2026-12-10T00:00:00,22400,3,JEERAUNJHA 10DEC2026 CE 22400,1,1,JEERAUNJHA10DEC26CE22400FDEC26
NCDEX,81700,2,GUARSEED10,GUARSEED1030OCT26CE5200FNOV26,OPTFUT,GUARSEED10-OPTFUT,21630300081700,1479.5,765.5,500,0.5,5,10,21632400081456,,2026-10-30T00:00:00,5200,3,GUARSEED10 30OCT2026 CE 5200,1,1,GUARSEED1030OCT26CE5200FNOV26
NCDEX,82797,2,TMCFGRNZM,TMCFGRNZM10DEC26CE22400FDEC26,OPTFUT,TMCFGRNZM-OPTFUT,21634400082797,2230,1004,250,1,5,10,21635200081800,,2026-12-10T00:00:00,22400,3,TMCFGRNZM 10DEC2026 CE 22400,1,1,TMCFGRNZM10DEC26CE22400FDEC26
NCDEX,83151,2,DHANIYA,DHANIYA12JAN27CE16500FJAN27,OPTFUT,DHANIYA-OPTFUT,21701200083151,2078,961,500,1,5,10,21702000082903,,2027-01-12T00:00:00,16500,3,DHANIYA 12JAN2027 CE 16500,1,1,DHANIYA12JAN27CE16500FJAN27
NCDEX,82125,2,GUARSEED10,GUARSEED1027NOV26CE7900FDEC26,OPTFUT,GUARSEED10-OPTFUT,21633100082125,75,6.5,500,0.5,5,1,21635200081793,,2026-11-27T00:00:00,7900,3,GUARSEED10 27NOV2026 CE 7900,1,1,GUARSEED1027NOV26CE7900FDEC26
NCDEX,82342,2,DHANIYA,DHANIYA10DEC26CE15400FDEC26,OPTFUT,DHANIYA-OPTFUT,21634400082342,2802,1366,500,1,5,10,21635200081790,,2026-12-10T00:00:00,15400,3,DHANIYA 10DEC2026 CE 15400,1,1,DHANIYA10DEC26CE15400FDEC26
NCDEX,82784,2,TMCFGRNZM,TMCFGRNZM08OCT26CE21600FOCT26,OPTFUT,TMCFGRNZM-OPTFUT,21628100082784,1665,411,250,1,5,10,21628900080907,,2026-10-08T00:00:00,21600,3,TMCFGRNZM 08OCT2026 CE 21600,1,1,TMCFGRNZM08OCT26CE21600FOCT26
NCDEX,82561,2,GUARSEED10,GUARSEED1024DEC26PE6400FJAN27,OPTFUT,GUARSEED10-OPTFUT,21635800082561,676,280,500,0.5,5,10,21702000082352,,2026-12-24T00:00:00,6400,4,GUARSEED10 24DEC2026 PE 6400,1,1,GUARSEED1024DEC26PE6400FJAN27
NCDEX,80639,2,GUARGUM5,GUARGUM528AUG26CE8800FSEP26,OPTFUT,GUARGUM5-OPTFUT,21624000080639,3863,2433,250,0.5,5,10,21626100080558,,2026-08-28T00:00:00,8800,3,GUARGUM5 28AUG2026 CE 8800,1,1,GUARGUM528AUG26CE8800FSEP26
NCDEX,82212,2,GUARGUM5,GUARGUM527NOV26PE11600FDEC26,OPTFUT,GUARGUM5-OPTFUT,21633100082212,697,196.5,250,0.5,5,10,21635200081792,,2026-11-27T00:00:00,11600,4,GUARGUM5 27NOV2026 PE 11600,1,1,GUARGUM527NOV26PE11600FDEC26
NCDEX,80801,2,GUARGUM5,GUARGUM528AUG26PE7800FSEP26,OPTFUT,GUARGUM5-OPTFUT,21624000080801,5,0.5,250,0.5,5,1,21626100080558,,2026-08-28T00:00:00,7800,4,GUARGUM5 28AUG2026 PE 7800,1,1,GUARGUM528AUG26PE7800FSEP26
NCDEX,81665,2,GUARGUM5,GUARGUM530OCT26PE14600FNOV26,OPTFUT,GUARGUM5-OPTFUT,21630300081665,3000.5,1668,250,0.5,5,10,21632400081455,,2026-10-30T00:00:00,14600,4,GUARGUM5 30OCT2026 PE 14600,1,1,GUARGUM530OCT26PE14600FNOV26
NCDEX,82507,2,JEERAUNJHA,JEERAUNJHA12NOV26CE15600FNOV26,OPTFUT,JEERAUNJHA-OPTFUT,21631600082507,7262,4708,150,2,3,1,21632400082355,,2026-11-12T00:00:00,15600,3,JEERAUNJHA 12NOV2026 CE 15600,1,1,JEERAUNJHA12NOV26CE15600FNOV26
NCDEX,82625,2,JEERAUNJHA,JEERAUNJHA12NOV26PE26400FNOV26,OPTFUT,JEERAUNJHA-OPTFUT,21631600082625,5918,3398,150,2,3,10,21632400082355,,2026-11-12T00:00:00,26400,4,JEERAUNJHA 12NOV2026 PE 26400,1,1,JEERAUNJHA12NOV26PE26400FNOV26
NCDEX,82231,2,DHANIYA,DHANIYA09OCT26PE14800FOCT26,OPTFUT,DHANIYA-OPTFUT,21628200082231,563,81,500,1,5,10,21629200080896,,2026-10-09T00:00:00,14800,4,DHANIYA 09OCT2026 PE 14800,1,1,DHANIYA09OCT26PE14800FOCT26
NCDEX,81580,2,GUARSEED10,GUARSEED1030OCT26PE5900FNOV26,OPTFUT,GUARSEED10-OPTFUT,21630300081580,285.5,49,500,0.5,5,10,21632400081456,,2026-10-30T00:00:00,5900,4,GUARSEED10 30OCT2026 PE 5900,1,1,GUARSEED1030OCT26PE5900FNOV26
NCDEX,83185,2,JEERAUNJHA,JEERAUNJHA10DEC26PE30400FDEC26,OPTFUT,JEERAUNJHA-OPTFUT,21634400083185,9424,6846,150,2,3,1,21635200082910,,2026-12-10T00:00:00,30400,4,JEERAUNJHA 10DEC2026 PE 30400,1,1,JEERAUNJHA10DEC26PE30400FDEC26
NCDEX,81161,2,GUARSEED10,GUARSEED1025SEP26CE6200FOCT26,OPTFUT,GUARSEED10-OPTFUT,21626800081161,575,85.5,500,0.5,5,10,21628900080899,,2026-09-25T00:00:00,6200,3,GUARSEED10 25SEP2026 CE 6200,1,1,GUARSEED1025SEP26CE6200FOCT26
NCDEX,81100,2,DHANIYA,DHANIYA09OCT26CE11700FOCT26,OPTFUT,DHANIYA-OPTFUT,21628200081100,5614,3675,500,1,5,10,21629200080896,,2026-10-09T00:00:00,11700,3,DHANIYA 09OCT2026 CE 11700,1,1,DHANIYA09OCT26CE11700FOCT26
NCDEX,83244,2,GUARGUM5,GUARGUM529JAN27PE13200FFEB27,OPTFUT,GUARGUM5-OPTFUT,21702900083244,1270,513.5,250,0.5,5,10,21705000082905,,2027-01-29T00:00:00,13200,4,GUARGUM5 29JAN2027 PE 13200,1,1,GUARGUM529JAN27PE13200FFEB27
NCDEX,82005,2,JEERAUNJHA,JEERAUNJHA09OCT26PE12800FOCT26,OPTFUT,JEERAUNJHA-OPTFUT,21628200082005,20,2,150,2,3,1,21629200081796,,2026-10-09T00:00:00,12800,4,JEERAUNJHA 09OCT2026 PE 12800,1,1,JEERAUNJHA09OCT26PE12800FOCT26
NCDEX,83228,2,GUARGUM5,GUARGUM529JAN27CE12800FFEB27,OPTFUT,GUARGUM5-OPTFUT,21702900083228,1718,696,250,0.5,5,10,21705000082905,,2027-01-29T00:00:00,12800,3,GUARGUM5 29JAN2027 CE 12800,1,1,GUARGUM529JAN27CE12800FFEB27
NCDEX,81337,2,DHANIYA,DHANIYA09OCT26PE12300FOCT26,OPTFUT,DHANIYA-OPTFUT,21628200081337,42,1,500,1,5,10,21629200080896,,2026-10-09T00:00:00,12300,4,DHANIYA 09OCT2026 PE 12300,1,1,DHANIYA09OCT26PE12300FOCT26
NCDEX,81964,2,GUARGUM5,GUARGUM527NOV26CE12800FDEC26,OPTFUT,GUARGUM5-OPTFUT,21633100081964,1117.5,340,250,0.5,5,10,21635200081792,,2026-11-27T00:00:00,12800,3,GUARGUM5 27NOV2026 CE 12800,1,1,GUARGUM527NOV26CE12800FDEC26
NCDEX,81744,2,GUARGUM5,GUARGUM530OCT26CE13000FNOV26,OPTFUT,GUARGUM5-OPTFUT,21630300081744,747.5,134,250,0.5,5,10,21632400081455,,2026-10-30T00:00:00,13000,3,GUARGUM5 30OCT2026 CE 13000,1,1,GUARGUM530OCT26CE13000FNOV26
NCDEX,82474,2,GUARSEED10,GUARSEED1024DEC26PE4700FJAN27,OPTFUT,GUARSEED10-OPTFUT,21635800082474,35.5,4.5,500,0.5,5,1,21702000082352,,2026-12-24T00:00:00,4700,4,GUARSEED10 24DEC2026 PE 4700,1,1,GUARSEED1024DEC26PE4700FJAN27
NCDEX,82216,2,JEERAUNJHA,JEERAUNJHA09OCT26CE26000FOCT26,OPTFUT,JEERAUNJHA-OPTFUT,21628200082216,38,2,150,2,3,10,21629200081796,,2026-10-09T00:00:00,26000,3,JEERAUNJHA 09OCT2026 CE 26000,1,1,JEERAUNJHA09OCT26CE26000FOCT26
NCDEX,82243,2,DHANIYA,DHANIYA09OCT26CE15100FOCT26,OPTFUT,DHANIYA-OPTFUT,21628200082243,2430,884,500,1,5,10,21629200080896,,2026-10-09T00:00:00,15100,3,DHANIYA 09OCT2026 CE 15100,1,1,DHANIYA09OCT26CE15100FOCT26
NCDEX,81437,2,DHANIYA,DHANIYA09OCT26PE13700FOCT26,OPTFUT,DHANIYA-OPTFUT,21628200081437,222,17,500,1,5,10,21629200080896,,2026-10-09T00:00:00,13700,4,DHANIYA 09OCT2026 PE 13700,1,1,DHANIYA09OCT26PE13700FOCT26
NCDEX,82004,2,GUARGUM5,GUARGUM527NOV26PE12000FDEC26,OPTFUT,GUARGUM5-OPTFUT,21633100082004,909,293,250,0.5,5,10,21635200081792,,2026-11-27T00:00:00,12000,4,GUARGUM5 27NOV2026 PE 12000,1,1,GUARGUM527NOV26PE12000FDEC26
NCDEX,82757,2,TMCFGRNZM,TMCFGRNZM08OCT26CE21200FOCT26,OPTFUT,TMCFGRNZM-OPTFUT,21628100082757,1882,508,250,1,5,10,21628900080907,,2026-10-08T00:00:00,21200,3,TMCFGRNZM 08OCT2026 CE 21200,1,1,TMCFGRNZM08OCT26CE21200FOCT26
NCDEX,82579,2,GUARGUM5,GUARGUM524DEC26PE9600FJAN27,OPTFUT,GUARGUM5-OPTFUT,21635800082579,15.5,0.5,250,0.5,5,1,21702000082351,,2026-12-24T00:00:00,9600,4,GUARGUM5 24DEC2026 PE 9600,1,1,GUARGUM524DEC26PE9600FJAN27
NCDEX,81584,2,JEERAUNJHA,JEERAUNJHA09SEP26PE16000FSEP26,OPTFUT,JEERAUNJHA-OPTFUT,21625200081584,20,2,150,2,3,10,21626100081459,,2026-09-09T00:00:00,16000,4,JEERAUNJHA 09SEP2026 PE 16000,1,1,JEERAUNJHA09SEP26PE16000FSEP26
NCDEX,81892,2,TMCFGRNZM,TMCFGRNZM10DEC26PE14400FDEC26,OPTFUT,TMCFGRNZM-OPTFUT,21634400081892,260,77,250,1,5,1,21635200081800,,2026-12-10T00:00:00,14400,4,TMCFGRNZM 10DEC2026 PE 14400,1,1,TMCFGRNZM10DEC26PE14400FDEC26
NCDEX,81996,2,GUARSEED10,GUARSEED1027NOV26PE6200FDEC26,OPTFUT,GUARSEED10-OPTFUT,21633100081996,503,158,500,0.5,5,10,21635200081793,,2026-11-27T00:00:00,6200,4,GUARSEED10 27NOV2026 PE 6200,1,1,GUARSEED1027NOV26PE6200FDEC26
NCDEX,82054,2,GUARGUM5,GUARGUM527NOV26PE9800FDEC26,OPTFUT,GUARGUM5-OPTFUT,21633100082054,128.5,16,250,0.5,5,1,21635200081792,,2026-11-27T00:00:00,9800,4,GUARGUM5 27NOV2026 PE 9800,1,1,GUARGUM527NOV26PE9800FDEC26
NCDEX,82128,2,GUARGUM5,GUARGUM527NOV26CE8800FDEC26,OPTFUT,GUARGUM5-OPTFUT,21633100082128,4388,2928.5,250,0.5,5,1,21635200081792,,2026-11-27T00:00:00,8800,3,GUARGUM5 27NOV2026 CE 8800,1,1,GUARGUM527NOV26CE8800FDEC26
NCDEX,82090,2,GUARGUM5,GUARGUM527NOV26CE12200FDEC26,OPTFUT,GUARGUM5-OPTFUT,21633100082090,1473,528.5,250,0.5,5,10,21635200081792,,2026-11-27T00:00:00,12200,3,GUARGUM5 27NOV2026 CE 12200,1,1,GUARGUM527NOV26CE12200FDEC26
NCDEX,81572,2,GUARSEED10,GUARSEED1030OCT26CE6100FNOV26,OPTFUT,GUARSEED10-OPTFUT,21630300081572,700,198.5,500,0.5,5,10,21632400081456,,2026-10-30T00:00:00,6100,3,GUARSEED10 30OCT2026 CE 6100,1,1,GUARSEED1030OCT26CE6100FNOV26
NCDEX,82339,2,DHANIYA,DHANIYA10DEC26CE15500FDEC26,OPTFUT,DHANIYA-OPTFUT,21634400082339,2734,1318,500,1,5,10,21635200081790,,2026-12-10T00:00:00,15500,3,DHANIYA 10DEC2026 CE 15500,1,1,DHANIYA10DEC26CE15500FDEC26
NCDEX,82881,2,DHANIYA,DHANIYA10DEC26CE18200FDEC26,OPTFUT,DHANIYA-OPTFUT,21634400082881,1291,445,500,1,5,10,21635200081790,,2026-12-10T00:00:00,18200,3,DHANIYA 10DEC2026 CE 18200,1,1,DHANIYA10DEC26CE18200FDEC26
NCDEX,81252,2,GUARGUM5,GUARGUM525SEP26PE9400FOCT26,OPTFUT,GUARGUM5-OPTFUT,21626800081252,12,0.5,250,0.5,5,10,21628900080898,,2026-09-25T00:00:00,9400,4,GUARGUM5 25SEP2026 PE 9400,1,1,GUARGUM525SEP26PE9400FOCT26
NCDEX,83072,2,GUARGUM5,GUARGUM529JAN27CE11000FFEB27,OPTFUT,GUARGUM5-OPTFUT,21702900083072,3102,1714.5,250,0.5,5,1,21705000082905,,2027-01-29T00:00:00,11000,3,GUARGUM5 29JAN2027 CE 11000,1,1,GUARGUM529JAN27CE11000FFEB27
NCDEX,81666,2,GUARGUM5,GUARGUM530OCT26PE12600FNOV26,OPTFUT,GUARGUM5-OPTFUT,21630300081666,1272,405,250,0.5,5,10,21632400081455,,2026-10-30T00:00:00,12600,4,GUARGUM5 30OCT2026 PE 12600,1,1,GUARGUM530OCT26PE12600FNOV26
NCDEX,81619,2,JEERAUNJHA,JEERAUNJHA09SEP26CE26800FSEP26,OPTFUT,JEERAUNJHA-OPTFUT,21625200081619,20,2,150,2,3,1,21626100081459,,2026-09-09T00:00:00,26800,3,JEERAUNJHA 09SEP2026 CE 26800,1,1,JEERAUNJHA09SEP26CE26800FSEP26
NCDEX,81356,2,GUARGUM5,GUARGUM525SEP26CE9000FOCT26,OPTFUT,GUARGUM5-OPTFUT,21626800081356,3843,2398.5,250,0.5,5,10,21628900080898,,2026-09-25T00:00:00,9000,3,GUARGUM5 25SEP2026 CE 9000,1,1,GUARGUM525SEP26CE9000FOCT26
NCDEX,81304,2,DHANIYA,DHANIYA09OCT26CE11100FOCT26,OPTFUT,DHANIYA-OPTFUT,21628200081304,6207,4265,500,1,5,1,21629200080896,,2026-10-09T00:00:00,11100,3,DHANIYA 09OCT2026 CE 11100,1,1,DHANIYA09OCT26CE11100FOCT26
NCDEX,81987,2,TMCFGRNZM,TMCFGRNZM10DEC26CE18200FDEC26,OPTFUT,TMCFGRNZM-OPTFUT,21634400081987,4615,2681,250,1,5,10,21635200081800,,2026-12-10T00:00:00,18200,3,TMCFGRNZM 10DEC2026 CE 18200,1,1,TMCFGRNZM10DEC26CE18200FDEC26
NCDEX,82222,2,TMCFGRNZM,TMCFGRNZM10DEC26CE16400FDEC26,OPTFUT,TMCFGRNZM-OPTFUT,21634400082222,6001,3827,250,1,5,10,21635200081800,,2026-12-10T00:00:00,16400,3,TMCFGRNZM 10DEC2026 CE 16400,1,1,TMCFGRNZM10DEC26CE16400FDEC26
NCDEX,81605,2,GUARGUM5,GUARGUM530OCT26PE15200FNOV26,OPTFUT,GUARGUM5-OPTFUT,21630300081605,3574,2184.5,250,0.5,5,1,21632400081455,,2026-10-30T00:00:00,15200,4,GUARGUM5 30OCT2026 PE 15200,1,1,GUARGUM530OCT26PE15200FNOV26
NCDEX,81953,2,GUARGUM5,GUARGUM527NOV26PE14000FDEC26,OPTFUT,GUARGUM5-OPTFUT,21633100081953,2359,1225.5,250,0.5,5,10,21635200081792,,2026-11-27T00:00:00,14000,4,GUARGUM5 27NOV2026 PE 14000,1,1,GUARGUM527NOV26PE14000FDEC26
NCDEX,82066,2,DHANIYA,DHANIYA10DEC26PE14300FDEC26,OPTFUT,DHANIYA-OPTFUT,21634400082066,707,232,500,1,5,10,21635200081790,,2026-12-10T00:00:00,14300,4,DHANIYA 10DEC2026 PE 14300,1,1,DHANIYA10DEC26PE14300FDEC26
NCDEX,80646,2,GUARSEED10,GUARSEED1028AUG26PE7100FSEP26,OPTFUT,GUARSEED10-OPTFUT,21624000080646,1237.5,492.5,500,0.5,5,10,21626100080559,,2026-08-28T00:00:00,7100,4,GUARSEED10 28AUG2026 PE 7100,1,1,GUARSEED1028AUG26PE7100FSEP26
NCDEX,81727,2,GUARGUM5,GUARGUM530OCT26CE14000FNOV26,OPTFUT,GUARGUM5-OPTFUT,21630300081727,369.5,38.5,250,0.5,5,10,21632400081455,,2026-10-30T00:00:00,14000,3,GUARGUM5 30OCT2026 CE 14000,1,1,GUARGUM530OCT26CE14000FNOV26
NCDEX,82598,2,GUARGUM5,GUARGUM524DEC26PE12000FJAN27,OPTFUT,GUARGUM5-OPTFUT,21635800082598,437.5,68,250,0.5,5,10,21702000082351,,2026-12-24T00:00:00,12000,4,GUARGUM5 24DEC2026 PE 12000,1,1,GUARGUM524DEC26PE12000FJAN27
NCDEX,81359,2,DHANIYA,DHANIYA09OCT26CE11400FOCT26,OPTFUT,DHANIYA-OPTFUT,21628200081359,5911,3970,500,1,5,10,21629200080896,,2026-10-09T00:00:00,11400,3,DHANIYA 09OCT2026 CE 11400,1,1,DHANIYA09OCT26CE11400FOCT26
NCDEX,82076,2,GUARSEED10,GUARSEED1027NOV26PE7200FDEC26,OPTFUT,GUARSEED10-OPTFUT,21633100082076,1285,674.5,500,0.5,5,10,21635200081793,,2026-11-27T00:00:00,7200,4,GUARSEED10 27NOV2026 PE 7200,1,1,GUARSEED1027NOV26PE7200FDEC26
NCDEX,81898,2,GUARGUM5,GUARGUM527NOV26PE13800FDEC26,OPTFUT,GUARGUM5-OPTFUT,21633100081898,2191,1098.5,250,0.5,5,10,21635200081792,,2026-11-27T00:00:00,13800,4,GUARGUM5 27NOV2026 PE 13800,1,1,GUARGUM527NOV26PE13800FDEC26
NCDEX,83262,2,GUARSEED10,GUARSEED1029JAN27CE7500FFEB27,OPTFUT,GUARSEED10-OPTFUT,21702900083262,154.5,25,500,0.5,5,1,21705000082907,,2027-01-29T00:00:00,7500,3,GUARSEED10 29JAN2027 CE 7500,1,1,GUARSEED1029JAN27CE7500FFEB27
NCDEX,82658,2,JEERAUNJHA,JEERAUNJHA12NOV26CE21600FNOV26,OPTFUT,JEERAUNJHA-OPTFUT,21631600082658,1698,244,150,2,3,10,21632400082355,,2026-11-12T00:00:00,21600,3,JEERAUNJHA 12NOV2026 CE 21600,1,1,JEERAUNJHA12NOV26CE21600FNOV26
NCDEX,82143,2,TMCFGRNZM,TMCFGRNZM10DEC26CE14400FDEC26,OPTFUT,TMCFGRNZM-OPTFUT,21634400082143,7741,5394,250,1,5,1,21635200081800,,2026-12-10T00:00:00,14400,3,TMCFGRNZM 10DEC2026 CE 14400,1,1,TMCFGRNZM10DEC26CE14400FDEC26
NCDEX,81675,2,GUARGUM5,GUARGUM530OCT26CE9000FNOV26,OPTFUT,GUARGUM5-OPTFUT,21630300081675,4015.5,2565,250,0.5,5,1,21632400081455,,2026-10-30T00:00:00,9000,3,GUARGUM5 30OCT2026 CE 9000,1,1,GUARGUM530OCT26CE9000FNOV26
NCDEX,82541,2,JEERAUNJHA,JEERAUNJHA12NOV26CE22800FNOV26,OPTFUT,JEERAUNJHA-OPTFUT,21631600082541,966,72,150,2,3,10,21632400082355,,2026-11-12T00:00:00,22800,3,JEERAUNJHA 12NOV2026 CE 22800,1,1,JEERAUNJHA12NOV26CE22800FNOV26
NCDEX,81631,2,JEERAUNJHA,JEERAUNJHA09SEP26CE18800FSEP26,OPTFUT,JEERAUNJHA-OPTFUT,21625200081631,3330,860,150,2,3,10,21626100081459,,2026-09-09T00:00:00,18800,3,JEERAUNJHA 09SEP2026 CE 18800,1,1,JEERAUNJHA09SEP26CE18800FSEP26
NCDEX,82513,2,GUARGUM5,GUARGUM524DEC26PE13000FJAN27,OPTFUT,GUARGUM5-OPTFUT,21635800082513,946,243.5,250,0.5,5,10,21702000082351,,2026-12-24T00:00:00,13000,4,GUARGUM5 24DEC2026 PE 13000,1,1,GUARGUM524DEC26PE13000FJAN27
NCDEX,81991,2,GUARSEED10,GUARSEED1027NOV26PE6900FDEC26,OPTFUT,GUARSEED10-OPTFUT,21633100081991,1024.5,477,500,0.5,5,10,21635200081793,,2026-11-27T00:00:00,6900,4,GUARSEED10 27NOV2026 PE 6900,1,1,GUARSEED1027NOV26PE6900FDEC26
NCDEX,83016,2,TMCFGRNZM,TMCFGRNZM08OCT26PE23400FOCT26,OPTFUT,TMCFGRNZM-OPTFUT,21628100083016,3988,1991,250,1,5,10,21628900080907,,2026-10-08T00:00:00,23400,4,TMCFGRNZM 08OCT2026 PE 23400,1,1,TMCFGRNZM08OCT26PE23400FOCT26
NCDEX,82597,2,GUARGUM5,GUARGUM524DEC26CE9600FJAN27,OPTFUT,GUARGUM5-OPTFUT,21635800082597,4407,2855.5,250,0.5,5,1,21702000082351,,2026-12-24T00:00:00,9600,3,GUARGUM5 24DEC2026 CE 9600,1,1,GUARGUM524DEC26CE9600FJAN27
NCDEX,81560,2,GUARGUM5,GUARGUM530OCT26PE8400FNOV26,OPTFUT,GUARGUM5-OPTFUT,21630300081560,5,0.5,250,0.5,5,1,21632400081455,,2026-10-30T00:00:00,8400,4,GUARGUM5 30OCT2026 PE 8400,1,1,GUARGUM530OCT26PE8400FNOV26
NCDEX,82589,2,GUARSEED10,GUARSEED1024DEC26PE6600FJAN27,OPTFUT,GUARSEED10-OPTFUT,21635800082589,818.5,369.5,500,0.5,5,10,21702000082352,,2026-12-24T00:00:00,6600,4,GUARSEED10 24DEC2026 PE 6600,1,1,GUARSEED1024DEC26PE6600FJAN27
NCDEX,81632,2,JEERAUNJHA,JEERAUNJHA09SEP26CE20800FSEP26,OPTFUT,JEERAUNJHA-OPTFUT,21625200081632,1422,8,150,2,3,10,21626100081459,,2026-09-09T00:00:00,20800,3,JEERAUNJHA 09SEP2026 CE 20800,1,1,JEERAUNJHA09SEP26CE20800FSEP26
NCDEX,80831,2,GUARGUM5,GUARGUM528AUG26PE11200FSEP26,OPTFUT,GUARGUM5-OPTFUT,21624000080831,350.5,0.5,250,0.5,5,10,21626100080558,,2026-08-28T00:00:00,11200,4,GUARGUM5 28AUG2026 PE 11200,1,1,GUARGUM528AUG26PE11200FSEP26
NCDEX,80846,2,GUARGUM5,GUARGUM528AUG26PE13600FSEP26,OPTFUT,GUARGUM5-OPTFUT,21624000080846,2358.5,928.5,250,0.5,5,10,21626100080558,,2026-08-28T00:00:00,13600,4,GUARGUM5 28AUG2026 PE 13600,1,1,GUARGUM528AUG26PE13600FSEP26
NCDEX,83219,2,GUARGUM5,GUARGUM529JAN27PE11400FFEB27,OPTFUT,GUARGUM5-OPTFUT,21702900083219,407.5,101,250,0.5,5,10,21705000082905,,2027-01-29T00:00:00,11400,4,GUARGUM5 29JAN2027 PE 11400,1,1,GUARGUM529JAN27PE11400FFEB27
NCDEX,83076,2,GUARGUM5,GUARGUM529JAN27CE10800FFEB27,OPTFUT,GUARGUM5-OPTFUT,21702900083076,3277.5,1863.5,250,0.5,5,1,21705000082905,,2027-01-29T00:00:00,10800,3,GUARGUM5 29JAN2027 CE 10800,1,1,GUARGUM529JAN27CE10800FFEB27
NCDEX,82285,2,DHANIYA,DHANIYA10DEC26PE14400FDEC26,OPTFUT,DHANIYA-OPTFUT,21634400082285,744,249,500,1,5,10,21635200081790,,2026-12-10T00:00:00,14400,4,DHANIYA 10DEC2026 PE 14400,1,1,DHANIYA10DEC26PE14400FDEC26
NCDEX,82847,2,TMCFGRNZM,TMCFGRNZM08OCT26CE22800FOCT26,OPTFUT,TMCFGRNZM-OPTFUT,21628100082847,1120,209,250,1,5,10,21628900080907,,2026-10-08T00:00:00,22800,3,TMCFGRNZM 08OCT2026 CE 22800,1,1,TMCFGRNZM08OCT26CE22800FOCT26
NCDEX,82663,2,GUARSEED10,GUARSEED1024DEC26PE6900FJAN27,OPTFUT,GUARSEED10-OPTFUT,21635800082663,1051.5,531,500,0.5,5,10,21702000082352,,2026-12-24T00:00:00,6900,4,GUARSEED10 24DEC2026 PE 6900,1,1,GUARSEED1024DEC26PE6900FJAN27
NCDEX,82241,2,DHANIYA,DHANIYA09OCT26CE15500FOCT26,OPTFUT,DHANIYA-OPTFUT,21628200082241,2113,686,500,1,5,10,21629200080896,,2026-10-09T00:00:00,15500,3,DHANIYA 09OCT2026 CE 15500,1,1,DHANIYA09OCT26CE15500FOCT26
NCDEX,81047,2,DHANIYA,DHANIYA09OCT26CE10800FOCT26,OPTFUT,DHANIYA-OPTFUT,21628200081047,6504,4561,500,1,5,1,21629200080896,,2026-10-09T00:00:00,10800,3,DHANIYA 09OCT2026 CE 10800,1,1,DHANIYA09OCT26CE10800FOCT26
NCDEX,82052,2,GUARSEED10,GUARSEED1027NOV26CE7300FDEC26,OPTFUT,GUARSEED10-OPTFUT,21633100082052,182.5,26.5,500,0.5,5,10,21635200081793,,2026-11-27T00:00:00,7300,3,GUARSEED10 27NOV2026 CE 7300,1,1,GUARSEED1027NOV26CE7300FDEC26
NCDEX,83171,2,GUARGUM5,GUARGUM529JAN27PE17200FFEB27,OPTFUT,GUARGUM5-OPTFUT,21702900083171,4564.5,3129,250,0.5,5,1,21705000082905,,2027-01-29T00:00:00,17200,4,GUARGUM5 29JAN2027 PE 17200,1,1,GUARGUM529JAN27PE17200FFEB27
NCDEX,81301,2,DHANIYA,DHANIYA09OCT26PE11200FOCT26,OPTFUT,DHANIYA-OPTFUT,21628200081301,10,1,500,1,5,1,21629200080896,,2026-10-09T00:00:00,11200,4,DHANIYA 09OCT2026 PE 11200,1,1,DHANIYA09OCT26PE11200FOCT26
NCDEX,81671,2,GUARSEED10,GUARSEED1030OCT26PE4700FNOV26,OPTFUT,GUARSEED10-OPTFUT,21630300081671,9.5,0.5,500,0.5,5,1,21632400081456,,2026-10-30T00:00:00,4700,4,GUARSEED10 30OCT2026 PE 4700,1,1,GUARSEED1030OCT26PE4700FNOV26
NCDEX,82027,2,GUARGUM5,GUARGUM527NOV26CE13800FDEC26,OPTFUT,GUARGUM5-OPTFUT,21633100082027,664.5,149.5,250,0.5,5,10,21635200081792,,2026-11-27T00:00:00,13800,3,GUARGUM5 27NOV2026 CE 13800,1,1,GUARGUM527NOV26CE13800FDEC26
NCDEX,80804,2,GUARSEED10,GUARSEED1028AUG26PE4900FSEP26,OPTFUT,GUARSEED10-OPTFUT,21624000080804,5,0.5,500,0.5,5,10,21626100080559,,2026-08-28T00:00:00,4900,4,GUARSEED10 28AUG2026 PE 4900,1,1,GUARSEED1028AUG26PE4900FSEP26
NCDEX,81117,2,GUARGUM5,GUARGUM525SEP26CE15200FOCT26,OPTFUT,GUARGUM5-OPTFUT,21626800081117,32,0.5,250,0.5,5,1,21628900080898,,2026-09-25T00:00:00,15200,3,GUARGUM5 25SEP2026 CE 15200,1,1,GUARGUM525SEP26CE15200FOCT26
NCDEX,82064,2,GUARGUM5,GUARGUM527NOV26CE9000FDEC26,OPTFUT,GUARGUM5-OPTFUT,21633100082064,4194,2740.5,250,0.5,5,1,21635200081792,,2026-11-27T00:00:00,9000,3,GUARGUM5 27NOV2026 CE 9000,1,1,GUARGUM527NOV26CE9000FDEC26
NCDEX,83239,2,JEERAUNJHA,JEERAUNJHA10DEC26CE20800FDEC26,OPTFUT,JEERAUNJHA-OPTFUT,21634400083239,2692,726,150,2,3,10,21635200082910,,2026-12-10T00:00:00,20800,3,JEERAUNJHA 10DEC2026 CE 20800,1,1,JEERAUNJHA10DEC26CE20800FDEC26
NCDEX,80644,2,GUARGUM5,GUARGUM528AUG26PE14400FSEP26,OPTFUT,GUARGUM5-OPTFUT,21624000080644,3153,1723,250,0.5,5,10,21626100080558,,2026-08-28T00:00:00,14400,4,GUARGUM5 28AUG2026 PE 14400,1,1,GUARGUM528AUG26PE14400FSEP26
NCDEX,82711,2,DHANIYA,DHANIYA10DEC26CE16600FDEC26,OPTFUT,DHANIYA-OPTFUT,21634400082711,2054,870,500,1,5,10,21635200081790,,2026-12-10T00:00:00,16600,3,DHANIYA 10DEC2026 CE 16600,1,1,DHANIYA10DEC26CE16600FDEC26
NCDEX,80806,2,GUARGUM5,GUARGUM528AUG26CE8400FSEP26,OPTFUT,GUARGUM5-OPTFUT,21624000080806,4262,2832,250,0.5,5,10,21626100080558,,2026-08-28T00:00:00,8400,3,GUARGUM5 28AUG2026 CE 8400,1,1,GUARGUM528AUG26CE8400FSEP26
NCDEX,81934,2,GUARSEED10,GUARSEED1027NOV26CE5100FDEC26,OPTFUT,GUARSEED10-OPTFUT,21633100081934,1574,871.5,500,0.5,5,1,21635200081793,,2026-11-27T00:00:00,5100,3,GUARSEED10 27NOV2026 CE 5100,1,1,GUARSEED1027NOV26CE5100FDEC26
NCDEX,82053,2,GUARGUM5,GUARGUM527NOV26CE10600FDEC26,OPTFUT,GUARGUM5-OPTFUT,21633100082053,2704.5,1394.5,250,0.5,5,10,21635200081792,,2026-11-27T00:00:00,10600,3,GUARGUM5 27NOV2026 CE 10600,1,1,GUARGUM527NOV26CE10600FDEC26
NCDEX,81579,2,GUARGUM5,GUARGUM530OCT26PE12000FNOV26,OPTFUT,GUARGUM5-OPTFUT,21630300081579,864.5,210,250,0.5,5,10,21632400081455,,2026-10-30T00:00:00,12000,4,GUARGUM5 30OCT2026 PE 12000,1,1,GUARGUM530OCT26PE12000FNOV26
NCDEX,81271,2,GUARGUM5,GUARGUM525SEP26CE14400FOCT26,OPTFUT,GUARGUM5-OPTFUT,21626800081271,97,0.5,250,0.5,5,10,21628900080898,,2026-09-25T00:00:00,14400,3,GUARGUM5 25SEP2026 CE 14400,1,1,GUARGUM525SEP26CE14400FOCT26
NCDEX,81111,2,GUARGUM5,GUARGUM525SEP26PE12200FOCT26,OPTFUT,GUARGUM5-OPTFUT,21626800081111,967,136.5,250,0.5,5,10,21628900080898,,2026-09-25T00:00:00,12200,4,GUARGUM5 25SEP2026 PE 12200,1,1,GUARGUM525SEP26PE12200FOCT26
NCDEX,82049,2,GUARGUM5,GUARGUM527NOV26CE14400FDEC26,OPTFUT,GUARGUM5-OPTFUT,21633100082049,470,87,250,0.5,5,10,21635200081792,,2026-11-27T00:00:00,14400,3,GUARGUM5 27NOV2026 CE 14400,1,1,GUARGUM527NOV26CE14400FDEC26
NCDEX,82176,2,JEERAUNJHA,JEERAUNJHA09OCT26CE16800FOCT26,OPTFUT,JEERAUNJHA-OPTFUT,21628200082176,5706,3186,150,2,3,10,21629200081796,,2026-10-09T00:00:00,16800,3,JEERAUNJHA 09OCT2026 CE 16800,1,1,JEERAUNJHA09OCT26CE16800FOCT26
NCDEX,81250,2,TMCFGRNZM,TMCFGRNZM08OCT26CE14000FOCT26,OPTFUT,TMCFGRNZM-OPTFUT,21628100081250,8036,5565,250,1,5,10,21628900080907,,2026-10-08T00:00:00,14000,3,TMCFGRNZM 08OCT2026 CE 14000,1,1,TMCFGRNZM08OCT26CE14000FOCT26
NCDEX,83246,2,JEERAUNJHA,JEERAUNJHA10DEC26PE14800FDEC26,OPTFUT,JEERAUNJHA-OPTFUT,21634400083246,20,2,150,2,3,1,21635200082910,,2026-12-10T00:00:00,14800,4,JEERAUNJHA 10DEC2026 PE 14800,1,1,JEERAUNJHA10DEC26PE14800FDEC26
NCDEX,82537,2,GUARGUM5,GUARGUM524DEC26PE12200FJAN27,OPTFUT,GUARGUM5-OPTFUT,21635800082537,521,90.5,250,0.5,5,10,21702000082351,,2026-12-24T00:00:00,12200,4,GUARGUM5 24DEC2026 PE 12200,1,1,GUARGUM524DEC26PE12200FJAN27
NCDEX,80765,2,GUARGUM5,GUARGUM528AUG26CE12000FSEP26,OPTFUT,GUARGUM5-OPTFUT,21624000080765,827,5,250,0.5,5,10,21626100080558,,2026-08-28T00:00:00,12000,3,GUARGUM5 28AUG2026 CE 12000,1,1,GUARGUM528AUG26CE12000FSEP26
NCDEX,82234,2,DHANIYA,DHANIYA09OCT26PE14700FOCT26,OPTFUT,DHANIYA-OPTFUT,21628200082234,523,71,500,1,5,10,21629200080896,,2026-10-09T00:00:00,14700,4,DHANIYA 09OCT2026 PE 14700,1,1,DHANIYA09OCT26PE14700FOCT26
NCDEX,83236,2,JEERAUNJHA,JEERAUNJHA10DEC26CE28800FDEC26,OPTFUT,JEERAUNJHA-OPTFUT,21634400083236,24,2,150,2,3,1,21635200082910,,2026-12-10T00:00:00,28800,3,JEERAUNJHA 10DEC2026 CE 28800,1,1,JEERAUNJHA10DEC26CE28800FDEC26
NCDEX,82802,2,TMCFGRNZM,TMCFGRNZM10DEC26PE22600FDEC26,OPTFUT,TMCFGRNZM-OPTFUT,21634400082802,3899,2391,250,1,5,10,21635200081800,,2026-12-10T00:00:00,22600,4,TMCFGRNZM 10DEC2026 PE 22600,1,1,TMCFGRNZM10DEC26PE22600FDEC26
NCDEX,82204,2,GUARSEED10,GUARSEED1027NOV26PE6000FDEC26,OPTFUT,GUARSEED10-OPTFUT,21633100082204,385,104.5,500,0.5,5,10,21635200081793,,2026-11-27T00:00:00,6000,4,GUARSEED10 27NOV2026 PE 6000,1,1,GUARSEED1027NOV26PE6000FDEC26
NCDEX,83102,2,JEERAUNJHA,JEERAUNJHA10DEC26CE15600FDEC26,OPTFUT,JEERAUNJHA-OPTFUT,21634400083102,7626,5046,150,2,3,1,21635200082910,,2026-12-10T00:00:00,15600,3,JEERAUNJHA 10DEC2026 CE 15600,1,1,JEERAUNJHA10DEC26CE15600FDEC26
NCDEX,82041,2,TMCFGRNZM,TMCFGRNZM10DEC26PE17000FDEC26,OPTFUT,TMCFGRNZM-OPTFUT,21634400082041,869,353,250,1,5,10,21635200081800,,2026-12-10T00:00:00,17000,4,TMCFGRNZM 10DEC2026 PE 17000,1,1,TMCFGRNZM10DEC26PE17000FDEC26
NCDEX,82689,2,TMCFGRNZM,TMCFGRNZM08OCT26CE19600FOCT26,OPTFUT,TMCFGRNZM-OPTFUT,21628100082689,2929,1086,250,1,5,10,21628900080907,,2026-10-08T00:00:00,19600,3,TMCFGRNZM 08OCT2026 CE 19600,1,1,TMCFGRNZM08OCT26CE19600FOCT26
NCDEX,83085,2,GUARSEED10,GUARSEED1029JAN27PE7700FFEB27,OPTFUT,GUARSEED10-OPTFUT,21702900083085,1727.5,1071.5,500,0.5,5,1,21705000082907,,2027-01-29T00:00:00,7700,4,GUARSEED10 29JAN2027 PE 7700,1,1,GUARSEED1029JAN27PE7700FFEB27
NCDEX,80762,2,GUARSEED10,GUARSEED1028AUG26CE6900FSEP26,OPTFUT,GUARSEED10-OPTFUT,21624000080762,86.5,0.5,500,0.5,5,10,21626100080559,,2026-08-28T00:00:00,6900,3,GUARSEED10 28AUG2026 CE 6900,1,1,GUARSEED1028AUG26CE6900FSEP26
NCDEX,82580,2,JEERAUNJHA,JEERAUNJHA12NOV26CE24800FNOV26,OPTFUT,JEERAUNJHA-OPTFUT,21631600082580,282,6,150,2,3,10,21632400082355,,2026-11-12T00:00:00,24800,3,JEERAUNJHA 12NOV2026 CE 24800,1,1,JEERAUNJHA12NOV26CE24800FNOV26
NCDEX,80664,2,GUARGUM5,GUARGUM528AUG26PE10000FSEP26,OPTFUT,GUARGUM5-OPTFUT,21624000080664,31,0.5,250,0.5,5,10,21626100080558,,2026-08-28T00:00:00,10000,4,GUARGUM5 28AUG2026 PE 10000,1,1,GUARGUM528AUG26PE10000FSEP26
NCDEX,81979,2,TMCFGRNZM,TMCFGRNZM10DEC26CE19200FDEC26,OPTFUT,TMCFGRNZM-OPTFUT,21634400081979,3936,2161,250,1,5,10,21635200081800,,2026-12-10T00:00:00,19200,3,TMCFGRNZM 10DEC2026 CE 19200,1,1,TMCFGRNZM10DEC26CE19200FDEC26
NCDEX,81110,2,GUARSEED10,GUARSEED1025SEP26PE6500FOCT26,OPTFUT,GUARSEED10-OPTFUT,21626800081110,623.5,122.5,500,0.5,5,10,21628900080899,,2026-09-25T00:00:00,6500,4,GUARSEED10 25SEP2026 PE 6500,1,1,GUARSEED1025SEP26PE6500FOCT26
NCDEX,82028,2,GUARGUM5,GUARGUM527NOV26PE9000FDEC26,OPTFUT,GUARGUM5-OPTFUT,21633100082028,42,3.5,250,0.5,5,1,21635200081792,,2026-11-27T00:00:00,9000,4,GUARGUM5 27NOV2026 PE 9000,1,1,GUARGUM527NOV26PE9000FDEC26
NCDEX,82636,2,GUARSEED10,GUARSEED1024DEC26CE7200FJAN27,OPTFUT,GUARSEED10-OPTFUT,21635800082636,258,56.5,500,0.5,5,10,21702000082352,,2026-12-24T00:00:00,7200,3,GUARSEED10 24DEC2026 CE 7200,1,1,GUARSEED1024DEC26CE7200FJAN27
NCDEX,82778,2,TMCFGRNZM,TMCFGRNZM10DEC26PE21200FDEC26,OPTFUT,TMCFGRNZM-OPTFUT,21634400082778,2940,1669,250,1,5,10,21635200081800,,2026-12-10T00:00:00,21200,4,TMCFGRNZM 10DEC2026 PE 21200,1,1,TMCFGRNZM10DEC26PE21200FDEC26
NCDEX,80999,2,TMCFGRNZM,TMCFGRNZM08OCT26PE15000FOCT26,OPTFUT,TMCFGRNZM-OPTFUT,21628100080999,55,2,250,1,5,10,21628900080907,,2026-10-08T00:00:00,15000,4,TMCFGRNZM 08OCT2026 PE 15000,1,1,TMCFGRNZM08OCT26PE15000FOCT26
NCDEX,81949,2,GUARGUM5,GUARGUM527NOV26PE16000FDEC26,OPTFUT,GUARGUM5-OPTFUT,21633100081949,4180.5,2794.5,250,0.5,5,1,21635200081792,,2026-11-27T00:00:00,16000,4,GUARGUM5 27NOV2026 PE 16000,1,1,GUARGUM527NOV26PE16000FDEC26
NCDEX,81715,2,GUARSEED10,GUARSEED1030OCT26PE4400FNOV26,OPTFUT,GUARSEED10-OPTFUT,21630300081715,5,0.5,500,0.5,5,1,21632400081456,,2026-10-30T00:00:00,4400,4,GUARSEED10 30OCT2026 PE 4400,1,1,GUARSEED1030OCT26PE4400FNOV26
NCDEX,81910,2,TMCFGRNZM,TMCFGRNZM10DEC26CE16000FDEC26,OPTFUT,TMCFGRNZM-OPTFUT,21634400081910,6334,4118,250,1,5,10,21635200081800,,2026-12-10T00:00:00,16000,3,TMCFGRNZM 10DEC2026 CE 16000,1,1,TMCFGRNZM10DEC26CE16000FDEC26
NCDEX,83272,2,GUARSEED10,GUARSEED1029JAN27CE4800FFEB27,OPTFUT,GUARSEED10-OPTFUT,21702900083272,1836,1126.5,500,0.5,5,1,21705000082907,,2027-01-29T00:00:00,4800,3,GUARSEED10 29JAN2027 CE 4800,1,1,GUARSEED1029JAN27CE4800FFEB27
NCDEX,82227,2,GUARSEED10,GUARSEED1027NOV26CE5400FDEC26,OPTFUT,GUARSEED10-OPTFUT,21633100082227,1299,638.5,500,0.5,5,10,21635200081793,,2026-11-27T00:00:00,5400,3,GUARSEED10 27NOV2026 CE 5400,1,1,GUARSEED1027NOV26CE5400FDEC26
NCDEX,80788,2,GUARGUM5,GUARGUM528AUG26PE9200FSEP26,OPTFUT,GUARGUM5-OPTFUT,21624000080788,5,0.5,250,0.5,5,10,21626100080558,,2026-08-28T00:00:00,9200,4,GUARGUM5 28AUG2026 PE 9200,1,1,GUARGUM528AUG26PE9200FSEP26
NCDEX,81944,2,JEERAUNJHA,JEERAUNJHA09OCT26CE24400FOCT26,OPTFUT,JEERAUNJHA-OPTFUT,21628200081944,186,2,150,2,3,10,21629200081796,,2026-10-09T00:00:00,24400,3,JEERAUNJHA 09OCT2026 CE 24400,1,1,JEERAUNJHA09OCT26CE24400FOCT26
NCDEX,82527,2,GUARGUM5,GUARGUM524DEC26CE13200FJAN27,OPTFUT,GUARGUM5-OPTFUT,21635800082527,1269.5,340,250,0.5,5,10,21702000082351,,2026-12-24T00:00:00,13200,3,GUARGUM5 24DEC2026 CE 13200,1,1,GUARGUM524DEC26CE13200FJAN27
NCDEX,83049,2,DHANIYA,DHANIYA12JAN27PE16500FJAN27,OPTFUT,DHANIYA-OPTFUT,21701200083049,2122,1138,500,1,5,10,21702000082903,,2027-01-12T00:00:00,16500,4,DHANIYA 12JAN2027 PE 16500,1,1,DHANIYA12JAN27PE16500FJAN27
NCDEX,83132,2,GUARGUM5,GUARGUM529JAN27PE10400FFEB27,OPTFUT,GUARGUM5-OPTFUT,21702900083132,162,27.5,250,0.5,5,1,21705000082905,,2027-01-29T00:00:00,10400,4,GUARGUM5 29JAN2027 PE 10400,1,1,GUARGUM529JAN27PE10400FFEB27
NCDEX,81614,2,JEERAUNJHA,JEERAUNJHA09SEP26PE23600FSEP26,OPTFUT,JEERAUNJHA-OPTFUT,21625200081614,3936,1454,150,2,3,10,21626100081459,,2026-09-09T00:00:00,23600,4,JEERAUNJHA 09SEP2026 PE 23600,1,1,JEERAUNJHA09SEP26PE23600FSEP26
NCDEX,82187,2,GUARGUM5,GUARGUM527NOV26PE10000FDEC26,OPTFUT,GUARGUM5-OPTFUT,21633100082187,163,22.5,250,0.5,5,10,21635200081792,,2026-11-27T00:00:00,10000,4,GUARGUM5 27NOV2026 PE 10000,1,1,GUARGUM527NOV26PE10000FDEC26
NCDEX,80693,2,GUARSEED10,GUARSEED1028AUG26PE6100FSEP26,OPTFUT,GUARSEED10-OPTFUT,21624000080693,321.5,1,500,0.5,5,10,21626100080559,,2026-08-28T00:00:00,6100,4,GUARSEED10 28AUG2026 PE 6100,1,1,GUARSEED1028AUG26PE6100FSEP26
NCDEX,82037,2,GUARSEED10,GUARSEED1027NOV26PE7000FDEC26,OPTFUT,GUARSEED10-OPTFUT,21633100082037,1109.5,539,500,0.5,5,10,21635200081793,,2026-11-27T00:00:00,7000,4,GUARSEED10 27NOV2026 PE 7000,1,1,GUARSEED1027NOV26PE7000FDEC26
NCDEX,82511,2,GUARGUM5,GUARGUM524DEC26CE14200FJAN27,OPTFUT,GUARGUM5-OPTFUT,21635800082511,725,127.5,250,0.5,5,10,21702000082351,,2026-12-24T00:00:00,14200,3,GUARGUM5 24DEC2026 CE 14200,1,1,GUARGUM524DEC26CE14200FJAN27
NCDEX,82249,2,TMCFGRNZM,TMCFGRNZM08OCT26PE18800FOCT26,OPTFUT,TMCFGRNZM-OPTFUT,21628100082249,865,170,250,1,5,10,21628900080907,,2026-10-08T00:00:00,18800,4,TMCFGRNZM 08OCT2026 PE 18800,1,1,TMCFGRNZM08OCT26PE18800FOCT26
NCDEX,81435,2,DHANIYA,DHANIYA09OCT26CE13700FOCT26,OPTFUT,DHANIYA-OPTFUT,21628200081435,3671,1839,500,1,5,10,21629200080896,,2026-10-09T00:00:00,13700,3,DHANIYA 09OCT2026 CE 13700,1,1,DHANIYA09OCT26CE13700FOCT26
NCDEX,82607,2,GUARGUM5,GUARGUM524DEC26CE8200FJAN27,OPTFUT,GUARGUM5-OPTFUT,21635800082607,5770,4213,250,0.5,5,1,21702000082351,,2026-12-24T00:00:00,8200,3,GUARGUM5 24DEC2026 CE 8200,1,1,GUARGUM524DEC26CE8200FJAN27
NCDEX,81294,2,GUARGUM5,GUARGUM525SEP26CE12200FOCT26,OPTFUT,GUARGUM5-OPTFUT,21626800081294,912,96,250,0.5,5,10,21628900080898,,2026-09-25T00:00:00,12200,3,GUARGUM5 25SEP2026 CE 12200,1,1,GUARGUM525SEP26CE12200FOCT26
NCDEX,82035,2,JEERAUNJHA,JEERAUNJHA09OCT26PE18000FOCT26,OPTFUT,JEERAUNJHA-OPTFUT,21628200082035,78,2,150,2,3,10,21629200081796,,2026-10-09T00:00:00,18000,4,JEERAUNJHA 09OCT2026 PE 18000,1,1,JEERAUNJHA09OCT26PE18000FOCT26
NCDEX,82591,2,JEERAUNJHA,JEERAUNJHA12NOV26CE16000FNOV26,OPTFUT,JEERAUNJHA-OPTFUT,21631600082591,6868,4314,150,2,3,1,21632400082355,,2026-11-12T00:00:00,16000,3,JEERAUNJHA 12NOV2026 CE 16000,1,1,JEERAUNJHA12NOV26CE16000FNOV26
NCDEX,82506,2,JEERAUNJHA,JEERAUNJHA12NOV26CE13600FNOV26,OPTFUT,JEERAUNJHA-OPTFUT,21631600082506,9230,6674,150,2,3,1,21632400082355,,2026-11-12T00:00:00,13600,3,JEERAUNJHA 12NOV2026 CE 13600,1,1,JEERAUNJHA12NOV26CE13600FNOV26
NCDEX,81553,2,GUARSEED10,GUARSEED1030OCT26CE6600FNOV26,OPTFUT,GUARSEED10-OPTFUT,21630300081553,389,68,500,0.5,5,10,21632400081456,,2026-10-30T00:00:00,6600,3,GUARSEED10 30OCT2026 CE 6600,1,1,GUARSEED1030OCT26CE6600FNOV26
NCDEX,82713,2,DHANIYA,DHANIYA09OCT26PE17400FOCT26,OPTFUT,DHANIYA-OPTFUT,21628200082713,2211,838,500,1,5,10,21629200080896,,2026-10-09T00:00:00,17400,4,DHANIYA 09OCT2026 PE 17400,1,1,DHANIYA09OCT26PE17400FOCT26
NCDEX,81166,2,TMCFGRNZM,TMCFGRNZM08OCT26CE13000FOCT26,OPTFUT,TMCFGRNZM-OPTFUT,21628100081166,9025,6551,250,1,5,1,21628900080907,,2026-10-08T00:00:00,13000,3,TMCFGRNZM 08OCT2026 CE 13000,1,1,TMCFGRNZM08OCT26CE13000FOCT26
NCDEX,80687,2,GUARGUM5,GUARGUM528AUG26CE9600FSEP26,OPTFUT,GUARGUM5-OPTFUT,21624000080687,3065,1635,250,0.5,5,10,21626100080558,,2026-08-28T00:00:00,9600,3,GUARGUM5 28AUG2026 CE 9600,1,1,GUARGUM528AUG26CE9600FSEP26
NCDEX,80689,2,GUARSEED10,GUARSEED1028AUG26PE5600FSEP26,OPTFUT,GUARSEED10-OPTFUT,21624000080689,70,0.5,500,0.5,5,10,21626100080559,,2026-08-28T00:00:00,5600,4,GUARSEED10 28AUG2026 PE 5600,1,1,GUARSEED1028AUG26PE5600FSEP26
NCDEX,83055,2,GUARGUM5,GUARGUM529JAN27PE10000FFEB27,OPTFUT,GUARGUM5-OPTFUT,21702900083055,103.5,15,250,0.5,5,1,21705000082905,,2027-01-29T00:00:00,10000,4,GUARGUM5 29JAN2027 PE 10000,1,1,GUARGUM529JAN27PE10000FFEB27
NCDEX,80753,2,GUARGUM5,GUARGUM528AUG26CE9200FSEP26,OPTFUT,GUARGUM5-OPTFUT,21624000080753,3464,2034,250,0.5,5,10,21626100080558,,2026-08-28T00:00:00,9200,3,GUARGUM5 28AUG2026 CE 9200,1,1,GUARGUM528AUG26CE9200FSEP26
NCDEX,82156,2,JEERAUNJHA,JEERAUNJHA09OCT26PE17600FOCT26,OPTFUT,JEERAUNJHA-OPTFUT,21628200082156,42,2,150,2,3,10,21629200081796,,2026-10-09T00:00:00,17600,4,JEERAUNJHA 09OCT2026 PE 17600,1,1,JEERAUNJHA09OCT26PE17600FOCT26
NCDEX,82876,2,DHANIYA,DHANIYA10DEC26PE18300FDEC26,OPTFUT,DHANIYA-OPTFUT,21634400082876,3060,1725,500,1,5,10,21635200081790,,2026-12-10T00:00:00,18300,4,DHANIYA 10DEC2026 PE 18300,1,1,DHANIYA10DEC26PE18300FDEC26
NCDEX,81155,2,DHANIYA,DHANIYA09OCT26CE12500FOCT26,OPTFUT,DHANIYA-OPTFUT,21628200081155,4827,2905,500,1,5,10,21629200080896,,2026-10-09T00:00:00,12500,3,DHANIYA 09OCT2026 CE 12500,1,1,DHANIYA09OCT26CE12500FOCT26
NCDEX,82643,2,GUARGUM5,GUARGUM524DEC26PE8800FJAN27,OPTFUT,GUARGUM5-OPTFUT,21635800082643,5,0.5,250,0.5,5,1,21702000082351,,2026-12-24T00:00:00,8800,4,GUARGUM5 24DEC2026 PE 8800,1,1,GUARGUM524DEC26PE8800FJAN27
NCDEX,82475,2,JEERAUNJHA,JEERAUNJHA12NOV26CE19600FNOV26,OPTFUT,JEERAUNJHA-OPTFUT,21631600082475,3372,1106,150,2,3,10,21632400082355,,2026-11-12T00:00:00,19600,3,JEERAUNJHA 12NOV2026 CE 19600,1,1,JEERAUNJHA12NOV26CE19600FNOV26
NCDEX,81955,2,TMCFGRNZM,TMCFGRNZM10DEC26CE13600FDEC26,OPTFUT,TMCFGRNZM-OPTFUT,21634400081955,8479,6090,250,1,5,1,21635200081800,,2026-12-10T00:00:00,13600,3,TMCFGRNZM 10DEC2026 CE 13600,1,1,TMCFGRNZM10DEC26CE13600FDEC26
NCDEX,83047,2,GUARSEED10,GUARSEED1029JAN27PE5900FFEB27,OPTFUT,GUARSEED10-OPTFUT,21702900083047,349,102,500,0.5,5,10,21705000082907,,2027-01-29T00:00:00,5900,4,GUARSEED10 29JAN2027 PE 5900,1,1,GUARSEED1029JAN27PE5900FFEB27
NCDEX,80677,2,GUARGUM5,GUARGUM528AUG26PE9600FSEP26,OPTFUT,GUARGUM5-OPTFUT,21624000080677,9,0.5,250,0.5,5,10,21626100080558,,2026-08-28T00:00:00,9600,4,GUARGUM5 28AUG2026 PE 9600,1,1,GUARGUM528AUG26PE9600FSEP26
NCDEX,81745,2,GUARGUM5,GUARGUM530OCT26PE10000FNOV26,OPTFUT,GUARGUM5-OPTFUT,21630300081745,108.5,6.5,250,0.5,5,10,21632400081455,,2026-10-30T00:00:00,10000,4,GUARGUM5 30OCT2026 PE 10000,1,1,GUARGUM530OCT26PE10000FNOV26
NCDEX,81129,2,GUARSEED10,GUARSEED1025SEP26PE4800FOCT26,OPTFUT,GUARSEED10-OPTFUT,21626800081129,5,0.5,500,0.5,5,1,21628900080899,,2026-09-25T00:00:00,4800,4,GUARSEED10 25SEP2026 PE 4800,1,1,GUARSEED1025SEP26PE4800FOCT26
NCDEX,83241,2,TMCFGRNZM,TMCFGRNZM10DEC26CE23800FDEC26,OPTFUT,TMCFGRNZM-OPTFUT,21634400083241,1696,696,250,1,5,10,21635200081800,,2026-12-10T00:00:00,23800,3,TMCFGRNZM 10DEC2026 CE 23800,1,1,TMCFGRNZM10DEC26CE23800FDEC26
NCDEX,83135,2,DHANIYA,DHANIYA12JAN27CE18100FJAN27,OPTFUT,DHANIYA-OPTFUT,21701200083135,1368,541,500,1,5,10,21702000082903,,2027-01-12T00:00:00,18100,3,DHANIYA 12JAN2027 CE 18100,1,1,DHANIYA12JAN27CE18100FJAN27
NCDEX,82069,2,DHANIYA,DHANIYA10DEC26PE13300FDEC26,OPTFUT,DHANIYA-OPTFUT,21634400082069,398,106,500,1,5,10,21635200081790,,2026-12-10T00:00:00,13300,4,DHANIYA 10DEC2026 PE 13300,1,1,DHANIYA10DEC26PE13300FDEC26
NCDEX,83226,2,DHANIYA,DHANIYA12JAN27CE17000FJAN27,OPTFUT,DHANIYA-OPTFUT,21701200083226,1831,807,500,1,5,10,21702000082903,,2027-01-12T00:00:00,17000,3,DHANIYA 12JAN2027 CE 17000,1,1,DHANIYA12JAN27CE17000FJAN27
NCDEX,82463,2,JEERAUNJHA,JEERAUNJHA12NOV26CE20000FNOV26,OPTFUT,JEERAUNJHA-OPTFUT,21631600082463,3004,862,150,2,3,10,21632400082355,,2026-11-12T00:00:00,20000,3,JEERAUNJHA 12NOV2026 CE 20000,1,1,JEERAUNJHA12NOV26CE20000FNOV26
NCDEX,81941,2,TMCFGRNZM,TMCFGRNZM10DEC26PE16200FDEC26,OPTFUT,TMCFGRNZM-OPTFUT,21634400081941,630,234,250,1,5,10,21635200081800,,2026-12-10T00:00:00,16200,4,TMCFGRNZM 10DEC2026 PE 16200,1,1,TMCFGRNZM10DEC26PE16200FDEC26
NCDEX,83008,2,JEERAUNJHA,JEERAUNJHA10DEC26CE15200FDEC26,OPTFUT,JEERAUNJHA-OPTFUT,21634400083008,8016,5438,150,2,3,1,21635200082910,,2026-12-10T00:00:00,15200,3,JEERAUNJHA 10DEC2026 CE 15200,1,1,JEERAUNJHA10DEC26CE15200FDEC26
NCDEX,83017,2,JEERAUNJHA,JEERAUNJHA10DEC26PE22400FDEC26,OPTFUT,JEERAUNJHA-OPTFUT,21634400083017,1908,422,150,2,3,10,21635200082910,,2026-12-10T00:00:00,22400,4,JEERAUNJHA 10DEC2026 PE 22400,1,1,JEERAUNJHA10DEC26PE22400FDEC26
NCDEX,83253,2,DHANIYA,DHANIYA12JAN27CE17500FJAN27,OPTFUT,DHANIYA-OPTFUT,21701200083253,1607,675,500,1,5,10,21702000082903,,2027-01-12T00:00:00,17500,3,DHANIYA 12JAN2027 CE 17500,1,1,DHANIYA12JAN27CE17500FJAN27
NCDEX,83094,2,GUARGUM5,GUARGUM529JAN27PE16600FFEB27,OPTFUT,GUARGUM5-OPTFUT,21702900083094,4009,2622,250,0.5,5,1,21705000082905,,2027-01-29T00:00:00,16600,4,GUARGUM5 29JAN2027 PE 16600,1,1,GUARGUM529JAN27PE16600FFEB27
NCDEX,81897,2,TMCFGRNZM,TMCFGRNZM10DEC26CE15800FDEC26,OPTFUT,TMCFGRNZM-OPTFUT,21634400081897,6503,4267,250,1,5,10,21635200081800,,2026-12-10T00:00:00,15800,3,TMCFGRNZM 10DEC2026 CE 15800,1,1,TMCFGRNZM10DEC26CE15800FDEC26
NCDEX,82122,2,JEERAUNJHA,JEERAUNJHA09OCT26PE13200FOCT26,OPTFUT,JEERAUNJHA-OPTFUT,21628200082122,20,2,150,2,3,1,21629200081796,,2026-10-09T00:00:00,13200,4,JEERAUNJHA 09OCT2026 PE 13200,1,1,JEERAUNJHA09OCT26PE13200FOCT26
NCDEX,83050,2,JEERAUNJHA,JEERAUNJHA10DEC26PE22800FDEC26,OPTFUT,JEERAUNJHA-OPTFUT,21634400083050,2222,568,150,2,3,10,21635200082910,,2026-12-10T00:00:00,22800,4,JEERAUNJHA 10DEC2026 PE 22800,1,1,JEERAUNJHA10DEC26PE22800FDEC26
NCDEX,83028,2,JEERAUNJHA,JEERAUNJHA10DEC26CE18800FDEC26,OPTFUT,JEERAUNJHA-OPTFUT,21634400083028,4512,2044,150,2,3,10,21635200082910,,2026-12-10T00:00:00,18800,3,JEERAUNJHA 10DEC2026 CE 18800,1,1,JEERAUNJHA10DEC26CE18800FDEC26
NCDEX,83145,2,DHANIYA,DHANIYA12JAN27CE16900FJAN27,OPTFUT,DHANIYA-OPTFUT,21701200083145,1879,836,500,1,5,10,21702000082903,,2027-01-12T00:00:00,16900,3,DHANIYA 12JAN2027 CE 16900,1,1,DHANIYA12JAN27CE16900FJAN27
NCDEX,81352,2,GUARGUM5,GUARGUM525SEP26CE12000FOCT26,OPTFUT,GUARGUM5-OPTFUT,21626800081352,1052.5,138,250,0.5,5,10,21628900080898,,2026-09-25T00:00:00,12000,3,GUARGUM5 25SEP2026 CE 12000,1,1,GUARGUM525SEP26CE12000FOCT26
NCDEX,81028,2,GUARGUM5,GUARGUM525SEP26CE13400FOCT26,OPTFUT,GUARGUM5-OPTFUT,21626800081028,313.5,6.5,250,0.5,5,10,21628900080898,,2026-09-25T00:00:00,13400,3,GUARGUM5 25SEP2026 CE 13400,1,1,GUARGUM525SEP26CE13400FOCT26
NCDEX,83163,2,JEERAUNJHA,JEERAUNJHA10DEC26CE19200FDEC26,OPTFUT,JEERAUNJHA-OPTFUT,21634400083163,4130,1722,150,2,3,10,21635200082910,,2026-12-10T00:00:00,19200,3,JEERAUNJHA 10DEC2026 CE 19200,1,1,JEERAUNJHA10DEC26CE19200FDEC26
NCDEX,81116,2,TMCFGRNZM,TMCFGRNZM08OCT26PE12600FOCT26,OPTFUT,TMCFGRNZM-OPTFUT,21628100081116,10,1,250,1,5,1,21628900080907,,2026-10-08T00:00:00,12600,4,TMCFGRNZM 08OCT2026 PE 12600,1,1,TMCFGRNZM08OCT26PE12600FOCT26
NCDEX,81773,2,DHANIYA,DHANIYA09OCT26PE14600FOCT26,OPTFUT,DHANIYA-OPTFUT,21628200081773,485,63,500,1,5,10,21629200080896,,2026-10-09T00:00:00,14600,4,DHANIYA 09OCT2026 PE 14600,1,1,DHANIYA09OCT26PE14600FOCT26
NCDEX,82336,2,DHANIYA,DHANIYA09OCT26PE16500FOCT26,OPTFUT,DHANIYA-OPTFUT,21628200082336,1521,444,500,1,5,10,21629200080896,,2026-10-09T00:00:00,16500,4,DHANIYA 09OCT2026 PE 16500,1,1,DHANIYA09OCT26PE16500FOCT26
NCDEX,81201,2,TMCFGRNZM,TMCFGRNZM08OCT26CE15000FOCT26,OPTFUT,TMCFGRNZM-OPTFUT,21628100081201,7052,4594,250,1,5,10,21628900080907,,2026-10-08T00:00:00,15000,3,TMCFGRNZM 08OCT2026 CE 15000,1,1,TMCFGRNZM08OCT26CE15000FOCT26
NCDEX,80819,2,GUARGUM5,GUARGUM528AUG26PE11800FSEP26,OPTFUT,GUARGUM5-OPTFUT,21624000080819,723,3.5,250,0.5,5,10,21626100080558,,2026-08-28T00:00:00,11800,4,GUARGUM5 28AUG2026 PE 11800,1,1,GUARGUM528AUG26PE11800FSEP26
NCDEX,82740,2,TMCFGRNZM,TMCFGRNZM08OCT26PE20200FOCT26,OPTFUT,TMCFGRNZM-OPTFUT,21628100082740,1582,453,250,1,5,10,21628900080907,,2026-10-08T00:00:00,20200,4,TMCFGRNZM 08OCT2026 PE 20200,1,1,TMCFGRNZM08OCT26PE20200FOCT26
NCDEX,81946,2,GUARGUM5,GUARGUM527NOV26CE14800FDEC26,OPTFUT,GUARGUM5-OPTFUT,21633100081946,368.5,59.5,250,0.5,5,10,21635200081792,,2026-11-27T00:00:00,14800,3,GUARGUM5 27NOV2026 CE 14800,1,1,GUARGUM527NOV26CE14800FDEC26
NCDEX,82062,2,GUARSEED10,GUARSEED1027NOV26PE7100FDEC26,OPTFUT,GUARSEED10-OPTFUT,21633100082062,1196.5,605,500,0.5,5,10,21635200081793,,2026-11-27T00:00:00,7100,4,GUARSEED10 27NOV2026 PE 7100,1,1,GUARSEED1027NOV26PE7100FDEC26
NCDEX,81912,2,GUARGUM5,GUARGUM527NOV26CE15400FDEC26,OPTFUT,GUARGUM5-OPTFUT,21633100081912,250.5,33,250,0.5,5,1,21635200081792,,2026-11-27T00:00:00,15400,3,GUARGUM5 27NOV2026 CE 15400,1,1,GUARGUM527NOV26CE15400FDEC26
NCDEX,81537,2,GUARGUM5,GUARGUM530OCT26CE14400FNOV26,OPTFUT,GUARGUM5-OPTFUT,21630300081537,269.5,22.5,250,0.5,5,10,21632400081455,,2026-10-30T00:00:00,14400,3,GUARGUM5 30OCT2026 CE 14400,1,1,GUARGUM530OCT26CE14400FNOV26
NCDEX,81044,2,TMCFGRNZM,TMCFGRNZM08OCT26PE16400FOCT26,OPTFUT,TMCFGRNZM-OPTFUT,21628100081044,194,15,250,1,5,10,21628900080907,,2026-10-08T00:00:00,16400,4,TMCFGRNZM 08OCT2026 PE 16400,1,1,TMCFGRNZM08OCT26PE16400FOCT26
NCDEX,81099,2,GUARSEED10,GUARSEED1025SEP26PE5400FOCT26,OPTFUT,GUARSEED10-OPTFUT,21626800081099,54.5,0.5,500,0.5,5,10,21628900080899,,2026-09-25T00:00:00,5400,4,GUARSEED10 25SEP2026 PE 5400,1,1,GUARSEED1025SEP26PE5400FOCT26
NCDEX,81128,2,GUARSEED10,GUARSEED1025SEP26PE5100FOCT26,OPTFUT,GUARSEED10-OPTFUT,21626800081128,16.5,0.5,500,0.5,5,10,21628900080899,,2026-09-25T00:00:00,5100,4,GUARSEED10 25SEP2026 PE 5100,1,1,GUARSEED1025SEP26PE5100FOCT26
NCDEX,83192,2,GUARSEED10,GUARSEED1029JAN27PE6200FFEB27,OPTFUT,GUARSEED10-OPTFUT,21702900083192,516.5,182,500,0.5,5,10,21705000082907,,2027-01-29T00:00:00,6200,4,GUARSEED10 29JAN2027 PE 6200,1,1,GUARSEED1029JAN27PE6200FFEB27
NCDEX,82311,2,DHANIYA,DHANIYA09OCT26PE16800FOCT26,OPTFUT,DHANIYA-OPTFUT,21628200082311,1739,558,500,1,5,10,21629200080896,,2026-10-09T00:00:00,16800,4,DHANIYA 09OCT2026 PE 16800,1,1,DHANIYA09OCT26PE16800FOCT26
NCDEX,82637,2,JEERAUNJHA,JEERAUNJHA12NOV26PE17200FNOV26,OPTFUT,JEERAUNJHA-OPTFUT,21631600082637,28,2,150,2,3,10,21632400082355,,2026-11-12T00:00:00,17200,4,JEERAUNJHA 12NOV2026 PE 17200,1,1,JEERAUNJHA12NOV26PE17200FNOV26
NCDEX,82543,2,JEERAUNJHA,JEERAUNJHA12NOV26CE26800FNOV26,OPTFUT,JEERAUNJHA-OPTFUT,21631600082543,56,2,150,2,3,1,21632400082355,,2026-11-12T00:00:00,26800,3,JEERAUNJHA 12NOV2026 CE 26800,1,1,JEERAUNJHA12NOV26CE26800FNOV26
NCDEX,82465,2,GUARSEED10,GUARSEED1024DEC26CE6100FJAN27,OPTFUT,GUARSEED10-OPTFUT,21635800082465,776.5,300,500,0.5,5,10,21702000082352,,2026-12-24T00:00:00,6100,3,GUARSEED10 24DEC2026 CE 6100,1,1,GUARSEED1024DEC26CE6100FJAN27
NCDEX,81982,2,GUARSEED10,GUARSEED1027NOV26PE4900FDEC26,OPTFUT,GUARSEED10-OPTFUT,21633100081982,39,3.5,500,0.5,5,1,21635200081793,,2026-11-27T00:00:00,4900,4,GUARSEED10 27NOV2026 PE 4900,1,1,GUARSEED1027NOV26PE4900FDEC26
NCDEX,82129,2,DHANIYA,DHANIYA10DEC26CE12300FDEC26,OPTFUT,DHANIYA-OPTFUT,21634400082129,5336,3468,500,1,5,10,21635200081790,,2026-12-10T00:00:00,12300,3,DHANIYA 10DEC2026 CE 12300,1,1,DHANIYA10DEC26CE12300FDEC26
NCDEX,80709,2,GUARGUM5,GUARGUM528AUG26PE9400FSEP26,OPTFUT,GUARGUM5-OPTFUT,21624000080709,5,0.5,250,0.5,5,10,21626100080558,,2026-08-28T00:00:00,9400,4,GUARGUM5 28AUG2026 PE 9400,1,1,GUARGUM528AUG26PE9400FSEP26
NCDEX,80845,2,GUARSEED10,GUARSEED1028AUG26CE6700FSEP26,OPTFUT,GUARSEED10-OPTFUT,21624000080845,154,0.5,500,0.5,5,10,21626100080559,,2026-08-28T00:00:00,6700,3,GUARSEED10 28AUG2026 CE 6700,1,1,GUARSEED1028AUG26CE6700FSEP26
NCDEX,80853,2,GUARGUM5,GUARGUM528AUG26CE13200FSEP26,OPTFUT,GUARGUM5-OPTFUT,21624000080853,214,0.5,250,0.5,5,10,21626100080558,,2026-08-28T00:00:00,13200,3,GUARGUM5 28AUG2026 CE 13200,1,1,GUARGUM528AUG26CE13200FSEP26
NCDEX,83202,2,JEERAUNJHA,JEERAUNJHA10DEC26PE16400FDEC26,OPTFUT,JEERAUNJHA-OPTFUT,21634400083202,20,2,150,2,3,1,21635200082910,,2026-12-10T00:00:00,16400,4,JEERAUNJHA 10DEC2026 PE 16400,1,1,JEERAUNJHA10DEC26PE16400FDEC26
NCDEX,82831,2,TMCFGRNZM,TMCFGRNZM08OCT26PE22800FOCT26,OPTFUT,TMCFGRNZM-OPTFUT,21628100082831,3476,1605,250,1,5,10,21628900080907,,2026-10-08T00:00:00,22800,4,TMCFGRNZM 08OCT2026 PE 22800,1,1,TMCFGRNZM08OCT26PE22800FOCT26
NCDEX,81748,2,JEERAUNJHA,JEERAUNJHA09SEP26PE22000FSEP26,OPTFUT,JEERAUNJHA-OPTFUT,21625200081748,2354,198,150,2,3,10,21626100081459,,2026-09-09T00:00:00,22000,4,JEERAUNJHA 09SEP2026 PE 22000,1,1,JEERAUNJHA09SEP26PE22000FSEP26
NCDEX,81948,2,GUARGUM5,GUARGUM527NOV26PE11800FDEC26,OPTFUT,GUARGUM5-OPTFUT,21633100081948,799,241,250,0.5,5,10,21635200081792,,2026-11-27T00:00:00,11800,4,GUARGUM5 27NOV2026 PE 11800,1,1,GUARGUM527NOV26PE11800FDEC26
NCDEX,81583,2,GUARSEED10,GUARSEED1030OCT26PE5700FNOV26,OPTFUT,GUARSEED10-OPTFUT,21630300081583,196,25.5,500,0.5,5,10,21632400081456,,2026-10-30T00:00:00,5700,4,GUARSEED10 30OCT2026 PE 5700,1,1,GUARSEED1030OCT26PE5700FNOV26
NCDEX,82012,2,TMCFGRNZM,TMCFGRNZM10DEC26PE16600FDEC26,OPTFUT,TMCFGRNZM-OPTFUT,21634400082012,743,289,250,1,5,10,21635200081800,,2026-12-10T00:00:00,16600,4,TMCFGRNZM 10DEC2026 PE 16600,1,1,TMCFGRNZM10DEC26PE16600FDEC26
NCDEX,82723,2,DHANIYA,DHANIYA10DEC26CE17100FDEC26,OPTFUT,DHANIYA-OPTFUT,21634400082723,1787,711,500,1,5,10,21635200081790,,2026-12-10T00:00:00,17100,3,DHANIYA 10DEC2026 CE 17100,1,1,DHANIYA10DEC26CE17100FDEC26
NCDEX,81060,2,DHANIYA,DHANIYA09OCT26PE11600FOCT26,OPTFUT,DHANIYA-OPTFUT,21628200081060,14,1,500,1,5,10,21629200080896,,2026-10-09T00:00:00,11600,4,DHANIYA 09OCT2026 PE 11600,1,1,DHANIYA09OCT26PE11600FOCT26
NCDEX,83141,2,JEERAUNJHA,JEERAUNJHA10DEC26PE20400FDEC26,OPTFUT,JEERAUNJHA-OPTFUT,21634400083141,680,60,150,2,3,10,21635200082910,,2026-12-10T00:00:00,20400,4,JEERAUNJHA 10DEC2026 PE 20400,1,1,JEERAUNJHA10DEC26PE20400FDEC26
NCDEX,82268,2,TMCFGRNZM,TMCFGRNZM08OCT26PE19200FOCT26,OPTFUT,TMCFGRNZM-OPTFUT,21628100082268,1045,231,250,1,5,10,21628900080907,,2026-10-08T00:00:00,19200,4,TMCFGRNZM 08OCT2026 PE 19200,1,1,TMCFGRNZM08OCT26PE19200FOCT26
NCDEX,81577,2,JEERAUNJHA,JEERAUNJHA09SEP26CE23200FSEP26,OPTFUT,JEERAUNJHA-OPTFUT,21625200081577,150,2,150,2,3,10,21626100081459,,2026-09-09T00:00:00,23200,3,JEERAUNJHA 09SEP2026 CE 23200,1,1,JEERAUNJHA09SEP26CE23200FSEP26
NCDEX,81534,2,GUARGUM5,GUARGUM530OCT26CE12800FNOV26,OPTFUT,GUARGUM5-OPTFUT,21630300081534,848,168,250,0.5,5,10,21632400081455,,2026-10-30T00:00:00,12800,3,GUARGUM5 30OCT2026 CE 12800,1,1,GUARGUM530OCT26CE12800FNOV26
NCDEX,83255,2,GUARSEED10,GUARSEED1029JAN27CE5500FFEB27,OPTFUT,GUARSEED10-OPTFUT,21702900083255,1203.5,584,500,0.5,5,1,21705000082907,,2027-01-29T00:00:00,5500,3,GUARSEED10 29JAN2027 CE 5500,1,1,GUARSEED1029JAN27CE5500FFEB27
NCDEX,81617,2,JEERAUNJHA,JEERAUNJHA09SEP26CE25200FSEP26,OPTFUT,JEERAUNJHA-OPTFUT,21625200081617,20,2,150,2,3,10,21626100081459,,2026-09-09T00:00:00,25200,3,JEERAUNJHA 09SEP2026 CE 25200,1,1,JEERAUNJHA09SEP26CE25200FSEP26
NCDEX,80701,2,GUARGUM5,GUARGUM528AUG26PE10600FSEP26,OPTFUT,GUARGUM5-OPTFUT,21624000080701,127,0.5,250,0.5,5,10,21626100080558,,2026-08-28T00:00:00,10600,4,GUARGUM5 28AUG2026 PE 10600,1,1,GUARGUM528AUG26PE10600FSEP26
NCDEX,82552,2,JEERAUNJHA,JEERAUNJHA12NOV26CE22400FNOV26,OPTFUT,JEERAUNJHA-OPTFUT,21631600082552,1182,110,150,2,3,10,21632400082355,,2026-11-12T00:00:00,22400,3,JEERAUNJHA 12NOV2026 CE 22400,1,1,JEERAUNJHA12NOV26CE22400FNOV26
NCDEX,80688,2,GUARSEED10,GUARSEED1028AUG26PE6500FSEP26,OPTFUT,GUARSEED10-OPTFUT,21624000080688,655,44,500,0.5,5,10,21626100080559,,2026-08-28T00:00:00,6500,4,GUARSEED10 28AUG2026 PE 6500,1,1,GUARSEED1028AUG26PE6500FSEP26
NCDEX,83242,2,GUARSEED10,GUARSEED1029JAN27PE5800FFEB27,OPTFUT,GUARSEED10-OPTFUT,21702900083242,301,82,500,0.5,5,10,21705000082907,,2027-01-29T00:00:00,5800,4,GUARSEED10 29JAN2027 PE 5800,1,1,GUARSEED1029JAN27PE5800FFEB27
NCDEX,82226,2,GUARGUM5,GUARGUM527NOV26PE15200FDEC26,OPTFUT,GUARGUM5-OPTFUT,21633100082226,3428.5,2113,250,0.5,5,1,21635200081792,,2026-11-27T00:00:00,15200,4,GUARGUM5 27NOV2026 PE 15200,1,1,GUARGUM527NOV26PE15200FDEC26
NCDEX,82857,2,DHANIYA,DHANIYA09OCT26PE17500FOCT26,OPTFUT,DHANIYA-OPTFUT,21628200082857,2293,892,500,1,5,10,21629200080896,,2026-10-09T00:00:00,17500,4,DHANIYA 09OCT2026 PE 17500,1,1,DHANIYA09OCT26PE17500FOCT26
NCDEX,82746,2,TMCFGRNZM,TMCFGRNZM08OCT26PE20600FOCT26,OPTFUT,TMCFGRNZM-OPTFUT,21628100082746,1830,574,250,1,5,10,21628900080907,,2026-10-08T00:00:00,20600,4,TMCFGRNZM 08OCT2026 PE 20600,1,1,TMCFGRNZM08OCT26PE20600FOCT26
NCDEX,81950,2,GUARSEED10,GUARSEED1027NOV26PE5200FDEC26,OPTFUT,GUARSEED10-OPTFUT,21633100081950,86.5,11,500,0.5,5,1,21635200081793,,2026-11-27T00:00:00,5200,4,GUARSEED10 27NOV2026 PE 5200,1,1,GUARSEED1027NOV26PE5200FDEC26
NCDEX,81119,2,GUARSEED10,GUARSEED1025SEP26PE6800FOCT26,OPTFUT,GUARSEED10-OPTFUT,21626800081119,884,266.5,500,0.5,5,10,21628900080899,,2026-09-25T00:00:00,6800,4,GUARSEED10 25SEP2026 PE 6800,1,1,GUARSEED1025SEP26PE6800FOCT26
NCDEX,83189,2,DHANIYA,DHANIYA12JAN27PE18900FJAN27,OPTFUT,DHANIYA-OPTFUT,21701200083189,3868,2480,500,1,5,1,21702000082903,,2027-01-12T00:00:00,18900,4,DHANIYA 12JAN2027 PE 18900,1,1,DHANIYA12JAN27PE18900FJAN27
NCDEX,81040,2,GUARSEED10,GUARSEED1025SEP26CE5000FOCT26,OPTFUT,GUARSEED10-OPTFUT,21626800081040,1680.5,932.5,500,0.5,5,10,21628900080899,,2026-09-25T00:00:00,5000,3,GUARSEED10 25SEP2026 CE 5000,1,1,GUARSEED1025SEP26CE5000FOCT26
NCDEX,83027,2,GUARSEED10,GUARSEED1029JAN27PE5600FFEB27,OPTFUT,GUARSEED10-OPTFUT,21702900083027,217.5,51,500,0.5,5,10,21705000082907,,2027-01-29T00:00:00,5600,4,GUARSEED10 29JAN2027 PE 5600,1,1,GUARSEED1029JAN27PE5600FFEB27
NCDEX,82469,2,GUARGUM5,GUARGUM524DEC26PE16000FJAN27,OPTFUT,GUARGUM5-OPTFUT,21635800082469,3419.5,1978,250,0.5,5,1,21702000082351,,2026-12-24T00:00:00,16000,4,GUARGUM5 24DEC2026 PE 16000,1,1,GUARGUM524DEC26PE16000FJAN27
NCDEX,82827,2,TMCFGRNZM,TMCFGRNZM10DEC26CE23400FDEC26,OPTFUT,TMCFGRNZM-OPTFUT,21634400082827,1836,774,250,1,5,10,21635200081800,,2026-12-10T00:00:00,23400,3,TMCFGRNZM 10DEC2026 CE 23400,1,1,TMCFGRNZM10DEC26CE23400FDEC26
NCDEX,81966,2,GUARGUM5,GUARGUM527NOV26PE10800FDEC26,OPTFUT,GUARGUM5-OPTFUT,21633100081966,368.5,75.5,250,0.5,5,10,21635200081792,,2026-11-27T00:00:00,10800,4,GUARGUM5 27NOV2026 PE 10800,1,1,GUARGUM527NOV26PE10800FDEC26
NCDEX,83023,2,GUARSEED10,GUARSEED1029JAN27PE7400FFEB27,OPTFUT,GUARSEED10-OPTFUT,21702900083023,1454,837,500,0.5,5,1,21705000082907,,2027-01-29T00:00:00,7400,4,GUARSEED10 29JAN2027 PE 7400,1,1,GUARSEED1029JAN27PE7400FFEB27
NCDEX,82595,2,GUARGUM5,GUARGUM524DEC26CE12000FJAN27,OPTFUT,GUARGUM5-OPTFUT,21635800082595,2170.5,875.5,250,0.5,5,10,21702000082351,,2026-12-24T00:00:00,12000,3,GUARGUM5 24DEC2026 CE 12000,1,1,GUARGUM524DEC26CE12000FJAN27
NCDEX,80650,2,GUARSEED10,GUARSEED1028AUG26PE6800FSEP26,OPTFUT,GUARSEED10-OPTFUT,21624000080650,941.5,216,500,0.5,5,10,21626100080559,,2026-08-28T00:00:00,6800,4,GUARSEED10 28AUG2026 PE 6800,1,1,GUARSEED1028AUG26PE6800FSEP26
NCDEX,81968,2,GUARGUM5,GUARGUM527NOV26PE14200FDEC26,OPTFUT,GUARGUM5-OPTFUT,21633100081968,2530,1359,250,0.5,5,10,21635200081792,,2026-11-27T00:00:00,14200,4,GUARGUM5 27NOV2026 PE 14200,1,1,GUARGUM527NOV26PE14200FDEC26
NCDEX,81223,2,DHANIYA,DHANIYA09OCT26PE11000FOCT26,OPTFUT,DHANIYA-OPTFUT,21628200081223,10,1,500,1,5,1,21629200080896,,2026-10-09T00:00:00,11000,4,DHANIYA 09OCT2026 PE 11000,1,1,DHANIYA09OCT26PE11000FOCT26
NCDEX,80736,2,GUARGUM5,GUARGUM528AUG26CE13600FSEP26,OPTFUT,GUARGUM5-OPTFUT,21624000080736,118.5,0.5,250,0.5,5,10,21626100080558,,2026-08-28T00:00:00,13600,3,GUARGUM5 28AUG2026 CE 13600,1,1,GUARGUM528AUG26CE13600FSEP26
NCDEX,81625,2,JEERAUNJHA,JEERAUNJHA09SEP26PE16800FSEP26,OPTFUT,JEERAUNJHA-OPTFUT,21625200081625,20,2,150,2,3,10,21626100081459,,2026-09-09T00:00:00,16800,4,JEERAUNJHA 09SEP2026 PE 16800,1,1,JEERAUNJHA09SEP26PE16800FSEP26
NCDEX,81922,2,JEERAUNJHA,JEERAUNJHA09OCT26CE21200FOCT26,OPTFUT,JEERAUNJHA-OPTFUT,21628200081922,1594,148,150,2,3,10,21629200081796,,2026-10-09T00:00:00,21200,3,JEERAUNJHA 09OCT2026 CE 21200,1,1,JEERAUNJHA09OCT26CE21200FOCT26
NCDEX,83150,2,GUARSEED10,GUARSEED1029JAN27PE6100FFEB27,OPTFUT,GUARSEED10-OPTFUT,21702900083150,456.5,152,500,0.5,5,10,21705000082907,,2027-01-29T00:00:00,6100,4,GUARSEED10 29JAN2027 PE 6100,1,1,GUARSEED1029JAN27PE6100FFEB27
NCDEX,82034,2,DHANIYA,DHANIYA10DEC26CE11300FDEC26,OPTFUT,DHANIYA-OPTFUT,21634400082034,6273,4352,500,1,5,1,21635200081790,,2026-12-10T00:00:00,11300,3,DHANIYA 10DEC2026 CE 11300,1,1,DHANIYA10DEC26CE11300FDEC26
NCDEX,81896,2,DHANIYA,DHANIYA10DEC26CE11500FDEC26,OPTFUT,DHANIYA-OPTFUT,21634400081896,6083,4170,500,1,5,1,21635200081790,,2026-12-10T00:00:00,11500,3,DHANIYA 10DEC2026 CE 11500,1,1,DHANIYA10DEC26CE11500FDEC26
NCDEX,83267,2,JEERAUNJHA,JEERAUNJHA10DEC26CE14800FDEC26,OPTFUT,JEERAUNJHA-OPTFUT,21634400083267,8408,5828,150,2,3,1,21635200082910,,2026-12-10T00:00:00,14800,3,JEERAUNJHA 10DEC2026 CE 14800,1,1,JEERAUNJHA10DEC26CE14800FDEC26
NCDEX,81030,2,GUARSEED10,GUARSEED1025SEP26PE6300FOCT26,OPTFUT,GUARSEED10-OPTFUT,21626800081030,468,63.5,500,0.5,5,10,21628900080899,,2026-09-25T00:00:00,6300,4,GUARSEED10 25SEP2026 PE 6300,1,1,GUARSEED1025SEP26PE6300FOCT26
NCDEX,81330,2,GUARGUM5,GUARGUM525SEP26CE8200FOCT26,OPTFUT,GUARGUM5-OPTFUT,21626800081330,4637,3192.5,250,0.5,5,1,21628900080898,,2026-09-25T00:00:00,8200,3,GUARGUM5 25SEP2026 CE 8200,1,1,GUARGUM525SEP26CE8200FOCT26
NCDEX,81886,2,GUARSEED10,GUARSEED1027NOV26CE6000FDEC26,OPTFUT,GUARSEED10-OPTFUT,21633100081886,809,292,500,0.5,5,10,21635200081793,,2026-11-27T00:00:00,6000,3,GUARSEED10 27NOV2026 CE 6000,1,1,GUARSEED1027NOV26CE6000FDEC26
NCDEX,82040,2,GUARSEED10,GUARSEED1027NOV26PE6800FDEC26,OPTFUT,GUARSEED10-OPTFUT,21633100082040,941.5,418.5,500,0.5,5,10,21635200081793,,2026-11-27T00:00:00,6800,4,GUARSEED10 27NOV2026 PE 6800,1,1,GUARSEED1027NOV26PE6800FDEC26
NCDEX,82583,2,GUARSEED10,GUARSEED1024DEC26CE7500FJAN27,OPTFUT,GUARSEED10-OPTFUT,21635800082583,180.5,33.5,500,0.5,5,1,21702000082352,,2026-12-24T00:00:00,7500,3,GUARSEED10 24DEC2026 CE 7500,1,1,GUARSEED1024DEC26CE7500FJAN27
NCDEX,80793,2,GUARGUM5,GUARGUM528AUG26CE12800FSEP26,OPTFUT,GUARGUM5-OPTFUT,21624000080793,359.5,0.5,250,0.5,5,10,21626100080558,,2026-08-28T00:00:00,12800,3,GUARGUM5 28AUG2026 CE 12800,1,1,GUARGUM528AUG26CE12800FSEP26
NCDEX,83215,2,GUARSEED10,GUARSEED1029JAN27PE7300FFEB27,OPTFUT,GUARSEED10-OPTFUT,21702900083215,1365,764,500,0.5,5,1,21705000082907,,2027-01-29T00:00:00,7300,4,GUARSEED10 29JAN2027 PE 7300,1,1,GUARSEED1029JAN27PE7300FFEB27
NCDEX,82505,2,JEERAUNJHA,JEERAUNJHA12NOV26CE24000FNOV26,OPTFUT,JEERAUNJHA-OPTFUT,21631600082505,482,18,150,2,3,10,21632400082355,,2026-11-12T00:00:00,24000,3,JEERAUNJHA 12NOV2026 CE 24000,1,1,JEERAUNJHA12NOV26CE24000FNOV26
NCDEX,82498,2,GUARGUM5,GUARGUM524DEC26CE12600FJAN27,OPTFUT,GUARGUM5-OPTFUT,21635800082498,1690,563.5,250,0.5,5,10,21702000082351,,2026-12-24T00:00:00,12600,3,GUARGUM5 24DEC2026 CE 12600,1,1,GUARGUM524DEC26CE12600FJAN27
NCDEX,82448,2,GUARGUM5,GUARGUM524DEC26PE11400FJAN27,OPTFUT,GUARGUM5-OPTFUT,21635800082448,240,25.5,250,0.5,5,10,21702000082351,,2026-12-24T00:00:00,11400,4,GUARGUM5 24DEC2026 PE 11400,1,1,GUARGUM524DEC26PE11400FJAN27
NCDEX,80734,2,GUARGUM5,GUARGUM528AUG26CE11200FSEP26,OPTFUT,GUARGUM5-OPTFUT,21624000080734,1498.5,177.5,250,0.5,5,10,21626100080558,,2026-08-28T00:00:00,11200,3,GUARGUM5 28AUG2026 CE 11200,1,1,GUARGUM528AUG26CE11200FSEP26
NCDEX,82862,2,DHANIYA,DHANIYA09OCT26PE17700FOCT26,OPTFUT,DHANIYA-OPTFUT,21628200082862,2461,1004,500,1,5,10,21629200080896,,2026-10-09T00:00:00,17700,4,DHANIYA 09OCT2026 PE 17700,1,1,DHANIYA09OCT26PE17700FOCT26
NCDEX,82547,2,GUARGUM5,GUARGUM524DEC26PE13800FJAN27,OPTFUT,GUARGUM5-OPTFUT,21635800082547,1499,523,250,0.5,5,10,21702000082351,,2026-12-24T00:00:00,13800,4,GUARGUM5 24DEC2026 PE 13800,1,1,GUARGUM524DEC26PE13800FJAN27
NCDEX,82789,2,TMCFGRNZM,TMCFGRNZM10DEC26CE22600FDEC26,OPTFUT,TMCFGRNZM-OPTFUT,21634400082789,2146,954,250,1,5,10,21635200081800,,2026-12-10T00:00:00,22600,3,TMCFGRNZM 10DEC2026 CE 22600,1,1,TMCFGRNZM10DEC26CE22600FDEC26
NCDEX,81066,2,TMCFGRNZM,TMCFGRNZM08OCT26PE16000FOCT26,OPTFUT,TMCFGRNZM-OPTFUT,21628100081066,140,9,250,1,5,10,21628900080907,,2026-10-08T00:00:00,16000,4,TMCFGRNZM 08OCT2026 PE 16000,1,1,TMCFGRNZM08OCT26PE16000FOCT26
NCDEX,82581,2,JEERAUNJHA,JEERAUNJHA12NOV26PE14800FNOV26,OPTFUT,JEERAUNJHA-OPTFUT,21631600082581,20,2,150,2,3,1,21632400082355,,2026-11-12T00:00:00,14800,4,JEERAUNJHA 12NOV2026 PE 14800,1,1,JEERAUNJHA12NOV26PE14800FNOV26
NCDEX,81071,2,DHANIYA,DHANIYA09OCT26PE12800FOCT26,OPTFUT,DHANIYA-OPTFUT,21628200081071,82,4,500,1,5,10,21629200080896,,2026-10-09T00:00:00,12800,4,DHANIYA 09OCT2026 PE 12800,1,1,DHANIYA09OCT26PE12800FOCT26
NCDEX,83284,2,JEERAUNJHA,JEERAUNJHA10DEC26PE15600FDEC26,OPTFUT,JEERAUNJHA-OPTFUT,21634400083284,20,2,150,2,3,1,21635200082910,,2026-12-10T00:00:00,15600,4,JEERAUNJHA 10DEC2026 PE 15600,1,1,JEERAUNJHA10DEC26PE15600FDEC26
NCDEX,81355,2,GUARSEED10,GUARSEED1025SEP26CE7600FOCT26,OPTFUT,GUARSEED10-OPTFUT,21626800081355,36.5,0.5,500,0.5,5,1,21628900080899,,2026-09-25T00:00:00,7600,3,GUARSEED10 25SEP2026 CE 7600,1,1,GUARSEED1025SEP26CE7600FOCT26
NCDEX,82803,2,TMCFGRNZM,TMCFGRNZM10DEC26PE22000FDEC26,OPTFUT,TMCFGRNZM-OPTFUT,21634400082803,3474,2064,250,1,5,10,21635200081800,,2026-12-10T00:00:00,22000,4,TMCFGRNZM 10DEC2026 PE 22000,1,1,TMCFGRNZM10DEC26PE22000FDEC26
NCDEX,82606,2,GUARSEED10,GUARSEED1024DEC26PE7400FJAN27,OPTFUT,GUARSEED10-OPTFUT,21635800082606,1478.5,866,500,0.5,5,10,21702000082352,,2026-12-24T00:00:00,7400,4,GUARSEED10 24DEC2026 PE 7400,1,1,GUARSEED1024DEC26PE7400FJAN27
NCDEX,82307,2,DHANIYA,DHANIYA10DEC26CE14700FDEC26,OPTFUT,DHANIYA-OPTFUT,21634400082307,3305,1738,500,1,5,10,21635200081790,,2026-12-10T00:00:00,14700,3,DHANIYA 10DEC2026 CE 14700,1,1,DHANIYA10DEC26CE14700FDEC26
NCDEX,81329,2,GUARSEED10,GUARSEED1025SEP26CE7300FOCT26,OPTFUT,GUARSEED10-OPTFUT,21626800081329,77.5,1,500,0.5,5,1,21628900080899,,2026-09-25T00:00:00,7300,3,GUARSEED10 25SEP2026 CE 7300,1,1,GUARSEED1025SEP26CE7300FOCT26
NCDEX,82728,2,TMCFGRNZM,TMCFGRNZM10DEC26CE20400FDEC26,OPTFUT,TMCFGRNZM-OPTFUT,21634400082728,3213,1642,250,1,5,10,21635200081800,,2026-12-10T00:00:00,20400,3,TMCFGRNZM 10DEC2026 CE 20400,1,1,TMCFGRNZM10DEC26CE20400FDEC26
NCDEX,82087,2,TMCFGRNZM,TMCFGRNZM10DEC26PE13200FDEC26,OPTFUT,TMCFGRNZM-OPTFUT,21634400082087,123,30,250,1,5,1,21635200081800,,2026-12-10T00:00:00,13200,4,TMCFGRNZM 10DEC2026 PE 13200,1,1,TMCFGRNZM10DEC26PE13200FDEC26
NCDEX,83044,2,DHANIYA,DHANIYA12JAN27PE17900FJAN27,OPTFUT,DHANIYA-OPTFUT,21701200083044,3093,1857,500,1,5,10,21702000082903,,2027-01-12T00:00:00,17900,4,DHANIYA 12JAN2027 PE 17900,1,1,DHANIYA12JAN27PE17900FJAN27
NCDEX,82173,2,TMCFGRNZM,TMCFGRNZM10DEC26CE17000FDEC26,OPTFUT,TMCFGRNZM-OPTFUT,21634400082173,5517,3416,250,1,5,10,21635200081800,,2026-12-10T00:00:00,17000,3,TMCFGRNZM 10DEC2026 CE 17000,1,1,TMCFGRNZM10DEC26CE17000FDEC26
NCDEX,83110,2,GUARSEED10,GUARSEED1029JAN27CE7800FFEB27,OPTFUT,GUARSEED10-OPTFUT,21702900083110,102,13.5,500,0.5,5,1,21705000082907,,2027-01-29T00:00:00,7800,3,GUARSEED10 29JAN2027 CE 7800,1,1,GUARSEED1029JAN27CE7800FFEB27
NCDEX,81228,2,DHANIYA,DHANIYA09OCT26CE11500FOCT26,OPTFUT,DHANIYA-OPTFUT,21628200081228,5812,3871,500,1,5,10,21629200080896,,2026-10-09T00:00:00,11500,3,DHANIYA 09OCT2026 CE 11500,1,1,DHANIYA09OCT26CE11500FOCT26
NCDEX,82503,2,JEERAUNJHA,JEERAUNJHA12NOV26PE14400FNOV26,OPTFUT,JEERAUNJHA-OPTFUT,21631600082503,20,2,150,2,3,1,21632400082355,,2026-11-12T00:00:00,14400,4,JEERAUNJHA 12NOV2026 PE 14400,1,1,JEERAUNJHA12NOV26PE14400FNOV26
NCDEX,81194,2,DHANIYA,DHANIYA09OCT26PE11100FOCT26,OPTFUT,DHANIYA-OPTFUT,21628200081194,10,1,500,1,5,1,21629200080896,,2026-10-09T00:00:00,11100,4,DHANIYA 09OCT2026 PE 11100,1,1,DHANIYA09OCT26PE11100FOCT26
NCDEX,81887,2,GUARGUM5,GUARGUM527NOV26CE10400FDEC26,OPTFUT,GUARGUM5-OPTFUT,21633100081887,2881.5,1541,250,0.5,5,10,21635200081792,,2026-11-27T00:00:00,10400,3,GUARGUM5 27NOV2026 CE 10400,1,1,GUARGUM527NOV26CE10400FDEC26
NCDEX,83060,2,GUARGUM5,GUARGUM529JAN27PE12800FFEB27,OPTFUT,GUARGUM5-OPTFUT,21702900083060,1031.5,381,250,0.5,5,10,21705000082905,,2027-01-29T00:00:00,12800,4,GUARGUM5 29JAN2027 PE 12800,1,1,GUARGUM529JAN27PE12800FFEB27
NCDEX,82718,2,DHANIYA,DHANIYA10DEC26PE16700FDEC26,OPTFUT,DHANIYA-OPTFUT,21634400082718,1924,915,500,1,5,10,21635200081790,,2026-12-10T00:00:00,16700,4,DHANIYA 10DEC2026 PE 16700,1,1,DHANIYA10DEC26PE16700FDEC26
NCDEX,82540,2,JEERAUNJHA,JEERAUNJHA12NOV26CE21200FNOV26,OPTFUT,JEERAUNJHA-OPTFUT,21631600082540,1994,348,150,2,3,10,21632400082355,,2026-11-12T00:00:00,21200,3,JEERAUNJHA 12NOV2026 CE 21200,1,1,JEERAUNJHA12NOV26CE21200FNOV26
NCDEX,81284,2,TMCFGRNZM,TMCFGRNZM08OCT26CE17800FOCT26,OPTFUT,TMCFGRNZM-OPTFUT,21628100081284,4404,2167,250,1,5,10,21628900080907,,2026-10-08T00:00:00,17800,3,TMCFGRNZM 08OCT2026 CE 17800,1,1,TMCFGRNZM08OCT26CE17800FOCT26
NCDEX,81907,2,TMCFGRNZM,TMCFGRNZM10DEC26PE15800FDEC26,OPTFUT,TMCFGRNZM-OPTFUT,21634400081907,528,187,250,1,5,10,21635200081800,,2026-12-10T00:00:00,15800,4,TMCFGRNZM 10DEC2026 PE 15800,1,1,TMCFGRNZM10DEC26PE15800FDEC26
NCDEX,81742,2,GUARGUM5,GUARGUM530OCT26CE8400FNOV26,OPTFUT,GUARGUM5-OPTFUT,21630300081742,4606,3150,250,0.5,5,1,21632400081455,,2026-10-30T00:00:00,8400,3,GUARGUM5 30OCT2026 CE 8400,1,1,GUARGUM530OCT26CE8400FNOV26
NCDEX,83249,2,DHANIYA,DHANIYA12JAN27PE16600FJAN27,OPTFUT,DHANIYA-OPTFUT,21701200083249,2186,1183,500,1,5,10,21702000082903,,2027-01-12T00:00:00,16600,4,DHANIYA 12JAN2027 PE 16600,1,1,DHANIYA12JAN27PE16600FJAN27
NCDEX,81027,2,DHANIYA,DHANIYA09OCT26PE12400FOCT26,OPTFUT,DHANIYA-OPTFUT,21628200081027,48,2,500,1,5,10,21629200080896,,2026-10-09T00:00:00,12400,4,DHANIYA 09OCT2026 PE 12400,1,1,DHANIYA09OCT26PE12400FOCT26
NCDEX,82244,2,DHANIYA,DHANIYA09OCT26CE15400FOCT26,OPTFUT,DHANIYA-OPTFUT,21628200082244,2191,732,500,1,5,10,21629200080896,,2026-10-09T00:00:00,15400,3,DHANIYA 09OCT2026 CE 15400,1,1,DHANIYA09OCT26CE15400FOCT26
NCDEX,83097,2,JEERAUNJHA,JEERAUNJHA10DEC26CE25200FDEC26,OPTFUT,JEERAUNJHA-OPTFUT,21634400083097,354,14,150,2,3,10,21635200082910,,2026-12-10T00:00:00,25200,3,JEERAUNJHA 10DEC2026 CE 25200,1,1,JEERAUNJHA10DEC26CE25200FDEC26
NCDEX,81034,2,DHANIYA,DHANIYA09OCT26CE11300FOCT26,OPTFUT,DHANIYA-OPTFUT,21628200081034,6010,4068,500,1,5,10,21629200080896,,2026-10-09T00:00:00,11300,3,DHANIYA 09OCT2026 CE 11300,1,1,DHANIYA09OCT26CE11300FOCT26
NCDEX,81679,2,GUARGUM5,GUARGUM530OCT26PE15000FNOV26,OPTFUT,GUARGUM5-OPTFUT,21630300081679,3381.5,2008,250,0.5,5,1,21632400081455,,2026-10-30T00:00:00,15000,4,GUARGUM5 30OCT2026 PE 15000,1,1,GUARGUM530OCT26PE15000FNOV26
NCDEX,83144,2,JEERAUNJHA,JEERAUNJHA10DEC26CE29200FDEC26,OPTFUT,JEERAUNJHA-OPTFUT,21634400083144,20,2,150,2,3,1,21635200082910,,2026-12-10T00:00:00,29200,3,JEERAUNJHA 10DEC2026 CE 29200,1,1,JEERAUNJHA10DEC26CE29200FDEC26
NCDEX,82118,2,JEERAUNJHA,JEERAUNJHA09OCT26CE22400FOCT26,OPTFUT,JEERAUNJHA-OPTFUT,21628200082118,834,28,150,2,3,10,21629200081796,,2026-10-09T00:00:00,22400,3,JEERAUNJHA 09OCT2026 CE 22400,1,1,JEERAUNJHA09OCT26CE22400FOCT26
NCDEX,83125,2,JEERAUNJHA,JEERAUNJHA10DEC26PE28800FDEC26,OPTFUT,JEERAUNJHA-OPTFUT,21634400083125,7860,5290,150,2,3,1,21635200082910,,2026-12-10T00:00:00,28800,4,JEERAUNJHA 10DEC2026 PE 28800,1,1,JEERAUNJHA10DEC26PE28800FDEC26
NCDEX,81594,2,JEERAUNJHA,JEERAUNJHA09SEP26CE16800FSEP26,OPTFUT,JEERAUNJHA-OPTFUT,21625200081594,5320,2832,150,2,3,10,21626100081459,,2026-09-09T00:00:00,16800,3,JEERAUNJHA 09SEP2026 CE 16800,1,1,JEERAUNJHA09SEP26CE16800FSEP26
NCDEX,81258,2,GUARSEED10,GUARSEED1025SEP26PE6600FOCT26,OPTFUT,GUARSEED10-OPTFUT,21626800081258,707,163,500,0.5,5,10,21628900080899,,2026-09-25T00:00:00,6600,4,GUARSEED10 25SEP2026 PE 6600,1,1,GUARSEED1025SEP26PE6600FOCT26
NCDEX,82228,2,GUARSEED10,GUARSEED1027NOV26CE5600FDEC26,OPTFUT,GUARSEED10-OPTFUT,21633100082228,1125,504,500,0.5,5,10,21635200081793,,2026-11-27T00:00:00,5600,3,GUARSEED10 27NOV2026 CE 5600,1,1,GUARSEED1027NOV26CE5600FDEC26
NCDEX,81316,2,GUARSEED10,GUARSEED1025SEP26CE5700FOCT26,OPTFUT,GUARSEED10-OPTFUT,21626800081316,1001,322,500,0.5,5,10,21628900080899,,2026-09-25T00:00:00,5700,3,GUARSEED10 25SEP2026 CE 5700,1,1,GUARSEED1025SEP26CE5700FOCT26
NCDEX,80713,2,GUARSEED10,GUARSEED1028AUG26CE4600FSEP26,OPTFUT,GUARSEED10-OPTFUT,21624000080713,2002.5,1257,500,0.5,5,1,21626100080559,,2026-08-28T00:00:00,4600,3,GUARSEED10 28AUG2026 CE 4600,1,1,GUARSEED1028AUG26CE4600FSEP26
NCDEX,81658,2,JEERAUNJHA,JEERAUNJHA09SEP26CE25600FSEP26,OPTFUT,JEERAUNJHA-OPTFUT,21625200081658,20,2,150,2,3,10,21626100081459,,2026-09-09T00:00:00,25600,3,JEERAUNJHA 09SEP2026 CE 25600,1,1,JEERAUNJHA09SEP26CE25600FSEP26
NCDEX,81676,2,GUARSEED10,GUARSEED1030OCT26CE4700FNOV26,OPTFUT,GUARSEED10-OPTFUT,21630300081676,1965.5,1224.5,500,0.5,5,1,21632400081456,,2026-10-30T00:00:00,4700,3,GUARSEED10 30OCT2026 CE 4700,1,1,GUARSEED1030OCT26CE4700FNOV26
NCDEX,82556,2,GUARGUM5,GUARGUM524DEC26PE10600FJAN27,OPTFUT,GUARGUM5-OPTFUT,21635800082556,87,5,250,0.5,5,10,21702000082351,,2026-12-24T00:00:00,10600,4,GUARGUM5 24DEC2026 PE 10600,1,1,GUARGUM524DEC26PE10600FJAN27
NCDEX,81103,2,TMCFGRNZM,TMCFGRNZM08OCT26PE15200FOCT26,OPTFUT,TMCFGRNZM-OPTFUT,21628100081103,68,3,250,1,5,10,21628900080907,,2026-10-08T00:00:00,15200,4,TMCFGRNZM 08OCT2026 PE 15200,1,1,TMCFGRNZM08OCT26PE15200FOCT26
NCDEX,83025,2,DHANIYA,DHANIYA12JAN27PE17500FJAN27,OPTFUT,DHANIYA-OPTFUT,21701200083025,2800,1632,500,1,5,10,21702000082903,,2027-01-12T00:00:00,17500,4,DHANIYA 12JAN2027 PE 17500,1,1,DHANIYA12JAN27PE17500FJAN27
NCDEX,83149,2,GUARGUM5,GUARGUM529JAN27PE15000FFEB27,OPTFUT,GUARGUM5-OPTFUT,21702900083149,2601,1432,250,0.5,5,10,21705000082905,,2027-01-29T00:00:00,15000,4,GUARGUM5 29JAN2027 PE 15000,1,1,GUARGUM529JAN27PE15000FFEB27
NCDEX,80794,2,GUARGUM5,GUARGUM528AUG26CE11400FSEP26,OPTFUT,GUARGUM5-OPTFUT,21624000080794,1317,91,250,0.5,5,10,21626100080558,,2026-08-28T00:00:00,11400,3,GUARGUM5 28AUG2026 CE 11400,1,1,GUARGUM528AUG26CE11400FSEP26
NCDEX,81668,2,GUARGUM5,GUARGUM530OCT26CE12600FNOV26,OPTFUT,GUARGUM5-OPTFUT,21630300081668,957.5,209,250,0.5,5,10,21632400081455,,2026-10-30T00:00:00,12600,3,GUARGUM5 30OCT2026 CE 12600,1,1,GUARGUM530OCT26CE12600FNOV26
NCDEX,81751,2,JEERAUNJHA,JEERAUNJHA09SEP26PE17200FSEP26,OPTFUT,JEERAUNJHA-OPTFUT,21625200081751,20,2,150,2,3,10,21626100081459,,2026-09-09T00:00:00,17200,4,JEERAUNJHA 09SEP2026 PE 17200,1,1,JEERAUNJHA09SEP26PE17200FSEP26
NCDEX,82213,2,GUARSEED10,GUARSEED1027NOV26PE5100FDEC26,OPTFUT,GUARSEED10-OPTFUT,21633100082213,67.5,7.5,500,0.5,5,1,21635200081793,,2026-11-27T00:00:00,5100,4,GUARSEED10 27NOV2026 PE 5100,1,1,GUARSEED1027NOV26PE5100FDEC26
NCDEX,83129,2,DHANIYA,DHANIYA12JAN27PE18400FJAN27,OPTFUT,DHANIYA-OPTFUT,21701200083129,3473,2158,500,1,5,1,21702000082903,,2027-01-12T00:00:00,18400,4,DHANIYA 12JAN2027 PE 18400,1,1,DHANIYA12JAN27PE18400FJAN27
NCDEX,82665,2,GUARGUM5,GUARGUM524DEC26PE11000FJAN27,OPTFUT,GUARGUM5-OPTFUT,21635800082665,149.5,12,250,0.5,5,10,21702000082351,,2026-12-24T00:00:00,11000,4,GUARGUM5 24DEC2026 PE 11000,1,1,GUARGUM524DEC26PE11000FJAN27
NCDEX,81298,2,GUARSEED10,GUARSEED1025SEP26PE5200FOCT26,OPTFUT,GUARSEED10-OPTFUT,21626800081298,25.5,0.5,500,0.5,5,10,21628900080899,,2026-09-25T00:00:00,5200,4,GUARSEED10 25SEP2026 PE 5200,1,1,GUARSEED1025SEP26PE5200FOCT26
NCDEX,82200,2,JEERAUNJHA,JEERAUNJHA09OCT26PE26800FOCT26,OPTFUT,JEERAUNJHA-OPTFUT,21628200082200,6716,4196,150,2,3,1,21629200081796,,2026-10-09T00:00:00,26800,4,JEERAUNJHA 09OCT2026 PE 26800,1,1,JEERAUNJHA09OCT26PE26800FOCT26
NCDEX,82639,2,GUARGUM5,GUARGUM524DEC26CE10200FJAN27,OPTFUT,GUARGUM5-OPTFUT,21635800082639,3826,2290.5,250,0.5,5,10,21702000082351,,2026-12-24T00:00:00,10200,3,GUARGUM5 24DEC2026 CE 10200,1,1,GUARGUM524DEC26CE10200FJAN27
NCDEX,80824,2,GUARSEED10,GUARSEED1028AUG26PE5500FSEP26,OPTFUT,GUARSEED10-OPTFUT,21624000080824,45.5,0.5,500,0.5,5,10,21626100080559,,2026-08-28T00:00:00,5500,4,GUARSEED10 28AUG2026 PE 5500,1,1,GUARSEED1028AUG26PE5500FSEP26
NCDEX,83011,2,DHANIYA,DHANIYA12JAN27PE16900FJAN27,OPTFUT,DHANIYA-OPTFUT,21701200083011,2384,1324,500,1,5,10,21702000082903,,2027-01-12T00:00:00,16900,4,DHANIYA 12JAN2027 PE 16900,1,1,DHANIYA12JAN27PE16900FJAN27
NCDEX,82515,2,GUARGUM5,GUARGUM524DEC26PE10800FJAN27,OPTFUT,GUARGUM5-OPTFUT,21635800082515,115,8,250,0.5,5,10,21702000082351,,2026-12-24T00:00:00,10800,4,GUARGUM5 24DEC2026 PE 10800,1,1,GUARGUM524DEC26PE10800FJAN27
NCDEX,82144,2,JEERAUNJHA,JEERAUNJHA09OCT26PE16400FOCT26,OPTFUT,JEERAUNJHA-OPTFUT,21628200082144,20,2,150,2,3,10,21629200081796,,2026-10-09T00:00:00,16400,4,JEERAUNJHA 09OCT2026 PE 16400,1,1,JEERAUNJHA09OCT26PE16400FOCT26
NCDEX,81134,2,GUARGUM5,GUARGUM525SEP26CE12600FOCT26,OPTFUT,GUARGUM5-OPTFUT,21626800081134,665,43,250,0.5,5,10,21628900080898,,2026-09-25T00:00:00,12600,3,GUARGUM5 25SEP2026 CE 12600,1,1,GUARGUM525SEP26CE12600FOCT26
NCDEX,82528,2,JEERAUNJHA,JEERAUNJHA12NOV26CE17600FNOV26,OPTFUT,JEERAUNJHA-OPTFUT,21631600082528,5296,2764,150,2,3,10,21632400082355,,2026-11-12T00:00:00,17600,3,JEERAUNJHA 12NOV2026 CE 17600,1,1,JEERAUNJHA12NOV26CE17600FNOV26
NCDEX,81589,2,JEERAUNJHA,JEERAUNJHA09SEP26PE28000FSEP26,OPTFUT,JEERAUNJHA-OPTFUT,21625200081589,8316,5830,150,2,3,1,21626100081459,,2026-09-09T00:00:00,28000,4,JEERAUNJHA 09SEP2026 PE 28000,1,1,JEERAUNJHA09SEP26PE28000FSEP26
NCDEX,83254,2,DHANIYA,DHANIYA12JAN27CE18500FJAN27,OPTFUT,DHANIYA-OPTFUT,21701200083254,1225,465,500,1,5,1,21702000082903,,2027-01-12T00:00:00,18500,3,DHANIYA 12JAN2027 CE 18500,1,1,DHANIYA12JAN27CE18500FJAN27
NCDEX,82587,2,GUARGUM5,GUARGUM524DEC26PE8400FJAN27,OPTFUT,GUARGUM5-OPTFUT,21635800082587,5,0.5,250,0.5,5,1,21702000082351,,2026-12-24T00:00:00,8400,4,GUARGUM5 24DEC2026 PE 8400,1,1,GUARGUM524DEC26PE8400FJAN27
NCDEX,82182,2,DHANIYA,DHANIYA10DEC26PE12100FDEC26,OPTFUT,DHANIYA-OPTFUT,21634400082182,167,33,500,1,5,10,21635200081790,,2026-12-10T00:00:00,12100,4,DHANIYA 10DEC2026 PE 12100,1,1,DHANIYA10DEC26PE12100FDEC26
NCDEX,81340,2,GUARGUM5,GUARGUM525SEP26CE9200FOCT26,OPTFUT,GUARGUM5-OPTFUT,21626800081340,3644.5,2200.5,250,0.5,5,10,21628900080898,,2026-09-25T00:00:00,9200,3,GUARGUM5 25SEP2026 CE 9200,1,1,GUARGUM525SEP26CE9200FOCT26
NCDEX,83218,2,JEERAUNJHA,JEERAUNJHA10DEC26CE25600FDEC26,OPTFUT,JEERAUNJHA-OPTFUT,21634400083218,274,8,150,2,3,10,21635200082910,,2026-12-10T00:00:00,25600,3,JEERAUNJHA 10DEC2026 CE 25600,1,1,JEERAUNJHA10DEC26CE25600FDEC26
NCDEX,82467,2,JEERAUNJHA,JEERAUNJHA12NOV26PE21600FNOV26,OPTFUT,JEERAUNJHA-OPTFUT,21631600082467,1534,236,150,2,3,10,21632400082355,,2026-11-12T00:00:00,21600,4,JEERAUNJHA 12NOV2026 PE 21600,1,1,JEERAUNJHA12NOV26PE21600FNOV26
NCDEX,81716,2,JEERAUNJHA,JEERAUNJHA09SEP26CE20400FSEP26,OPTFUT,JEERAUNJHA-OPTFUT,21625200081716,1778,30,150,2,3,10,21626100081459,,2026-09-09T00:00:00,20400,3,JEERAUNJHA 09SEP2026 CE 20400,1,1,JEERAUNJHA09SEP26CE20400FSEP26
NCDEX,82098,2,JEERAUNJHA,JEERAUNJHA09OCT26CE13200FOCT26,OPTFUT,JEERAUNJHA-OPTFUT,21628200082098,9270,6748,150,2,3,1,21629200081796,,2026-10-09T00:00:00,13200,3,JEERAUNJHA 09OCT2026 CE 13200,1,1,JEERAUNJHA09OCT26CE13200FOCT26
NCDEX,82184,2,GUARGUM5,GUARGUM527NOV26PE10200FDEC26,OPTFUT,GUARGUM5-OPTFUT,21633100082184,204,31.5,250,0.5,5,10,21635200081792,,2026-11-27T00:00:00,10200,4,GUARGUM5 27NOV2026 PE 10200,1,1,GUARGUM527NOV26PE10200FDEC26
NCDEX,83099,2,GUARGUM5,GUARGUM529JAN27CE13600FFEB27,OPTFUT,GUARGUM5-OPTFUT,21702900083099,1247,428,250,0.5,5,10,21705000082905,,2027-01-29T00:00:00,13600,3,GUARGUM5 29JAN2027 CE 13600,1,1,GUARGUM529JAN27CE13600FFEB27
NCDEX,82651,2,GUARGUM5,GUARGUM524DEC26CE8800FJAN27,OPTFUT,GUARGUM5-OPTFUT,21635800082651,5185.5,3629,250,0.5,5,1,21702000082351,,2026-12-24T00:00:00,8800,3,GUARGUM5 24DEC2026 CE 8800,1,1,GUARGUM524DEC26CE8800FJAN27
NCDEX,81618,2,JEERAUNJHA,JEERAUNJHA09SEP26PE22400FSEP26,OPTFUT,JEERAUNJHA-OPTFUT,21625200081618,2746,412,150,2,3,10,21626100081459,,2026-09-09T00:00:00,22400,4,JEERAUNJHA 09SEP2026 PE 22400,1,1,JEERAUNJHA09SEP26PE22400FSEP26
NCDEX,82725,2,DHANIYA,DHANIYA10DEC26CE17600FDEC26,OPTFUT,DHANIYA-OPTFUT,21634400082725,1547,577,500,1,5,10,21635200081790,,2026-12-10T00:00:00,17600,3,DHANIYA 10DEC2026 CE 17600,1,1,DHANIYA10DEC26CE17600FDEC26
NCDEX,83095,2,DHANIYA,DHANIYA12JAN27CE15900FJAN27,OPTFUT,DHANIYA-OPTFUT,21701200083095,2405,1176,500,1,5,10,21702000082903,,2027-01-12T00:00:00,15900,3,DHANIYA 12JAN2027 CE 15900,1,1,DHANIYA12JAN27CE15900FJAN27
NCDEX,82206,2,DHANIYA,DHANIYA10DEC26PE11700FDEC26,OPTFUT,DHANIYA-OPTFUT,21634400082206,119,21,500,1,5,1,21635200081790,,2026-12-10T00:00:00,11700,4,DHANIYA 10DEC2026 PE 11700,1,1,DHANIYA10DEC26PE11700FDEC26
NCDEX,81546,2,GUARGUM5,GUARGUM530OCT26CE14200FNOV26,OPTFUT,GUARGUM5-OPTFUT,21630300081546,316.5,29.5,250,0.5,5,10,21632400081455,,2026-10-30T00:00:00,14200,3,GUARGUM5 30OCT2026 CE 14200,1,1,GUARGUM530OCT26CE14200FNOV26
NCDEX,83010,2,GUARGUM5,GUARGUM529JAN27CE9800FFEB27,OPTFUT,GUARGUM5-OPTFUT,21702900083010,4193,2690.5,250,0.5,5,1,21705000082905,,2027-01-29T00:00:00,9800,3,GUARGUM5 29JAN2027 CE 9800,1,1,GUARGUM529JAN27CE9800FFEB27
NCDEX,82641,2,GUARGUM5,GUARGUM524DEC26PE9200FJAN27,OPTFUT,GUARGUM5-OPTFUT,21635800082641,6.5,0.5,250,0.5,5,1,21702000082351,,2026-12-24T00:00:00,9200,4,GUARGUM5 24DEC2026 PE 9200,1,1,GUARGUM524DEC26PE9200FJAN27
NCDEX,82576,2,GUARSEED10,GUARSEED1024DEC26CE5500FJAN27,OPTFUT,GUARSEED10-OPTFUT,21635800082576,1227,608.5,500,0.5,5,10,21702000082352,,2026-12-24T00:00:00,5500,3,GUARSEED10 24DEC2026 CE 5500,1,1,GUARSEED1024DEC26CE5500FJAN27
NCDEX,82109,2,DHANIYA,DHANIYA10DEC26PE12800FDEC26,OPTFUT,DHANIYA-OPTFUT,21634400082109,285,67,500,1,5,10,21635200081790,,2026-12-10T00:00:00,12800,4,DHANIYA 10DEC2026 PE 12800,1,1,DHANIYA10DEC26PE12800FDEC26
NCDEX,82185,2,TMCFGRNZM,TMCFGRNZM10DEC26CE16600FDEC26,OPTFUT,TMCFGRNZM-OPTFUT,21634400082185,5837,3687,250,1,5,10,21635200081800,,2026-12-10T00:00:00,16600,3,TMCFGRNZM 10DEC2026 CE 16600,1,1,TMCFGRNZM10DEC26CE16600FDEC26
NCDEX,82016,2,DHANIYA,DHANIYA10DEC26PE11600FDEC26,OPTFUT,DHANIYA-OPTFUT,21634400082016,109,19,500,1,5,1,21635200081790,,2026-12-10T00:00:00,11600,4,DHANIYA 10DEC2026 PE 11600,1,1,DHANIYA10DEC26PE11600FDEC26
NCDEX,81315,2,TMCFGRNZM,TMCFGRNZM08OCT26CE14400FOCT26,OPTFUT,TMCFGRNZM-OPTFUT,21628100081315,7642,5174,250,1,5,10,21628900080907,,2026-10-08T00:00:00,14400,3,TMCFGRNZM 08OCT2026 CE 14400,1,1,TMCFGRNZM08OCT26CE14400FOCT26
NCDEX,81724,2,JEERAUNJHA,JEERAUNJHA09SEP26PE26000FSEP26,OPTFUT,JEERAUNJHA-OPTFUT,21625200081724,6324,3838,150,2,3,1,21626100081459,,2026-09-09T00:00:00,26000,4,JEERAUNJHA 09SEP2026 PE 26000,1,1,JEERAUNJHA09SEP26PE26000FSEP26
NCDEX,82542,2,JEERAUNJHA,JEERAUNJHA12NOV26PE18400FNOV26,OPTFUT,JEERAUNJHA-OPTFUT,21631600082542,138,2,150,2,3,10,21632400082355,,2026-11-12T00:00:00,18400,4,JEERAUNJHA 12NOV2026 PE 18400,1,1,JEERAUNJHA12NOV26PE18400FNOV26
NCDEX,82186,2,JEERAUNJHA,JEERAUNJHA09OCT26PE18400FOCT26,OPTFUT,JEERAUNJHA-OPTFUT,21628200082186,134,2,150,2,3,10,21629200081796,,2026-10-09T00:00:00,18400,4,JEERAUNJHA 09OCT2026 PE 18400,1,1,JEERAUNJHA09OCT26PE18400FOCT26
NCDEX,82732,2,DHANIYA,DHANIYA10DEC26PE17600FDEC26,OPTFUT,DHANIYA-OPTFUT,21634400082732,2537,1336,500,1,5,10,21635200081790,,2026-12-10T00:00:00,17600,4,DHANIYA 10DEC2026 PE 17600,1,1,DHANIYA10DEC26PE17600FDEC26
NCDEX,82080,2,GUARGUM5,GUARGUM527NOV26PE12800FDEC26,OPTFUT,GUARGUM5-OPTFUT,21633100082080,1419.5,574,250,0.5,5,10,21635200081792,,2026-11-27T00:00:00,12800,4,GUARGUM5 27NOV2026 PE 12800,1,1,GUARGUM527NOV26PE12800FDEC26
NCDEX,82676,2,DHANIYA,DHANIYA10DEC26CE16200FDEC26,OPTFUT,DHANIYA-OPTFUT,21634400082676,2287,1017,500,1,5,10,21635200081790,,2026-12-10T00:00:00,16200,3,DHANIYA 10DEC2026 CE 16200,1,1,DHANIYA10DEC26CE16200FDEC26
NCDEX,81311,2,GUARGUM5,GUARGUM525SEP26CE8600FOCT26,OPTFUT,GUARGUM5-OPTFUT,21626800081311,4240,2795.5,250,0.5,5,1,21628900080898,,2026-09-25T00:00:00,8600,3,GUARGUM5 25SEP2026 CE 8600,1,1,GUARGUM525SEP26CE8600FOCT26
NCDEX,82011,2,TMCFGRNZM,TMCFGRNZM10DEC26PE13600FDEC26,OPTFUT,TMCFGRNZM-OPTFUT,21634400082011,161,42,250,1,5,1,21635200081800,,2026-12-10T00:00:00,13600,4,TMCFGRNZM 10DEC2026 PE 13600,1,1,TMCFGRNZM10DEC26PE13600FDEC26
NCDEX,82741,2,TMCFGRNZM,TMCFGRNZM08OCT26CE20200FOCT26,OPTFUT,TMCFGRNZM-OPTFUT,21628100082741,2504,830,250,1,5,10,21628900080907,,2026-10-08T00:00:00,20200,3,TMCFGRNZM 08OCT2026 CE 20200,1,1,TMCFGRNZM08OCT26CE20200FOCT26
NCDEX,80815,2,GUARSEED10,GUARSEED1028AUG26PE5100FSEP26,OPTFUT,GUARSEED10-OPTFUT,21624000080815,5,0.5,500,0.5,5,10,21626100080559,,2026-08-28T00:00:00,5100,4,GUARSEED10 28AUG2026 PE 5100,1,1,GUARSEED1028AUG26PE5100FSEP26
NCDEX,81037,2,TMCFGRNZM,TMCFGRNZM08OCT26CE15800FOCT26,OPTFUT,TMCFGRNZM-OPTFUT,21628100081037,6272,3840,250,1,5,10,21628900080907,,2026-10-08T00:00:00,15800,3,TMCFGRNZM 08OCT2026 CE 15800,1,1,TMCFGRNZM08OCT26CE15800FOCT26
NCDEX,80781,2,GUARGUM5,GUARGUM528AUG26PE13200FSEP26,OPTFUT,GUARGUM5-OPTFUT,21624000080781,1966,553.5,250,0.5,5,10,21626100080558,,2026-08-28T00:00:00,13200,4,GUARGUM5 28AUG2026 PE 13200,1,1,GUARGUM528AUG26PE13200FSEP26
NCDEX,81052,2,DHANIYA,DHANIYA09OCT26PE11400FOCT26,OPTFUT,DHANIYA-OPTFUT,21628200081052,10,1,500,1,5,10,21629200080896,,2026-10-09T00:00:00,11400,4,DHANIYA 09OCT2026 PE 11400,1,1,DHANIYA09OCT26PE11400FOCT26
NCDEX,82157,2,GUARSEED10,GUARSEED1027NOV26CE7700FDEC26,OPTFUT,GUARSEED10-OPTFUT,21633100082157,102,10.5,500,0.5,5,1,21635200081793,,2026-11-27T00:00:00,7700,3,GUARSEED10 27NOV2026 CE 7700,1,1,GUARSEED1027NOV26CE7700FDEC26
NCDEX,81555,2,JEERAUNJHA,JEERAUNJHA09SEP26CE24000FSEP26,OPTFUT,JEERAUNJHA-OPTFUT,21625200081555,46,2,150,2,3,10,21626100081459,,2026-09-09T00:00:00,24000,3,JEERAUNJHA 09SEP2026 CE 24000,1,1,JEERAUNJHA09SEP26CE24000FSEP26
NCDEX,80791,2,GUARSEED10,GUARSEED1028AUG26PE5400FSEP26,OPTFUT,GUARSEED10-OPTFUT,21624000080791,28.5,0.5,500,0.5,5,10,21626100080559,,2026-08-28T00:00:00,5400,4,GUARSEED10 28AUG2026 PE 5400,1,1,GUARSEED1028AUG26PE5400FSEP26
NCDEX,82510,2,TMCFGRNZM,TMCFGRNZM08OCT26CE19400FOCT26,OPTFUT,TMCFGRNZM-OPTFUT,21628100082510,3079,1183,250,1,5,10,21628900080907,,2026-10-08T00:00:00,19400,3,TMCFGRNZM 08OCT2026 CE 19400,1,1,TMCFGRNZM08OCT26CE19400FOCT26
NCDEX,80850,2,GUARGUM5,GUARGUM528AUG26CE12200FSEP26,OPTFUT,GUARGUM5-OPTFUT,21624000080850,688,1.5,250,0.5,5,10,21626100080558,,2026-08-28T00:00:00,12200,3,GUARGUM5 28AUG2026 CE 12200,1,1,GUARGUM528AUG26CE12200FSEP26
NCDEX,81937,2,TMCFGRNZM,TMCFGRNZM10DEC26PE13800FDEC26,OPTFUT,TMCFGRNZM-OPTFUT,21634400081937,182,49,250,1,5,1,21635200081800,,2026-12-10T00:00:00,13800,4,TMCFGRNZM 10DEC2026 PE 13800,1,1,TMCFGRNZM10DEC26PE13800FDEC26
NCDEX,83090,2,JEERAUNJHA,JEERAUNJHA10DEC26PE20800FDEC26,OPTFUT,JEERAUNJHA-OPTFUT,21634400083090,872,94,150,2,3,10,21635200082910,,2026-12-10T00:00:00,20800,4,JEERAUNJHA 10DEC2026 PE 20800,1,1,JEERAUNJHA10DEC26PE20800FDEC26
NCDEX,81319,2,GUARGUM5,GUARGUM525SEP26PE7800FOCT26,OPTFUT,GUARGUM5-OPTFUT,21626800081319,5,0.5,250,0.5,5,1,21628900080898,,2026-09-25T00:00:00,7800,4,GUARGUM5 25SEP2026 PE 7800,1,1,GUARGUM525SEP26PE7800FOCT26
NCDEX,81935,2,JEERAUNJHA,JEERAUNJHA09OCT26CE16000FOCT26,OPTFUT,JEERAUNJHA-OPTFUT,21628200081935,6498,3976,150,2,3,10,21629200081796,,2026-10-09T00:00:00,16000,3,JEERAUNJHA 09OCT2026 CE 16000,1,1,JEERAUNJHA09OCT26CE16000FOCT26
NCDEX,82500,2,GUARSEED10,GUARSEED1024DEC26CE6700FJAN27,OPTFUT,GUARSEED10-OPTFUT,21635800082500,444,128,500,0.5,5,10,21702000082352,,2026-12-24T00:00:00,6700,3,GUARSEED10 24DEC2026 CE 6700,1,1,GUARSEED1024DEC26CE6700FJAN27
NCDEX,80749,2,GUARGUM5,GUARGUM528AUG26PE8600FSEP26,OPTFUT,GUARGUM5-OPTFUT,21624000080749,5,0.5,250,0.5,5,10,21626100080558,,2026-08-28T00:00:00,8600,4,GUARGUM5 28AUG2026 PE 8600,1,1,GUARGUM528AUG26PE8600FSEP26
NCDEX,82490,2,GUARGUM5,GUARGUM524DEC26CE16000FJAN27,OPTFUT,GUARGUM5-OPTFUT,21635800082490,203.5,15,250,0.5,5,1,21702000082351,,2026-12-24T00:00:00,16000,3,GUARGUM5 24DEC2026 CE 16000,1,1,GUARGUM524DEC26CE16000FJAN27
NCDEX,81269,2,GUARGUM5,GUARGUM525SEP26CE13600FOCT26,OPTFUT,GUARGUM5-OPTFUT,21626800081269,253,4,250,0.5,5,10,21628900080898,,2026-09-25T00:00:00,13600,3,GUARGUM5 25SEP2026 CE 13600,1,1,GUARGUM525SEP26CE13600FOCT26
NCDEX,82131,2,GUARSEED10,GUARSEED1027NOV26CE5700FDEC26,OPTFUT,GUARSEED10-OPTFUT,21633100082131,1041.5,443.5,500,0.5,5,10,21635200081793,,2026-11-27T00:00:00,5700,3,GUARSEED10 27NOV2026 CE 5700,1,1,GUARSEED1027NOV26CE5700FDEC26
NCDEX,83245,2,DHANIYA,DHANIYA12JAN27CE16800FJAN27,OPTFUT,DHANIYA-OPTFUT,21701200083245,1927,866,500,1,5,10,21702000082903,,2027-01-12T00:00:00,16800,3,DHANIYA 12JAN2027 CE 16800,1,1,DHANIYA12JAN27CE16800FJAN27
NCDEX,82817,2,TMCFGRNZM,TMCFGRNZM08OCT26PE22200FOCT26,OPTFUT,TMCFGRNZM-OPTFUT,21628100082817,2987,1263,250,1,5,10,21628900080907,,2026-10-08T00:00:00,22200,4,TMCFGRNZM 08OCT2026 PE 22200,1,1,TMCFGRNZM08OCT26PE22200FOCT26
NCDEX,82608,2,GUARGUM5,GUARGUM524DEC26PE13400FJAN27,OPTFUT,GUARGUM5-OPTFUT,21635800082608,1208,365.5,250,0.5,5,10,21702000082351,,2026-12-24T00:00:00,13400,4,GUARGUM5 24DEC2026 PE 13400,1,1,GUARGUM524DEC26PE13400FJAN27
NCDEX,83042,2,GUARSEED10,GUARSEED1029JAN27CE5400FFEB27,OPTFUT,GUARSEED10-OPTFUT,21702900083042,1289,650.5,500,0.5,5,1,21705000082907,,2027-01-29T00:00:00,5400,3,GUARSEED10 29JAN2027 CE 5400,1,1,GUARSEED1029JAN27CE5400FFEB27
NCDEX,82319,2,DHANIYA,DHANIYA10DEC26PE15400FDEC26,OPTFUT,DHANIYA-OPTFUT,21634400082319,1183,470,500,1,5,10,21635200081790,,2026-12-10T00:00:00,15400,4,DHANIYA 10DEC2026 PE 15400,1,1,DHANIYA10DEC26PE15400FDEC26
NCDEX,83053,2,JEERAUNJHA,JEERAUNJHA10DEC26CE21600FDEC26,OPTFUT,JEERAUNJHA-OPTFUT,21634400083053,2058,418,150,2,3,10,21635200082910,,2026-12-10T00:00:00,21600,3,JEERAUNJHA 10DEC2026 CE 21600,1,1,JEERAUNJHA10DEC26CE21600FDEC26
NCDEX,82601,2,GUARGUM5,GUARGUM524DEC26PE15000FJAN27,OPTFUT,GUARGUM5-OPTFUT,21635800082601,2499,1207.5,250,0.5,5,10,21702000082351,,2026-12-24T00:00:00,15000,4,GUARGUM5 24DEC2026 PE 15000,1,1,GUARGUM524DEC26PE15000FJAN27
NCDEX,81051,2,TMCFGRNZM,TMCFGRNZM08OCT26PE13400FOCT26,OPTFUT,TMCFGRNZM-OPTFUT,21628100081051,10,1,250,1,5,1,21628900080907,,2026-10-08T00:00:00,13400,4,TMCFGRNZM 08OCT2026 PE 13400,1,1,TMCFGRNZM08OCT26PE13400FOCT26
NCDEX,81078,2,GUARGUM5,GUARGUM525SEP26CE9600FOCT26,OPTFUT,GUARGUM5-OPTFUT,21626800081078,3248,1806,250,0.5,5,10,21628900080898,,2026-09-25T00:00:00,9600,3,GUARGUM5 25SEP2026 CE 9600,1,1,GUARGUM525SEP26CE9600FOCT26
NCDEX,83199,2,GUARSEED10,GUARSEED1029JAN27CE7400FFEB27,OPTFUT,GUARSEED10-OPTFUT,21702900083199,176.5,30.5,500,0.5,5,1,21705000082907,,2027-01-29T00:00:00,7400,3,GUARSEED10 29JAN2027 CE 7400,1,1,GUARSEED1029JAN27CE7400FFEB27
NCDEX,82777,2,TMCFGRNZM,TMCFGRNZM10DEC26PE21000FDEC26,OPTFUT,TMCFGRNZM-OPTFUT,21634400082777,2812,1577,250,1,5,10,21635200081800,,2026-12-10T00:00:00,21000,4,TMCFGRNZM 10DEC2026 PE 21000,1,1,TMCFGRNZM10DEC26PE21000FDEC26
NCDEX,81919,2,GUARGUM5,GUARGUM527NOV26CE16000FDEC26,OPTFUT,GUARGUM5-OPTFUT,21633100081919,167,18,250,0.5,5,1,21635200081792,,2026-11-27T00:00:00,16000,3,GUARGUM5 27NOV2026 CE 16000,1,1,GUARGUM527NOV26CE16000FDEC26
NCDEX,82867,2,DHANIYA,DHANIYA10DEC26CE17700FDEC26,OPTFUT,DHANIYA-OPTFUT,21634400082867,1502,553,500,1,5,10,21635200081790,,2026-12-10T00:00:00,17700,3,DHANIYA 10DEC2026 CE 17700,1,1,DHANIYA10DEC26CE17700FDEC26
NCDEX,82644,2,GUARSEED10,GUARSEED1024DEC26PE5100FJAN27,OPTFUT,GUARSEED10-OPTFUT,21635800082644,95,17,500,0.5,5,1,21702000082352,,2026-12-24T00:00:00,5100,4,GUARSEED10 24DEC2026 PE 5100,1,1,GUARSEED1024DEC26PE5100FJAN27
NCDEX,81543,2,GUARGUM5,GUARGUM530OCT26PE14000FNOV26,OPTFUT,GUARGUM5-OPTFUT,21630300081543,2443.5,1201.5,250,0.5,5,10,21632400081455,,2026-10-30T00:00:00,14000,4,GUARGUM5 30OCT2026 PE 14000,1,1,GUARGUM530OCT26PE14000FNOV26
NCDEX,82682,2,DHANIYA,DHANIYA10DEC26PE15800FDEC26,OPTFUT,DHANIYA-OPTFUT,21634400082682,1391,587,500,1,5,10,21635200081790,,2026-12-10T00:00:00,15800,4,DHANIYA 10DEC2026 PE 15800,1,1,DHANIYA10DEC26PE15800FDEC26
NCDEX,82634,2,GUARSEED10,GUARSEED1024DEC26PE4900FJAN27,OPTFUT,GUARSEED10-OPTFUT,21635800082634,60,9,500,0.5,5,1,21702000082352,,2026-12-24T00:00:00,4900,4,GUARSEED10 24DEC2026 PE 4900,1,1,GUARSEED1024DEC26PE4900FJAN27
NCDEX,80773,2,GUARSEED10,GUARSEED1028AUG26CE4800FSEP26,OPTFUT,GUARSEED10-OPTFUT,21624000080773,1803,1057.5,500,0.5,5,1,21626100080559,,2026-08-28T00:00:00,4800,3,GUARSEED10 28AUG2026 CE 4800,1,1,GUARSEED1028AUG26CE4800FSEP26
NCDEX,83197,2,JEERAUNJHA,JEERAUNJHA10DEC26PE19200FDEC26,OPTFUT,JEERAUNJHA-OPTFUT,21634400083197,272,12,150,2,3,10,21635200082910,,2026-12-10T00:00:00,19200,4,JEERAUNJHA 10DEC2026 PE 19200,1,1,JEERAUNJHA10DEC26PE19200FDEC26
NCDEX,81353,2,DHANIYA,DHANIYA09OCT26CE10900FOCT26,OPTFUT,DHANIYA-OPTFUT,21628200081353,6405,4462,500,1,5,1,21629200080896,,2026-10-09T00:00:00,10900,3,DHANIYA 09OCT2026 CE 10900,1,1,DHANIYA09OCT26CE10900FOCT26
NCDEX,83213,2,DHANIYA,DHANIYA12JAN27PE16400FJAN27,OPTFUT,DHANIYA-OPTFUT,21701200083213,2059,1094,500,1,5,10,21702000082903,,2027-01-12T00:00:00,16400,4,DHANIYA 12JAN2027 PE 16400,1,1,DHANIYA12JAN27PE16400FJAN27
NCDEX,82529,2,GUARSEED10,GUARSEED1024DEC26PE5500FJAN27,OPTFUT,GUARSEED10-OPTFUT,21635800082529,206,50.5,500,0.5,5,10,21702000082352,,2026-12-24T00:00:00,5500,4,GUARSEED10 24DEC2026 PE 5500,1,1,GUARSEED1024DEC26PE5500FJAN27
NCDEX,81235,2,GUARGUM5,GUARGUM525SEP26CE10400FOCT26,OPTFUT,GUARGUM5-OPTFUT,21626800081235,2461.5,1053.5,250,0.5,5,10,21628900080898,,2026-09-25T00:00:00,10400,3,GUARGUM5 25SEP2026 CE 10400,1,1,GUARGUM525SEP26CE10400FOCT26
NCDEX,83156,2,GUARGUM5,GUARGUM529JAN27CE15200FFEB27,OPTFUT,GUARGUM5-OPTFUT,21702900083156,592,140.5,250,0.5,5,10,21705000082905,,2027-01-29T00:00:00,15200,3,GUARGUM5 29JAN2027 CE 15200,1,1,GUARGUM529JAN27CE15200FFEB27
NCDEX,81176,2,TMCFGRNZM,TMCFGRNZM08OCT26PE17800FOCT26,OPTFUT,TMCFGRNZM-OPTFUT,21628100081176,504,71,250,1,5,10,21628900080907,,2026-10-08T00:00:00,17800,4,TMCFGRNZM 08OCT2026 PE 17800,1,1,TMCFGRNZM08OCT26PE17800FOCT26
NCDEX,82754,2,TMCFGRNZM,TMCFGRNZM10DEC26CE21600FDEC26,OPTFUT,TMCFGRNZM-OPTFUT,21634400082754,2590,1228,250,1,5,10,21635200081800,,2026-12-10T00:00:00,21600,3,TMCFGRNZM 10DEC2026 CE 21600,1,1,TMCFGRNZM10DEC26CE21600FDEC26
NCDEX,81069,2,DHANIYA,DHANIYA09OCT26CE13400FOCT26,OPTFUT,DHANIYA-OPTFUT,21628200081069,3955,2089,500,1,5,10,21629200080896,,2026-10-09T00:00:00,13400,3,DHANIYA 09OCT2026 CE 13400,1,1,DHANIYA09OCT26CE13400FOCT26
NCDEX,81645,2,JEERAUNJHA,JEERAUNJHA09SEP26CE17600FSEP26,OPTFUT,JEERAUNJHA-OPTFUT,21625200081645,4524,2036,150,2,3,10,21626100081459,,2026-09-09T00:00:00,17600,3,JEERAUNJHA 09SEP2026 CE 17600,1,1,JEERAUNJHA09SEP26CE17600FSEP26
NCDEX,83107,2,DHANIYA,DHANIYA12JAN27CE18200FJAN27,OPTFUT,DHANIYA-OPTFUT,21701200083107,1331,521,500,1,5,1,21702000082903,,2027-01-12T00:00:00,18200,3,DHANIYA 12JAN2027 CE 18200,1,1,DHANIYA12JAN27CE18200FJAN27
NCDEX,81570,2,GUARGUM5,GUARGUM530OCT26PE11600FNOV26,OPTFUT,GUARGUM5-OPTFUT,21630300081570,636.5,125,250,0.5,5,10,21632400081455,,2026-10-30T00:00:00,11600,4,GUARGUM5 30OCT2026 PE 11600,1,1,GUARGUM530OCT26PE11600FNOV26
NCDEX,81895,2,JEERAUNJHA,JEERAUNJHA09OCT26PE18800FOCT26,OPTFUT,JEERAUNJHA-OPTFUT,21628200081895,214,2,150,2,3,10,21629200081796,,2026-10-09T00:00:00,18800,4,JEERAUNJHA 09OCT2026 PE 18800,1,1,JEERAUNJHA09OCT26PE18800FOCT26
NCDEX,82153,2,TMCFGRNZM,TMCFGRNZM10DEC26CE14600FDEC26,OPTFUT,TMCFGRNZM-OPTFUT,21634400082153,7559,5225,250,1,5,1,21635200081800,,2026-12-10T00:00:00,14600,3,TMCFGRNZM 10DEC2026 CE 14600,1,1,TMCFGRNZM10DEC26CE14600FDEC26
NCDEX,81567,2,GUARGUM5,GUARGUM530OCT26CE10600FNOV26,OPTFUT,GUARGUM5-OPTFUT,21630300081567,2482.5,1155,250,0.5,5,10,21632400081455,,2026-10-30T00:00:00,10600,3,GUARGUM5 30OCT2026 CE 10600,1,1,GUARGUM530OCT26CE10600FNOV26
NCDEX,82254,2,DHANIYA,DHANIYA09OCT26CE15000FOCT26,OPTFUT,DHANIYA-OPTFUT,21628200082254,2513,939,500,1,5,10,21629200080896,,2026-10-09T00:00:00,15000,3,DHANIYA 09OCT2026 CE 15000,1,1,DHANIYA09OCT26CE15000FOCT26
NCDEX,81140,2,TMCFGRNZM,TMCFGRNZM08OCT26PE12400FOCT26,OPTFUT,TMCFGRNZM-OPTFUT,21628100081140,10,1,250,1,5,1,21628900080907,,2026-10-08T00:00:00,12400,4,TMCFGRNZM 08OCT2026 PE 12400,1,1,TMCFGRNZM08OCT26PE12400FOCT26
NCDEX,81578,2,JEERAUNJHA,JEERAUNJHA09SEP26CE24400FSEP26,OPTFUT,JEERAUNJHA-OPTFUT,21625200081578,24,2,150,2,3,10,21626100081459,,2026-09-09T00:00:00,24400,3,JEERAUNJHA 09SEP2026 CE 24400,1,1,JEERAUNJHA09SEP26CE24400FSEP26
NCDEX,82604,2,JEERAUNJHA,JEERAUNJHA12NOV26PE13600FNOV26,OPTFUT,JEERAUNJHA-OPTFUT,21631600082604,20,2,150,2,3,1,21632400082355,,2026-11-12T00:00:00,13600,4,JEERAUNJHA 12NOV2026 PE 13600,1,1,JEERAUNJHA12NOV26PE13600FNOV26
NCDEX,82816,2,TMCFGRNZM,TMCFGRNZM08OCT26CE22200FOCT26,OPTFUT,TMCFGRNZM-OPTFUT,21628100082816,1373,295,250,1,5,10,21628900080907,,2026-10-08T00:00:00,22200,3,TMCFGRNZM 08OCT2026 CE 22200,1,1,TMCFGRNZM08OCT26CE22200FOCT26
NCDEX,82284,2,DHANIYA,DHANIYA10DEC26CE14500FDEC26,OPTFUT,DHANIYA-OPTFUT,21634400082284,3458,1856,500,1,5,10,21635200081790,,2026-12-10T00:00:00,14500,3,DHANIYA 10DEC2026 CE 14500,1,1,DHANIYA10DEC26CE14500FDEC26
NCDEX,81701,2,GUARSEED10,GUARSEED1030OCT26PE6700FNOV26,OPTFUT,GUARSEED10-OPTFUT,21630300081701,830,305.5,500,0.5,5,10,21632400081456,,2026-10-30T00:00:00,6700,4,GUARSEED10 30OCT2026 PE 6700,1,1,GUARSEED1030OCT26PE6700FNOV26
NCDEX,81182,2,GUARSEED10,GUARSEED1025SEP26PE5700FOCT26,OPTFUT,GUARSEED10-OPTFUT,21626800081182,136,3.5,500,0.5,5,10,21628900080899,,2026-09-25T00:00:00,5700,4,GUARSEED10 25SEP2026 PE 5700,1,1,GUARSEED1025SEP26PE5700FOCT26
NCDEX,81698,2,GUARGUM5,GUARGUM530OCT26CE10000FNOV26,OPTFUT,GUARGUM5-OPTFUT,21630300081698,3044,1639.5,250,0.5,5,10,21632400081455,,2026-10-30T00:00:00,10000,3,GUARGUM5 30OCT2026 CE 10000,1,1,GUARGUM530OCT26CE10000FNOV26
NCDEX,81747,2,GUARSEED10,GUARSEED1030OCT26PE7100FNOV26,OPTFUT,GUARSEED10-OPTFUT,21630300081747,1179,552,500,0.5,5,10,21632400081456,,2026-10-30T00:00:00,7100,4,GUARSEED10 30OCT2026 PE 7100,1,1,GUARSEED1030OCT26PE7100FNOV26
NCDEX,81757,2,GUARSEED10,GUARSEED1030OCT26PE5300FNOV26,OPTFUT,GUARSEED10-OPTFUT,21630300081757,76.5,5.5,500,0.5,5,10,21632400081456,,2026-10-30T00:00:00,5300,4,GUARSEED10 30OCT2026 PE 5300,1,1,GUARSEED1030OCT26PE5300FNOV26
NCDEX,81903,2,DHANIYA,DHANIYA10DEC26CE12000FDEC26,OPTFUT,DHANIYA-OPTFUT,21634400081903,5614,3726,500,1,5,1,21635200081790,,2026-12-10T00:00:00,12000,3,DHANIYA 10DEC2026 CE 12000,1,1,DHANIYA10DEC26CE12000FDEC26
NCDEX,82570,2,GUARSEED10,GUARSEED1024DEC26PE6000FJAN27,OPTFUT,GUARSEED10-OPTFUT,21635800082570,430,145,500,0.5,5,10,21702000082352,,2026-12-24T00:00:00,6000,4,GUARSEED10 24DEC2026 PE 6000,1,1,GUARSEED1024DEC26PE6000FJAN27
NCDEX,82477,2,GUARGUM5,GUARGUM524DEC26CE15000FJAN27,OPTFUT,GUARGUM5-OPTFUT,21635800082477,429.5,52,250,0.5,5,10,21702000082351,,2026-12-24T00:00:00,15000,3,GUARGUM5 24DEC2026 CE 15000,1,1,GUARGUM524DEC26CE15000FJAN27
NCDEX,80839,2,GUARGUM5,GUARGUM528AUG26CE6600FSEP26,OPTFUT,GUARGUM5-OPTFUT,21624000080839,6057.5,4627.5,250,0.5,5,1,21626100080558,,2026-08-28T00:00:00,6600,3,GUARGUM5 28AUG2026 CE 6600,1,1,GUARGUM528AUG26CE6600FSEP26
NCDEX,83270,2,DHANIYA,DHANIYA12JAN27PE16000FJAN27,OPTFUT,DHANIYA-OPTFUT,21701200083270,1815,928,500,1,5,10,21702000082903,,2027-01-12T00:00:00,16000,4,DHANIYA 12JAN2027 PE 16000,1,1,DHANIYA12JAN27PE16000FJAN27
NCDEX,83128,2,GUARSEED10,GUARSEED1029JAN27CE6200FFEB27,OPTFUT,GUARSEED10-OPTFUT,21702900083128,681.5,238.5,500,0.5,5,10,21705000082907,,2027-01-29T00:00:00,6200,3,GUARSEED10 29JAN2027 CE 6200,1,1,GUARSEED1029JAN27CE6200FFEB27
NCDEX,82099,2,GUARGUM5,GUARGUM527NOV26CE11800FDEC26,OPTFUT,GUARGUM5-OPTFUT,21633100082099,1745,693,250,0.5,5,10,21635200081792,,2026-11-27T00:00:00,11800,3,GUARGUM5 27NOV2026 CE 11800,1,1,GUARGUM527NOV26CE11800FDEC26
NCDEX,83250,2,GUARGUM5,GUARGUM529JAN27PE13600FFEB27,OPTFUT,GUARGUM5-OPTFUT,21702900083250,1532,672.5,250,0.5,5,10,21705000082905,,2027-01-29T00:00:00,13600,4,GUARGUM5 29JAN2027 PE 13600,1,1,GUARGUM529JAN27PE13600FFEB27
NCDEX,82248,2,DHANIYA,DHANIYA09OCT26PE15700FOCT26,OPTFUT,DHANIYA-OPTFUT,21628200082248,1007,219,500,1,5,10,21629200080896,,2026-10-09T00:00:00,15700,4,DHANIYA 09OCT2026 PE 15700,1,1,DHANIYA09OCT26PE15700FOCT26
NCDEX,81342,2,GUARGUM5,GUARGUM525SEP26CE7600FOCT26,OPTFUT,GUARGUM5-OPTFUT,21626800081342,5232.5,3788,250,0.5,5,1,21628900080898,,2026-09-25T00:00:00,7600,3,GUARGUM5 25SEP2026 CE 7600,1,1,GUARGUM525SEP26CE7600FOCT26
NCDEX,82662,2,JEERAUNJHA,JEERAUNJHA12NOV26PE20400FNOV26,OPTFUT,JEERAUNJHA-OPTFUT,21631600082662,784,60,150,2,3,10,21632400082355,,2026-11-12T00:00:00,20400,4,JEERAUNJHA 12NOV2026 PE 20400,1,1,JEERAUNJHA12NOV26PE20400FNOV26
NCDEX,82322,2,DHANIYA,DHANIYA09OCT26CE16900FOCT26,OPTFUT,DHANIYA-OPTFUT,21628200082322,1191,242,500,1,5,10,21629200080896,,2026-10-09T00:00:00,16900,3,DHANIYA 09OCT2026 CE 16900,1,1,DHANIYA09OCT26CE16900FOCT26
NCDEX,83032,2,DHANIYA,DHANIYA12JAN27CE16100FJAN27,OPTFUT,DHANIYA-OPTFUT,21701200083032,2292,1100,500,1,5,10,21702000082903,,2027-01-12T00:00:00,16100,3,DHANIYA 12JAN2027 CE 16100,1,1,DHANIYA12JAN27CE16100FJAN27
NCDEX,83013,2,GUARSEED10,GUARSEED1029JAN27PE7500FFEB27,OPTFUT,GUARSEED10-OPTFUT,21702900083013,1544.5,913,500,0.5,5,1,21705000082907,,2027-01-29T00:00:00,7500,4,GUARSEED10 29JAN2027 PE 7500,1,1,GUARSEED1029JAN27PE7500FFEB27
NCDEX,82845,2,TMCFGRNZM,TMCFGRNZM10DEC26PE23200FDEC26,OPTFUT,TMCFGRNZM-OPTFUT,21634400082845,4343,2741,250,1,5,10,21635200081800,,2026-12-10T00:00:00,23200,4,TMCFGRNZM 10DEC2026 PE 23200,1,1,TMCFGRNZM10DEC26PE23200FDEC26
NCDEX,82180,2,TMCFGRNZM,TMCFGRNZM10DEC26PE13400FDEC26,OPTFUT,TMCFGRNZM-OPTFUT,21634400082180,141,36,250,1,5,1,21635200081800,,2026-12-10T00:00:00,13400,4,TMCFGRNZM 10DEC2026 PE 13400,1,1,TMCFGRNZM10DEC26PE13400FDEC26
NCDEX,82114,2,DHANIYA,DHANIYA10DEC26CE13100FDEC26,OPTFUT,DHANIYA-OPTFUT,21634400082114,4616,2819,500,1,5,10,21635200081790,,2026-12-10T00:00:00,13100,3,DHANIYA 10DEC2026 CE 13100,1,1,DHANIYA10DEC26CE13100FDEC26
NCDEX,83259,2,JEERAUNJHA,JEERAUNJHA10DEC26PE19600FDEC26,OPTFUT,JEERAUNJHA-OPTFUT,21634400083259,382,20,150,2,3,10,21635200082910,,2026-12-10T00:00:00,19600,4,JEERAUNJHA 10DEC2026 PE 19600,1,1,JEERAUNJHA10DEC26PE19600FDEC26
NCDEX,83212,2,GUARSEED10,GUARSEED1029JAN27PE6300FFEB27,OPTFUT,GUARSEED10-OPTFUT,21702900083212,579.5,216,500,0.5,5,10,21705000082907,,2027-01-29T00:00:00,6300,4,GUARSEED10 29JAN2027 PE 6300,1,1,GUARSEED1029JAN27PE6300FFEB27
NCDEX,81597,2,GUARSEED10,GUARSEED1030OCT26PE6400FNOV26,OPTFUT,GUARSEED10-OPTFUT,21630300081597,595.5,173,500,0.5,5,10,21632400081456,,2026-10-30T00:00:00,6400,4,GUARSEED10 30OCT2026 PE 6400,1,1,GUARSEED1030OCT26PE6400FNOV26
NCDEX,82095,2,JEERAUNJHA,JEERAUNJHA09OCT26PE15200FOCT26,OPTFUT,JEERAUNJHA-OPTFUT,21628200082095,20,2,150,2,3,1,21629200081796,,2026-10-09T00:00:00,15200,4,JEERAUNJHA 09OCT2026 PE 15200,1,1,JEERAUNJHA09OCT26PE15200FOCT26
NCDEX,82148,2,GUARGUM5,GUARGUM527NOV26PE13200FDEC26,OPTFUT,GUARGUM5-OPTFUT,21633100082148,1713,761,250,0.5,5,10,21635200081792,,2026-11-27T00:00:00,13200,4,GUARGUM5 27NOV2026 PE 13200,1,1,GUARGUM527NOV26PE13200FDEC26
NCDEX,82070,2,TMCFGRNZM,TMCFGRNZM10DEC26CE18400FDEC26,OPTFUT,TMCFGRNZM-OPTFUT,21634400082070,4474,2570,250,1,5,10,21635200081800,,2026-12-10T00:00:00,18400,3,TMCFGRNZM 10DEC2026 CE 18400,1,1,TMCFGRNZM10DEC26CE18400FDEC26
NCDEX,82779,2,TMCFGRNZM,TMCFGRNZM08OCT26PE21400FOCT26,OPTFUT,TMCFGRNZM-OPTFUT,21628100082779,2378,877,250,1,5,10,21628900080907,,2026-10-08T00:00:00,21400,4,TMCFGRNZM 08OCT2026 PE 21400,1,1,TMCFGRNZM08OCT26PE21400FOCT26
NCDEX,82044,2,DHANIYA,DHANIYA10DEC26PE13100FDEC26,OPTFUT,DHANIYA-OPTFUT,21634400082044,349,89,500,1,5,10,21635200081790,,2026-12-10T00:00:00,13100,4,DHANIYA 10DEC2026 PE 13100,1,1,DHANIYA10DEC26PE13100FDEC26
NCDEX,82046,2,GUARSEED10,GUARSEED1027NOV26CE6300FDEC26,OPTFUT,GUARSEED10-OPTFUT,21633100082046,607.5,182,500,0.5,5,10,21635200081793,,2026-11-27T00:00:00,6300,3,GUARSEED10 27NOV2026 CE 6300,1,1,GUARSEED1027NOV26CE6300FDEC26
NCDEX,83223,2,DHANIYA,DHANIYA12JAN27PE18600FJAN27,OPTFUT,DHANIYA-OPTFUT,21701200083223,3629,2284,500,1,5,1,21702000082903,,2027-01-12T00:00:00,18600,4,DHANIYA 12JAN2027 PE 18600,1,1,DHANIYA12JAN27PE18600FJAN27
NCDEX,82605,2,JEERAUNJHA,JEERAUNJHA12NOV26PE26800FNOV26,OPTFUT,JEERAUNJHA-OPTFUT,21631600082605,6310,3778,150,2,3,1,21632400082355,,2026-11-12T00:00:00,26800,4,JEERAUNJHA 12NOV2026 PE 26800,1,1,JEERAUNJHA12NOV26PE26800FNOV26
NCDEX,82454,2,TMCFGRNZM,TMCFGRNZM08OCT26PE19400FOCT26,OPTFUT,TMCFGRNZM-OPTFUT,21628100082454,1142,267,250,1,5,10,21628900080907,,2026-10-08T00:00:00,19400,4,TMCFGRNZM 08OCT2026 PE 19400,1,1,TMCFGRNZM08OCT26PE19400FOCT26
NCDEX,81320,2,TMCFGRNZM,TMCFGRNZM08OCT26PE17400FOCT26,OPTFUT,TMCFGRNZM-OPTFUT,21628100081320,394,48,250,1,5,10,21628900080907,,2026-10-08T00:00:00,17400,4,TMCFGRNZM 08OCT2026 PE 17400,1,1,TMCFGRNZM08OCT26PE17400FOCT26
NCDEX,82081,2,DHANIYA,DHANIYA10DEC26CE13000FDEC26,OPTFUT,DHANIYA-OPTFUT,21634400082081,4704,2897,500,1,5,10,21635200081790,,2026-12-10T00:00:00,13000,3,DHANIYA 10DEC2026 CE 13000,1,1,DHANIYA10DEC26CE13000FDEC26
NCDEX,82997,2,GUARGUM5,GUARGUM529JAN27PE11200FFEB27,OPTFUT,GUARGUM5-OPTFUT,21702900082997,346,80,250,0.5,5,1,21705000082905,,2027-01-29T00:00:00,11200,4,GUARGUM5 29JAN2027 PE 11200,1,1,GUARGUM529JAN27PE11200FFEB27
NCDEX,82715,2,TMCFGRNZM,TMCFGRNZM10DEC26PE19600FDEC26,OPTFUT,TMCFGRNZM-OPTFUT,21634400082715,1996,1018,250,1,5,10,21635200081800,,2026-12-10T00:00:00,19600,4,TMCFGRNZM 10DEC2026 PE 19600,1,1,TMCFGRNZM10DEC26PE19600FDEC26
NCDEX,82620,2,GUARGUM5,GUARGUM524DEC26PE12400FJAN27,OPTFUT,GUARGUM5-OPTFUT,21635800082620,614,118.5,250,0.5,5,10,21702000082351,,2026-12-24T00:00:00,12400,4,GUARGUM5 24DEC2026 PE 12400,1,1,GUARGUM524DEC26PE12400FJAN27
NCDEX,83113,2,JEERAUNJHA,JEERAUNJHA10DEC26PE16800FDEC26,OPTFUT,JEERAUNJHA-OPTFUT,21634400083113,20,2,150,2,3,1,21635200082910,,2026-12-10T00:00:00,16800,4,JEERAUNJHA 10DEC2026 PE 16800,1,1,JEERAUNJHA10DEC26PE16800FDEC26
NCDEX,81921,2,DHANIYA,DHANIYA10DEC26PE12000FDEC26,OPTFUT,DHANIYA-OPTFUT,21634400081921,154,29,500,1,5,1,21635200081790,,2026-12-10T00:00:00,12000,4,DHANIYA 10DEC2026 PE 12000,1,1,DHANIYA10DEC26PE12000FDEC26
NCDEX,83014,2,JEERAUNJHA,JEERAUNJHA10DEC26CE20000FDEC26,OPTFUT,JEERAUNJHA-OPTFUT,21634400083014,3390,1162,150,2,3,10,21635200082910,,2026-12-10T00:00:00,20000,3,JEERAUNJHA 10DEC2026 CE 20000,1,1,JEERAUNJHA10DEC26CE20000FDEC26
NCDEX,83000,2,DHANIYA,DHANIYA12JAN27CE18400FJAN27,OPTFUT,DHANIYA-OPTFUT,21701200083000,1259,483,500,1,5,1,21702000082903,,2027-01-12T00:00:00,18400,3,DHANIYA 12JAN2027 CE 18400,1,1,DHANIYA12JAN27CE18400FJAN27
NCDEX,83271,2,DHANIYA,DHANIYA12JAN27PE16200FJAN27,OPTFUT,DHANIYA-OPTFUT,21701200083271,1935,1009,500,1,5,10,21702000082903,,2027-01-12T00:00:00,16200,4,DHANIYA 12JAN2027 PE 16200,1,1,DHANIYA12JAN27PE16200FJAN27
NCDEX,81681,2,GUARSEED10,GUARSEED1030OCT26CE5600FNOV26,OPTFUT,GUARSEED10-OPTFUT,21630300081681,1108.5,459,500,0.5,5,10,21632400081456,,2026-10-30T00:00:00,5600,3,GUARSEED10 30OCT2026 CE 5600,1,1,GUARSEED1030OCT26CE5600FNOV26
NCDEX,80857,2,GUARSEED10,GUARSEED1028AUG26CE7200FSEP26,OPTFUT,GUARSEED10-OPTFUT,21624000080857,31,0.5,500,0.5,5,10,21626100080559,,2026-08-28T00:00:00,7200,3,GUARSEED10 28AUG2026 CE 7200,1,1,GUARSEED1028AUG26CE7200FSEP26
NCDEX,81043,2,DHANIYA,DHANIYA09OCT26PE11900FOCT26,OPTFUT,DHANIYA-OPTFUT,21628200081043,23,1,500,1,5,10,21629200080896,,2026-10-09T00:00:00,11900,4,DHANIYA 09OCT2026 PE 11900,1,1,DHANIYA09OCT26PE11900FOCT26
NCDEX,82121,2,JEERAUNJHA,JEERAUNJHA09OCT26CE16400FOCT26,OPTFUT,JEERAUNJHA-OPTFUT,21628200082121,6102,3580,150,2,3,10,21629200081796,,2026-10-09T00:00:00,16400,3,JEERAUNJHA 09OCT2026 CE 16400,1,1,JEERAUNJHA09OCT26CE16400FOCT26
NCDEX,82112,2,JEERAUNJHA,JEERAUNJHA09OCT26CE28000FOCT26,OPTFUT,JEERAUNJHA-OPTFUT,21628200082112,20,2,150,2,3,1,21629200081796,,2026-10-09T00:00:00,28000,3,JEERAUNJHA 09OCT2026 CE 28000,1,1,JEERAUNJHA09OCT26CE28000FOCT26
NCDEX,81998,2,JEERAUNJHA,JEERAUNJHA09OCT26CE12800FOCT26,OPTFUT,JEERAUNJHA-OPTFUT,21628200081998,9666,7144,150,2,3,1,21629200081796,,2026-10-09T00:00:00,12800,3,JEERAUNJHA 09OCT2026 CE 12800,1,1,JEERAUNJHA09OCT26CE12800FOCT26
NCDEX,81165,2,DHANIYA,DHANIYA09OCT26PE11700FOCT26,OPTFUT,DHANIYA-OPTFUT,21628200081165,16,1,500,1,5,10,21629200080896,,2026-10-09T00:00:00,11700,4,DHANIYA 09OCT2026 PE 11700,1,1,DHANIYA09OCT26PE11700FOCT26
NCDEX,81002,2,DHANIYA,DHANIYA09OCT26CE11600FOCT26,OPTFUT,DHANIYA-OPTFUT,21628200081002,5713,3773,500,1,5,10,21629200080896,,2026-10-09T00:00:00,11600,3,DHANIYA 09OCT2026 CE 11600,1,1,DHANIYA09OCT26CE11600FOCT26
NCDEX,81323,2,TMCFGRNZM,TMCFGRNZM08OCT26CE12600FOCT26,OPTFUT,TMCFGRNZM-OPTFUT,21628100081323,9421,6946,250,1,5,1,21628900080907,,2026-10-08T00:00:00,12600,3,TMCFGRNZM 08OCT2026 CE 12600,1,1,TMCFGRNZM08OCT26CE12600FOCT26
NCDEX,83111,2,JEERAUNJHA,JEERAUNJHA10DEC26PE29200FDEC26,OPTFUT,JEERAUNJHA-OPTFUT,21634400083111,8252,5678,150,2,3,1,21635200082910,,2026-12-10T00:00:00,29200,4,JEERAUNJHA 10DEC2026 PE 29200,1,1,JEERAUNJHA10DEC26PE29200FDEC26
NCDEX,81714,2,GUARGUM5,GUARGUM530OCT26CE10400FNOV26,OPTFUT,GUARGUM5-OPTFUT,21630300081714,2667,1308,250,0.5,5,10,21632400081455,,2026-10-30T00:00:00,10400,3,GUARGUM5 30OCT2026 CE 10400,1,1,GUARGUM530OCT26CE10400FNOV26
NCDEX,81593,2,GUARSEED10,GUARSEED1030OCT26PE7300FNOV26,OPTFUT,GUARSEED10-OPTFUT,21630300081593,1364,701,500,0.5,5,1,21632400081456,,2026-10-30T00:00:00,7300,4,GUARSEED10 30OCT2026 PE 7300,1,1,GUARSEED1030OCT26PE7300FNOV26
NCDEX,81564,2,JEERAUNJHA,JEERAUNJHA09SEP26CE22800FSEP26,OPTFUT,JEERAUNJHA-OPTFUT,21625200081564,248,2,150,2,3,10,21626100081459,,2026-09-09T00:00:00,22800,3,JEERAUNJHA 09SEP2026 CE 22800,1,1,JEERAUNJHA09SEP26CE22800FSEP26
NCDEX,82201,2,GUARGUM5,GUARGUM527NOV26CE12400FDEC26,OPTFUT,GUARGUM5-OPTFUT,21633100082201,1347.5,458,250,0.5,5,10,21635200081792,,2026-11-27T00:00:00,12400,3,GUARGUM5 27NOV2026 CE 12400,1,1,GUARGUM527NOV26CE12400FDEC26
NCDEX,81288,2,GUARSEED10,GUARSEED1025SEP26CE6500FOCT26,OPTFUT,GUARSEED10-OPTFUT,21626800081288,373,29.5,500,0.5,5,10,21628900080899,,2026-09-25T00:00:00,6500,3,GUARSEED10 25SEP2026 CE 6500,1,1,GUARSEED1025SEP26CE6500FOCT26
NCDEX,80641,2,GUARSEED10,GUARSEED1028AUG26PE6200FSEP26,OPTFUT,GUARSEED10-OPTFUT,21624000080641,396.5,2.5,500,0.5,5,10,21626100080559,,2026-08-28T00:00:00,6200,4,GUARSEED10 28AUG2026 PE 6200,1,1,GUARSEED1028AUG26PE6200FSEP26
NCDEX,81674,2,GUARGUM5,GUARGUM530OCT26PE13800FNOV26,OPTFUT,GUARGUM5-OPTFUT,21630300081674,2263,1060.5,250,0.5,5,10,21632400081455,,2026-10-30T00:00:00,13800,4,GUARGUM5 30OCT2026 PE 13800,1,1,GUARGUM530OCT26PE13800FNOV26
NCDEX,82158,2,TMCFGRNZM,TMCFGRNZM10DEC26CE17200FDEC26,OPTFUT,TMCFGRNZM-OPTFUT,21634400082158,5360,3285,250,1,5,10,21635200081800,,2026-12-10T00:00:00,17200,3,TMCFGRNZM 10DEC2026 CE 17200,1,1,TMCFGRNZM10DEC26CE17200FDEC26
NCDEX,82193,2,JEERAUNJHA,JEERAUNJHA09OCT26PE22800FOCT26,OPTFUT,JEERAUNJHA-OPTFUT,21628200082193,2804,722,150,2,3,10,21629200081796,,2026-10-09T00:00:00,22800,4,JEERAUNJHA 09OCT2026 PE 22800,1,1,JEERAUNJHA09OCT26PE22800FOCT26
NCDEX,83182,2,GUARGUM5,GUARGUM529JAN27PE12400FFEB27,OPTFUT,GUARGUM5-OPTFUT,21702900083182,819,273.5,250,0.5,5,10,21705000082905,,2027-01-29T00:00:00,12400,4,GUARGUM5 29JAN2027 PE 12400,1,1,GUARGUM529JAN27PE12400FFEB27
NCDEX,80779,2,GUARGUM5,GUARGUM528AUG26PE8200FSEP26,OPTFUT,GUARGUM5-OPTFUT,21624000080779,5,0.5,250,0.5,5,10,21626100080558,,2026-08-28T00:00:00,8200,4,GUARGUM5 28AUG2026 PE 8200,1,1,GUARGUM528AUG26PE8200FSEP26
NCDEX,81539,2,GUARSEED10,GUARSEED1030OCT26CE7300FNOV26,OPTFUT,GUARSEED10-OPTFUT,21630300081539,136,10.5,500,0.5,5,1,21632400081456,,2026-10-30T00:00:00,7300,3,GUARSEED10 30OCT2026 CE 7300,1,1,GUARSEED1030OCT26CE7300FNOV26
NCDEX,82653,2,GUARGUM5,GUARGUM524DEC26CE9400FJAN27,OPTFUT,GUARGUM5-OPTFUT,21635800082653,4601.5,3047.5,250,0.5,5,1,21702000082351,,2026-12-24T00:00:00,9400,3,GUARGUM5 24DEC2026 CE 9400,1,1,GUARGUM524DEC26CE9400FJAN27
NCDEX,83077,2,JEERAUNJHA,JEERAUNJHA10DEC26PE26400FDEC26,OPTFUT,JEERAUNJHA-OPTFUT,21634400083077,5522,3032,150,2,3,10,21635200082910,,2026-12-10T00:00:00,26400,4,JEERAUNJHA 10DEC2026 PE 26400,1,1,JEERAUNJHA10DEC26PE26400FDEC26
NCDEX,82747,2,GUARGUM5,GUARGUM528AUG26PE14600FSEP26,OPTFUT,GUARGUM5-OPTFUT,21624000082747,3352.5,1922.5,250,0.5,5,10,21626100080558,,2026-08-28T00:00:00,14600,4,GUARGUM5 28AUG2026 PE 14600,1,1,GUARGUM528AUG26PE14600FSEP26
NCDEX,82453,2,GUARGUM5,GUARGUM524DEC26PE10000FJAN27,OPTFUT,GUARGUM5-OPTFUT,21635800082453,33,1.5,250,0.5,5,1,21702000082351,,2026-12-24T00:00:00,10000,4,GUARGUM5 24DEC2026 PE 10000,1,1,GUARGUM524DEC26PE10000FJAN27
NCDEX,81313,2,GUARSEED10,GUARSEED1025SEP26PE6900FOCT26,OPTFUT,GUARSEED10-OPTFUT,21626800081313,976,329,500,0.5,5,10,21628900080899,,2026-09-25T00:00:00,6900,4,GUARSEED10 25SEP2026 PE 6900,1,1,GUARSEED1025SEP26PE6900FOCT26
NCDEX,83034,2,GUARSEED10,GUARSEED1029JAN27CE5300FFEB27,OPTFUT,GUARSEED10-OPTFUT,21702900083034,1376.5,721.5,500,0.5,5,1,21705000082907,,2027-01-29T00:00:00,5300,3,GUARSEED10 29JAN2027 CE 5300,1,1,GUARSEED1029JAN27CE5300FFEB27
NCDEX,82494,2,GUARSEED10,GUARSEED1024DEC26CE7300FJAN27,OPTFUT,GUARSEED10-OPTFUT,21635800082494,229.5,47.5,500,0.5,5,10,21702000082352,,2026-12-24T00:00:00,7300,3,GUARSEED10 24DEC2026 CE 7300,1,1,GUARSEED1024DEC26CE7300FJAN27
NCDEX,82852,2,DHANIYA,DHANIYA09OCT26CE17500FOCT26,OPTFUT,DHANIYA-OPTFUT,21628200082852,894,144,500,1,5,10,21629200080896,,2026-10-09T00:00:00,17500,3,DHANIYA 09OCT2026 CE 17500,1,1,DHANIYA09OCT26CE17500FOCT26
NCDEX,82708,2,DHANIYA,DHANIYA10DEC26CE16800FDEC26,OPTFUT,DHANIYA-OPTFUT,21634400082708,1944,803,500,1,5,10,21635200081790,,2026-12-10T00:00:00,16800,3,DHANIYA 10DEC2026 CE 16800,1,1,DHANIYA10DEC26CE16800FDEC26
NCDEX,81283,2,GUARGUM5,GUARGUM525SEP26CE12400FOCT26,OPTFUT,GUARGUM5-OPTFUT,21626800081283,782.5,65,250,0.5,5,10,21628900080898,,2026-09-25T00:00:00,12400,3,GUARGUM5 25SEP2026 CE 12400,1,1,GUARGUM525SEP26CE12400FOCT26
NCDEX,83152,2,GUARSEED10,GUARSEED1029JAN27PE5400FFEB27,OPTFUT,GUARSEED10-OPTFUT,21702900083152,150.5,30,500,0.5,5,1,21705000082907,,2027-01-29T00:00:00,5400,4,GUARSEED10 29JAN2027 PE 5400,1,1,GUARSEED1029JAN27PE5400FFEB27
NCDEX,82458,2,JEERAUNJHA,JEERAUNJHA12NOV26PE22800FNOV26,OPTFUT,JEERAUNJHA-OPTFUT,21631600082458,2502,654,150,2,3,10,21632400082355,,2026-11-12T00:00:00,22800,4,JEERAUNJHA 12NOV2026 PE 22800,1,1,JEERAUNJHA12NOV26PE22800FNOV26
NCDEX,81571,2,GUARGUM5,GUARGUM530OCT26CE7600FNOV26,OPTFUT,GUARGUM5-OPTFUT,21630300081571,5394.5,3937.5,250,0.5,5,1,21632400081455,,2026-10-30T00:00:00,7600,3,GUARGUM5 30OCT2026 CE 7600,1,1,GUARGUM530OCT26CE7600FNOV26
NCDEX,81958,2,TMCFGRNZM,TMCFGRNZM10DEC26CE18600FDEC26,OPTFUT,TMCFGRNZM-OPTFUT,21634400081958,4335,2463,250,1,5,10,21635200081800,,2026-12-10T00:00:00,18600,3,TMCFGRNZM 10DEC2026 CE 18600,1,1,TMCFGRNZM10DEC26CE18600FDEC26
NCDEX,82299,2,DHANIYA,DHANIYA10DEC26CE14600FDEC26,OPTFUT,DHANIYA-OPTFUT,21634400082299,3381,1796,500,1,5,10,21635200081790,,2026-12-10T00:00:00,14600,3,DHANIYA 10DEC2026 CE 14600,1,1,DHANIYA10DEC26CE14600FDEC26
NCDEX,81538,2,JEERAUNJHA,JEERAUNJHA09SEP26CE19600FSEP26,OPTFUT,JEERAUNJHA-OPTFUT,21625200081538,2540,258,150,2,3,10,21626100081459,,2026-09-09T00:00:00,19600,3,JEERAUNJHA 09SEP2026 CE 19600,1,1,JEERAUNJHA09SEP26CE19600FSEP26
NCDEX,81118,2,DHANIYA,DHANIYA09OCT26CE12300FOCT26,OPTFUT,DHANIYA-OPTFUT,21628200081118,5023,3095,500,1,5,10,21629200080896,,2026-10-09T00:00:00,12300,3,DHANIYA 09OCT2026 CE 12300,1,1,DHANIYA09OCT26CE12300FOCT26
NCDEX,81750,2,GUARGUM5,GUARGUM530OCT26PE14200FNOV26,OPTFUT,GUARGUM5-OPTFUT,21630300081750,2627,1350.5,250,0.5,5,10,21632400081455,,2026-10-30T00:00:00,14200,4,GUARGUM5 30OCT2026 PE 14200,1,1,GUARGUM530OCT26PE14200FNOV26
NCDEX,81636,2,JEERAUNJHA,JEERAUNJHA09SEP26PE28800FSEP26,OPTFUT,JEERAUNJHA-OPTFUT,21625200081636,9112,6626,150,2,3,1,21626100081459,,2026-09-09T00:00:00,28800,4,JEERAUNJHA 09SEP2026 PE 28800,1,1,JEERAUNJHA09SEP26PE28800FSEP26
NCDEX,83217,2,GUARSEED10,GUARSEED1029JAN27PE6800FFEB27,OPTFUT,GUARSEED10-OPTFUT,21702900083217,943.5,444.5,500,0.5,5,10,21705000082907,,2027-01-29T00:00:00,6800,4,GUARSEED10 29JAN2027 PE 6800,1,1,GUARSEED1029JAN27PE6800FFEB27
NCDEX,83265,2,GUARSEED10,GUARSEED1029JAN27PE6700FFEB27,OPTFUT,GUARSEED10-OPTFUT,21702900083265,865,391,500,0.5,5,10,21705000082907,,2027-01-29T00:00:00,6700,4,GUARSEED10 29JAN2027 PE 6700,1,1,GUARSEED1029JAN27PE6700FFEB27
NCDEX,83258,2,DHANIYA,DHANIYA12JAN27PE18200FJAN27,OPTFUT,DHANIYA-OPTFUT,21701200083258,3319,2035,500,1,5,1,21702000082903,,2027-01-12T00:00:00,18200,4,DHANIYA 12JAN2027 PE 18200,1,1,DHANIYA12JAN27PE18200FJAN27
NCDEX,80744,2,GUARGUM5,GUARGUM528AUG26CE13000FSEP26,OPTFUT,GUARGUM5-OPTFUT,21624000080744,279.5,0.5,250,0.5,5,10,21626100080558,,2026-08-28T00:00:00,13000,3,GUARGUM5 28AUG2026 CE 13000,1,1,GUARGUM528AUG26CE13000FSEP26
NCDEX,83300,2,DHANIYA,DHANIYA12JAN27PE15700FJAN27,OPTFUT,DHANIYA-OPTFUT,21701200083300,1642,814,500,1,5,1,21702000082903,,2027-01-12T00:00:00,15700,4,DHANIYA 12JAN2027 PE 15700,1,1,DHANIYA12JAN27PE15700FJAN27
NCDEX,82687,2,DHANIYA,DHANIYA10DEC26PE16100FDEC26,OPTFUT,DHANIYA-OPTFUT,21634400082687,1559,686,500,1,5,10,21635200081790,,2026-12-10T00:00:00,16100,4,DHANIYA 10DEC2026 PE 16100,1,1,DHANIYA10DEC26PE16100FDEC26
NCDEX,83040,2,JEERAUNJHA,JEERAUNJHA10DEC26CE16000FDEC26,OPTFUT,JEERAUNJHA-OPTFUT,21634400083040,7234,4656,150,2,3,1,21635200082910,,2026-12-10T00:00:00,16000,3,JEERAUNJHA 10DEC2026 CE 16000,1,1,JEERAUNJHA10DEC26CE16000FDEC26
NCDEX,82522,2,JEERAUNJHA,JEERAUNJHA12NOV26PE29200FNOV26,OPTFUT,JEERAUNJHA-OPTFUT,21631600082522,8668,6114,150,2,3,1,21632400082355,,2026-11-12T00:00:00,29200,4,JEERAUNJHA 12NOV2026 PE 29200,1,1,JEERAUNJHA12NOV26PE29200FNOV26
NCDEX,81653,2,JEERAUNJHA,JEERAUNJHA09SEP26PE20800FSEP26,OPTFUT,JEERAUNJHA-OPTFUT,21625200081653,1244,6,150,2,3,10,21626100081459,,2026-09-09T00:00:00,20800,4,JEERAUNJHA 09SEP2026 PE 20800,1,1,JEERAUNJHA09SEP26PE20800FSEP26
NCDEX,82120,2,TMCFGRNZM,TMCFGRNZM10DEC26PE17400FDEC26,OPTFUT,TMCFGRNZM-OPTFUT,21634400082120,1008,426,250,1,5,10,21635200081800,,2026-12-10T00:00:00,17400,4,TMCFGRNZM 10DEC2026 PE 17400,1,1,TMCFGRNZM10DEC26PE17400FDEC26
NCDEX,81123,2,TMCFGRNZM,TMCFGRNZM08OCT26CE12800FOCT26,OPTFUT,TMCFGRNZM-OPTFUT,21628100081123,9223,6749,250,1,5,1,21628900080907,,2026-10-08T00:00:00,12800,3,TMCFGRNZM 08OCT2026 CE 12800,1,1,TMCFGRNZM08OCT26CE12800FOCT26
NCDEX,81985,2,GUARSEED10,GUARSEED1027NOV26PE6400FDEC26,OPTFUT,GUARSEED10-OPTFUT,21633100081985,636,228,500,0.5,5,10,21635200081793,,2026-11-27T00:00:00,6400,4,GUARSEED10 27NOV2026 PE 6400,1,1,GUARSEED1027NOV26PE6400FDEC26
NCDEX,81152,2,TMCFGRNZM,TMCFGRNZM08OCT26CE14600FOCT26,OPTFUT,TMCFGRNZM-OPTFUT,21628100081152,7445,4980,250,1,5,10,21628900080907,,2026-10-08T00:00:00,14600,3,TMCFGRNZM 08OCT2026 CE 14600,1,1,TMCFGRNZM08OCT26CE14600FOCT26
NCDEX,80682,2,GUARSEED10,GUARSEED1028AUG26PE4500FSEP26,OPTFUT,GUARSEED10-OPTFUT,21624000080682,5,0.5,500,0.5,5,1,21626100080559,,2026-08-28T00:00:00,4500,4,GUARSEED10 28AUG2026 PE 4500,1,1,GUARSEED1028AUG26PE4500FSEP26
NCDEX,81654,2,JEERAUNJHA,JEERAUNJHA09SEP26CE16400FSEP26,OPTFUT,JEERAUNJHA-OPTFUT,21625200081654,5718,3232,150,2,3,10,21626100081459,,2026-09-09T00:00:00,16400,3,JEERAUNJHA 09SEP2026 CE 16400,1,1,JEERAUNJHA09SEP26CE16400FSEP26
NCDEX,81972,2,DHANIYA,DHANIYA10DEC26PE13800FDEC26,OPTFUT,DHANIYA-OPTFUT,21634400081972,538,160,500,1,5,10,21635200081790,,2026-12-10T00:00:00,13800,4,DHANIYA 10DEC2026 PE 13800,1,1,DHANIYA10DEC26PE13800FDEC26
NCDEX,82132,2,GUARGUM5,GUARGUM527NOV26CE10800FDEC26,OPTFUT,GUARGUM5-OPTFUT,21633100082132,2532,1256,250,0.5,5,10,21635200081792,,2026-11-27T00:00:00,10800,3,GUARGUM5 27NOV2026 CE 10800,1,1,GUARGUM527NOV26CE10800FDEC26
NCDEX,81224,2,TMCFGRNZM,TMCFGRNZM08OCT26CE13400FOCT26,OPTFUT,TMCFGRNZM-OPTFUT,21628100081224,8629,6156,250,1,5,1,21628900080907,,2026-10-08T00:00:00,13400,3,TMCFGRNZM 08OCT2026 CE 13400,1,1,TMCFGRNZM08OCT26CE13400FOCT26
NCDEX,82335,2,DHANIYA,DHANIYA10DEC26PE15200FDEC26,OPTFUT,DHANIYA-OPTFUT,21634400082335,1086,418,500,1,5,10,21635200081790,,2026-12-10T00:00:00,15200,4,DHANIYA 10DEC2026 PE 15200,1,1,DHANIYA10DEC26PE15200FDEC26
NCDEX,82220,2,TMCFGRNZM,TMCFGRNZM10DEC26CE19000FDEC26,OPTFUT,TMCFGRNZM-OPTFUT,21634400082220,4066,2258,250,1,5,10,21635200081800,,2026-12-10T00:00:00,19000,3,TMCFGRNZM 10DEC2026 CE 19000,1,1,TMCFGRNZM10DEC26CE19000FDEC26
NCDEX,82617,2,GUARSEED10,GUARSEED1024DEC26CE7100FJAN27,OPTFUT,GUARSEED10-OPTFUT,21635800082617,289,67,500,0.5,5,10,21702000082352,,2026-12-24T00:00:00,7100,3,GUARSEED10 24DEC2026 CE 7100,1,1,GUARSEED1024DEC26CE7100FJAN27
NCDEX,82106,2,TMCFGRNZM,TMCFGRNZM10DEC26PE19200FDEC26,OPTFUT,TMCFGRNZM-OPTFUT,21634400082106,1788,885,250,1,5,10,21635200081800,,2026-12-10T00:00:00,19200,4,TMCFGRNZM 10DEC2026 PE 19200,1,1,TMCFGRNZM10DEC26PE19200FDEC26
NCDEX,82649,2,GUARGUM5,GUARGUM524DEC26PE11200FJAN27,OPTFUT,GUARGUM5-OPTFUT,21635800082649,190.5,17.5,250,0.5,5,10,21702000082351,,2026-12-24T00:00:00,11200,4,GUARGUM5 24DEC2026 PE 11200,1,1,GUARGUM524DEC26PE11200FJAN27
NCDEX,82048,2,JEERAUNJHA,JEERAUNJHA09OCT26CE20000FOCT26,OPTFUT,JEERAUNJHA-OPTFUT,21628200082048,2600,536,150,2,3,10,21629200081796,,2026-10-09T00:00:00,20000,3,JEERAUNJHA 09OCT2026 CE 20000,1,1,JEERAUNJHA09OCT26CE20000FOCT26
NCDEX,82530,2,GUARSEED10,GUARSEED1024DEC26CE4600FJAN27,OPTFUT,GUARSEED10-OPTFUT,21635800082530,2044.5,1322.5,500,0.5,5,1,21702000082352,,2026-12-24T00:00:00,4600,3,GUARSEED10 24DEC2026 CE 4600,1,1,GUARSEED1024DEC26CE4600FJAN27
NCDEX,83286,2,GUARSEED10,GUARSEED1029JAN27CE7200FFEB27,OPTFUT,GUARSEED10-OPTFUT,21702900083286,228.5,44.5,500,0.5,5,1,21705000082907,,2027-01-29T00:00:00,7200,3,GUARSEED10 29JAN2027 CE 7200,1,1,GUARSEED1029JAN27CE7200FFEB27
NCDEX,83193,2,GUARGUM5,GUARGUM529JAN27CE14800FFEB27,OPTFUT,GUARGUM5-OPTFUT,21702900083193,722,188.5,250,0.5,5,10,21705000082905,,2027-01-29T00:00:00,14800,3,GUARGUM5 29JAN2027 CE 14800,1,1,GUARGUM529JAN27CE14800FFEB27
NCDEX,81644,2,JEERAUNJHA,JEERAUNJHA09SEP26CE15600FSEP26,OPTFUT,JEERAUNJHA-OPTFUT,21625200081644,6514,4028,150,2,3,10,21626100081459,,2026-09-09T00:00:00,15600,3,JEERAUNJHA 09SEP2026 CE 15600,1,1,JEERAUNJHA09SEP26CE15600FSEP26
NCDEX,82859,2,DHANIYA,DHANIYA10DEC26PE17800FDEC26,OPTFUT,DHANIYA-OPTFUT,21634400082859,2682,1442,500,1,5,10,21635200081790,,2026-12-10T00:00:00,17800,4,DHANIYA 10DEC2026 PE 17800,1,1,DHANIYA10DEC26PE17800FDEC26
NCDEX,81759,2,DHANIYA,DHANIYA09OCT26CE14300FOCT26,OPTFUT,DHANIYA-OPTFUT,21628200081759,3119,1382,500,1,5,10,21629200080896,,2026-10-09T00:00:00,14300,3,DHANIYA 09OCT2026 CE 14300,1,1,DHANIYA09OCT26CE14300FOCT26
NCDEX,81902,2,DHANIYA,DHANIYA10DEC26CE12100FDEC26,OPTFUT,DHANIYA-OPTFUT,21634400081902,5521,3639,500,1,5,10,21635200081790,,2026-12-10T00:00:00,12100,3,DHANIYA 10DEC2026 CE 12100,1,1,DHANIYA10DEC26CE12100FDEC26
NCDEX,83066,2,JEERAUNJHA,JEERAUNJHA10DEC26PE27600FDEC26,OPTFUT,JEERAUNJHA-OPTFUT,21634400083066,6690,4140,150,2,3,1,21635200082910,,2026-12-10T00:00:00,27600,4,JEERAUNJHA 10DEC2026 PE 27600,1,1,JEERAUNJHA10DEC26PE27600FDEC26
NCDEX,81010,2,TMCFGRNZM,TMCFGRNZM08OCT26CE16600FOCT26,OPTFUT,TMCFGRNZM-OPTFUT,21628100081010,5507,3125,250,1,5,10,21628900080907,,2026-10-08T00:00:00,16600,3,TMCFGRNZM 08OCT2026 CE 16600,1,1,TMCFGRNZM08OCT26CE16600FOCT26
NCDEX,81657,2,JEERAUNJHA,JEERAUNJHA09SEP26CE22400FSEP26,OPTFUT,JEERAUNJHA-OPTFUT,21625200081657,388,2,150,2,3,10,21626100081459,,2026-09-09T00:00:00,22400,3,JEERAUNJHA 09SEP2026 CE 22400,1,1,JEERAUNJHA09SEP26CE22400FSEP26
NCDEX,82835,2,TMCFGRNZM,TMCFGRNZM10DEC26CE23600FDEC26,OPTFUT,TMCFGRNZM-OPTFUT,21634400082835,1765,734,250,1,5,10,21635200081800,,2026-12-10T00:00:00,23600,3,TMCFGRNZM 10DEC2026 CE 23600,1,1,TMCFGRNZM10DEC26CE23600FDEC26
NCDEX,80716,2,GUARGUM5,GUARGUM528AUG26CE14200FSEP26,OPTFUT,GUARGUM5-OPTFUT,21624000080716,43,0.5,250,0.5,5,10,21626100080558,,2026-08-28T00:00:00,14200,3,GUARGUM5 28AUG2026 CE 14200,1,1,GUARGUM528AUG26CE14200FSEP26
NCDEX,82255,2,DHANIYA,DHANIYA09OCT26PE15200FOCT26,OPTFUT,DHANIYA-OPTFUT,21628200082255,742,129,500,1,5,10,21629200080896,,2026-10-09T00:00:00,15200,4,DHANIYA 09OCT2026 PE 15200,1,1,DHANIYA09OCT26PE15200FOCT26
NCDEX,81990,2,GUARGUM5,GUARGUM527NOV26PE15800FDEC26,OPTFUT,GUARGUM5-OPTFUT,21633100081990,3990.5,2619.5,250,0.5,5,1,21635200081792,,2026-11-27T00:00:00,15800,4,GUARGUM5 27NOV2026 PE 15800,1,1,GUARGUM527NOV26PE15800FDEC26
NCDEX,81905,2,DHANIYA,DHANIYA10DEC26CE11700FDEC26,OPTFUT,DHANIYA-OPTFUT,21634400081905,5894,3990,500,1,5,1,21635200081790,,2026-12-10T00:00:00,11700,3,DHANIYA 10DEC2026 CE 11700,1,1,DHANIYA10DEC26CE11700FDEC26
NCDEX,83234,2,GUARGUM5,GUARGUM529JAN27PE14000FFEB27,OPTFUT,GUARGUM5-OPTFUT,21702900083234,1815.5,857.5,250,0.5,5,10,21705000082905,,2027-01-29T00:00:00,14000,4,GUARGUM5 29JAN2027 PE 14000,1,1,GUARGUM529JAN27PE14000FFEB27
NCDEX,82512,2,GUARSEED10,GUARSEED1024DEC26PE5800FJAN27,OPTFUT,GUARSEED10-OPTFUT,21635800082512,329,98.5,500,0.5,5,10,21702000082352,,2026-12-24T00:00:00,5800,4,GUARSEED10 24DEC2026 PE 5800,1,1,GUARSEED1024DEC26PE5800FJAN27
NCDEX,80837,2,GUARSEED10,GUARSEED1028AUG26CE6100FSEP26,OPTFUT,GUARSEED10-OPTFUT,21624000080837,540,11.5,500,0.5,5,10,21626100080559,,2026-08-28T00:00:00,6100,3,GUARSEED10 28AUG2026 CE 6100,1,1,GUARSEED1028AUG26CE6100FSEP26
NCDEX,82177,2,GUARSEED10,GUARSEED1027NOV26CE6100FDEC26,OPTFUT,GUARSEED10-OPTFUT,21633100082177,738,251,500,0.5,5,10,21635200081793,,2026-11-27T00:00:00,6100,3,GUARSEED10 27NOV2026 CE 6100,1,1,GUARSEED1027NOV26CE6100FDEC26
NCDEX,82456,2,GUARGUM5,GUARGUM524DEC26PE14600FJAN27,OPTFUT,GUARGUM5-OPTFUT,21635800082456,2149,945.5,250,0.5,5,10,21702000082351,,2026-12-24T00:00:00,14600,4,GUARGUM5 24DEC2026 PE 14600,1,1,GUARGUM524DEC26PE14600FJAN27
NCDEX,82367,2,DHANIYA,DHANIYA09OCT26PE17200FOCT26,OPTFUT,DHANIYA-OPTFUT,21628200082367,2049,737,500,1,5,10,21629200080896,,2026-10-09T00:00:00,17200,4,DHANIYA 09OCT2026 PE 17200,1,1,DHANIYA09OCT26PE17200FOCT26
NCDEX,81736,2,GUARGUM5,GUARGUM530OCT26PE15600FNOV26,OPTFUT,GUARGUM5-OPTFUT,21630300081736,3961.5,2548,250,0.5,5,1,21632400081455,,2026-10-30T00:00:00,15600,4,GUARGUM5 30OCT2026 PE 15600,1,1,GUARGUM530OCT26PE15600FNOV26
NCDEX,81328,2,GUARSEED10,GUARSEED1025SEP26PE6200FOCT26,OPTFUT,GUARSEED10-OPTFUT,21626800081328,397.5,43.5,500,0.5,5,10,21628900080899,,2026-09-25T00:00:00,6200,4,GUARSEED10 25SEP2026 PE 6200,1,1,GUARSEED1025SEP26PE6200FOCT26
NCDEX,82008,2,GUARGUM5,GUARGUM527NOV26CE9400FDEC26,OPTFUT,GUARGUM5-OPTFUT,21633100082008,3810,2373.5,250,0.5,5,1,21635200081792,,2026-11-27T00:00:00,9400,3,GUARGUM5 27NOV2026 CE 9400,1,1,GUARGUM527NOV26CE9400FDEC26
NCDEX,81280,2,GUARSEED10,GUARSEED1025SEP26PE6700FOCT26,OPTFUT,GUARSEED10-OPTFUT,21626800081280,794,211,500,0.5,5,10,21628900080899,,2026-09-25T00:00:00,6700,4,GUARSEED10 25SEP2026 PE 6700,1,1,GUARSEED1025SEP26PE6700FOCT26
NCDEX,81547,2,GUARSEED10,GUARSEED1030OCT26CE5400FNOV26,OPTFUT,GUARSEED10-OPTFUT,21630300081547,1291,603,500,0.5,5,10,21632400081456,,2026-10-30T00:00:00,5400,3,GUARSEED10 30OCT2026 CE 5400,1,1,GUARSEED1030OCT26CE5400FNOV26
NCDEX,81074,2,GUARGUM5,GUARGUM525SEP26CE14000FOCT26,OPTFUT,GUARGUM5-OPTFUT,21626800081074,160,1.5,250,0.5,5,10,21628900080898,,2026-09-25T00:00:00,14000,3,GUARGUM5 25SEP2026 CE 14000,1,1,GUARGUM525SEP26CE14000FOCT26
NCDEX,82838,2,TMCFGRNZM,TMCFGRNZM10DEC26CE23200FDEC26,OPTFUT,TMCFGRNZM-OPTFUT,21634400082838,1910,816,250,1,5,10,21635200081800,,2026-12-10T00:00:00,23200,3,TMCFGRNZM 10DEC2026 CE 23200,1,1,TMCFGRNZM10DEC26CE23200FDEC26
NCDEX,81031,2,GUARGUM5,GUARGUM525SEP26PE11000FOCT26,OPTFUT,GUARGUM5-OPTFUT,21626800081031,279.5,7,250,0.5,5,10,21628900080898,,2026-09-25T00:00:00,11000,4,GUARGUM5 25SEP2026 PE 11000,1,1,GUARGUM525SEP26PE11000FOCT26
NCDEX,81931,2,JEERAUNJHA,JEERAUNJHA09OCT26CE20400FOCT26,OPTFUT,JEERAUNJHA-OPTFUT,21628200081931,2244,364,150,2,3,10,21629200081796,,2026-10-09T00:00:00,20400,3,JEERAUNJHA 09OCT2026 CE 20400,1,1,JEERAUNJHA09OCT26CE20400FOCT26
NCDEX,81637,2,GUARGUM5,GUARGUM530OCT26CE12200FNOV26,OPTFUT,GUARGUM5-OPTFUT,21630300081637,1202.5,315,250,0.5,5,10,21632400081455,,2026-10-30T00:00:00,12200,3,GUARGUM5 30OCT2026 CE 12200,1,1,GUARGUM530OCT26CE12200FNOV26
NCDEX,82536,2,GUARSEED10,GUARSEED1024DEC26CE7000FJAN27,OPTFUT,GUARSEED10-OPTFUT,21635800082536,323,79,500,0.5,5,10,21702000082352,,2026-12-24T00:00:00,7000,3,GUARSEED10 24DEC2026 CE 7000,1,1,GUARSEED1024DEC26CE7000FJAN27
NCDEX,82449,2,JEERAUNJHA,JEERAUNJHA12NOV26CE16800FNOV26,OPTFUT,JEERAUNJHA-OPTFUT,21631600082449,6082,3532,150,2,3,1,21632400082355,,2026-11-12T00:00:00,16800,3,JEERAUNJHA 12NOV2026 CE 16800,1,1,JEERAUNJHA12NOV26CE16800FNOV26
NCDEX,82159,2,GUARSEED10,GUARSEED1027NOV26PE7900FDEC26,OPTFUT,GUARSEED10-OPTFUT,21633100082159,1936,1238.5,500,0.5,5,1,21635200081793,,2026-11-27T00:00:00,7900,4,GUARSEED10 27NOV2026 PE 7900,1,1,GUARSEED1027NOV26PE7900FDEC26
NCDEX,82844,2,TMCFGRNZM,TMCFGRNZM08OCT26CE23000FOCT26,OPTFUT,TMCFGRNZM-OPTFUT,21628100082844,1044,185,250,1,5,10,21628900080907,,2026-10-08T00:00:00,23000,3,TMCFGRNZM 08OCT2026 CE 23000,1,1,TMCFGRNZM08OCT26CE23000FOCT26
NCDEX,81192,2,GUARSEED10,GUARSEED1025SEP26CE6600FOCT26,OPTFUT,GUARSEED10-OPTFUT,21626800081192,317,20,500,0.5,5,10,21628900080899,,2026-09-25T00:00:00,6600,3,GUARSEED10 25SEP2026 CE 6600,1,1,GUARSEED1025SEP26CE6600FOCT26
NCDEX,81107,2,GUARGUM5,GUARGUM525SEP26CE9800FOCT26,OPTFUT,GUARGUM5-OPTFUT,21626800081107,3050.5,1611,250,0.5,5,10,21628900080898,,2026-09-25T00:00:00,9800,3,GUARGUM5 25SEP2026 CE 9800,1,1,GUARGUM525SEP26CE9800FOCT26
NCDEX,81756,2,JEERAUNJHA,JEERAUNJHA09SEP26PE20000FSEP26,OPTFUT,JEERAUNJHA-OPTFUT,21625200081756,648,2,150,2,3,10,21626100081459,,2026-09-09T00:00:00,20000,4,JEERAUNJHA 09SEP2026 PE 20000,1,1,JEERAUNJHA09SEP26PE20000FSEP26
NCDEX,83096,2,JEERAUNJHA,JEERAUNJHA10DEC26PE18400FDEC26,OPTFUT,JEERAUNJHA-OPTFUT,21634400083096,126,4,150,2,3,10,21635200082910,,2026-12-10T00:00:00,18400,4,JEERAUNJHA 10DEC2026 PE 18400,1,1,JEERAUNJHA10DEC26PE18400FDEC26
NCDEX,82645,2,GUARGUM5,GUARGUM524DEC26CE9000FJAN27,OPTFUT,GUARGUM5-OPTFUT,21635800082645,4990.5,3434.5,250,0.5,5,1,21702000082351,,2026-12-24T00:00:00,9000,3,GUARGUM5 24DEC2026 CE 9000,1,1,GUARGUM524DEC26CE9000FJAN27
NCDEX,80860,2,GUARGUM5,GUARGUM528AUG26PE9000FSEP26,OPTFUT,GUARGUM5-OPTFUT,21624000080860,5,0.5,250,0.5,5,10,21626100080558,,2026-08-28T00:00:00,9000,4,GUARGUM5 28AUG2026 PE 9000,1,1,GUARGUM528AUG26PE9000FSEP26
NCDEX,82765,2,TMCFGRNZM,TMCFGRNZM10DEC26CE21200FDEC26,OPTFUT,TMCFGRNZM-OPTFUT,21634400082765,2787,1355,250,1,5,10,21635200081800,,2026-12-10T00:00:00,21200,3,TMCFGRNZM 10DEC2026 CE 21200,1,1,TMCFGRNZM10DEC26CE21200FDEC26
NCDEX,82804,2,TMCFGRNZM,TMCFGRNZM10DEC26CE22200FDEC26,OPTFUT,TMCFGRNZM-OPTFUT,21634400082804,2316,1056,250,1,5,10,21635200081800,,2026-12-10T00:00:00,22200,3,TMCFGRNZM 10DEC2026 CE 22200,1,1,TMCFGRNZM10DEC26CE22200FDEC26
NCDEX,80684,2,GUARSEED10,GUARSEED1028AUG26CE4900FSEP26,OPTFUT,GUARSEED10-OPTFUT,21624000080684,1703.5,958,500,0.5,5,10,21626100080559,,2026-08-28T00:00:00,4900,3,GUARSEED10 28AUG2026 CE 4900,1,1,GUARSEED1028AUG26CE4900FSEP26
NCDEX,81065,2,DHANIYA,DHANIYA09OCT26PE12500FOCT26,OPTFUT,DHANIYA-OPTFUT,21628200081065,55,2,500,1,5,10,21629200080896,,2026-10-09T00:00:00,12500,4,DHANIYA 09OCT2026 PE 12500,1,1,DHANIYA09OCT26PE12500FOCT26
NCDEX,82546,2,JEERAUNJHA,JEERAUNJHA12NOV26PE19200FNOV26,OPTFUT,JEERAUNJHA-OPTFUT,21631600082546,310,10,150,2,3,10,21632400082355,,2026-11-12T00:00:00,19200,4,JEERAUNJHA 12NOV2026 PE 19200,1,1,JEERAUNJHA12NOV26PE19200FNOV26
NCDEX,80694,2,GUARGUM5,GUARGUM528AUG26CE9000FSEP26,OPTFUT,GUARGUM5-OPTFUT,21624000080694,3663.5,2233.5,250,0.5,5,10,21626100080558,,2026-08-28T00:00:00,9000,3,GUARGUM5 28AUG2026 CE 9000,1,1,GUARGUM528AUG26CE9000FSEP26
NCDEX,83288,2,GUARGUM5,GUARGUM529JAN27PE11000FFEB27,OPTFUT,GUARGUM5-OPTFUT,21702900083288,290.5,62.5,250,0.5,5,1,21705000082905,,2027-01-29T00:00:00,11000,4,GUARGUM5 29JAN2027 PE 11000,1,1,GUARGUM529JAN27PE11000FFEB27
NCDEX,81565,2,GUARGUM5,GUARGUM530OCT26PE14800FNOV26,OPTFUT,GUARGUM5-OPTFUT,21630300081565,3190.5,1835.5,250,0.5,5,10,21632400081455,,2026-10-30T00:00:00,14800,4,GUARGUM5 30OCT2026 PE 14800,1,1,GUARGUM530OCT26PE14800FNOV26
NCDEX,81765,2,DHANIYA,DHANIYA09OCT26CE14400FOCT26,OPTFUT,DHANIYA-OPTFUT,21628200081765,3029,1313,500,1,5,10,21629200080896,,2026-10-09T00:00:00,14400,3,DHANIYA 09OCT2026 CE 14400,1,1,DHANIYA09OCT26CE14400FOCT26
NCDEX,80816,2,GUARGUM5,GUARGUM528AUG26PE12600FSEP26,OPTFUT,GUARGUM5-OPTFUT,21624000080816,1395,143,250,0.5,5,10,21626100080558,,2026-08-28T00:00:00,12600,4,GUARGUM5 28AUG2026 PE 12600,1,1,GUARGUM528AUG26PE12600FSEP26
NCDEX,82026,2,GUARGUM5,GUARGUM527NOV26PE8800FDEC26,OPTFUT,GUARGUM5-OPTFUT,21633100082026,30,2,250,0.5,5,1,21635200081792,,2026-11-27T00:00:00,8800,4,GUARGUM5 27NOV2026 PE 8800,1,1,GUARGUM527NOV26PE8800FDEC26
NCDEX,82154,2,TMCFGRNZM,TMCFGRNZM10DEC26CE14000FDEC26,OPTFUT,TMCFGRNZM-OPTFUT,21634400082154,8107,5738,250,1,5,1,21635200081800,,2026-12-10T00:00:00,14000,3,TMCFGRNZM 10DEC2026 CE 14000,1,1,TMCFGRNZM10DEC26CE14000FDEC26
NCDEX,82864,2,DHANIYA,DHANIYA09OCT26CE17600FOCT26,OPTFUT,DHANIYA-OPTFUT,21628200082864,850,132,500,1,5,10,21629200080896,,2026-10-09T00:00:00,17600,3,DHANIYA 09OCT2026 CE 17600,1,1,DHANIYA09OCT26CE17600FOCT26
NCDEX,82560,2,GUARSEED10,GUARSEED1024DEC26CE5800FJAN27,OPTFUT,GUARSEED10-OPTFUT,21635800082560,988.5,435.5,500,0.5,5,10,21702000082352,,2026-12-24T00:00:00,5800,3,GUARSEED10 24DEC2026 CE 5800,1,1,GUARSEED1024DEC26CE5800FJAN27
NCDEX,82548,2,JEERAUNJHA,JEERAUNJHA12NOV26CE28800FNOV26,OPTFUT,JEERAUNJHA-OPTFUT,21631600082548,20,2,150,2,3,1,21632400082355,,2026-11-12T00:00:00,28800,3,JEERAUNJHA 12NOV2026 CE 28800,1,1,JEERAUNJHA12NOV26CE28800FNOV26
NCDEX,81350,2,GUARGUM5,GUARGUM525SEP26PE14400FOCT26,OPTFUT,GUARGUM5-OPTFUT,21626800081350,2967,1549.5,250,0.5,5,10,21628900080898,,2026-09-25T00:00:00,14400,4,GUARGUM5 25SEP2026 PE 14400,1,1,GUARGUM525SEP26PE14400FOCT26
NCDEX,81781,2,TMCFGRNZM,TMCFGRNZM08OCT26CE18200FOCT26,OPTFUT,TMCFGRNZM-OPTFUT,21628100081781,4054,1887,250,1,5,10,21628900080907,,2026-10-08T00:00:00,18200,3,TMCFGRNZM 08OCT2026 CE 18200,1,1,TMCFGRNZM08OCT26CE18200FOCT26
NCDEX,81989,2,DHANIYA,DHANIYA10DEC26CE13500FDEC26,OPTFUT,DHANIYA-OPTFUT,21634400081989,4271,2520,500,1,5,10,21635200081790,,2026-12-10T00:00:00,13500,3,DHANIYA 10DEC2026 CE 13500,1,1,DHANIYA10DEC26CE13500FDEC26
NCDEX,81712,2,GUARSEED10,GUARSEED1030OCT26CE4800FNOV26,OPTFUT,GUARSEED10-OPTFUT,21630300081712,1867.5,1129,500,0.5,5,1,21632400081456,,2026-10-30T00:00:00,4800,3,GUARSEED10 30OCT2026 CE 4800,1,1,GUARSEED1030OCT26CE4800FNOV26
NCDEX,81229,2,TMCFGRNZM,TMCFGRNZM08OCT26PE17600FOCT26,OPTFUT,TMCFGRNZM-OPTFUT,21628100081229,447,58,250,1,5,10,21628900080907,,2026-10-08T00:00:00,17600,4,TMCFGRNZM 08OCT2026 PE 17600,1,1,TMCFGRNZM08OCT26PE17600FOCT26
NCDEX,81014,2,TMCFGRNZM,TMCFGRNZM08OCT26CE13200FOCT26,OPTFUT,TMCFGRNZM-OPTFUT,21628100081014,8827,6353,250,1,5,1,21628900080907,,2026-10-08T00:00:00,13200,3,TMCFGRNZM 08OCT2026 CE 13200,1,1,TMCFGRNZM08OCT26CE13200FOCT26
NCDEX,83237,2,GUARSEED10,GUARSEED1029JAN27CE5200FFEB27,OPTFUT,GUARSEED10-OPTFUT,21702900083237,1465.5,796,500,0.5,5,1,21705000082907,,2027-01-29T00:00:00,5200,3,GUARSEED10 29JAN2027 CE 5200,1,1,GUARSEED1029JAN27CE5200FFEB27
NCDEX,82839,2,TMCFGRNZM,TMCFGRNZM08OCT26PE22600FOCT26,OPTFUT,TMCFGRNZM-OPTFUT,21628100082839,3310,1486,250,1,5,10,21628900080907,,2026-10-08T00:00:00,22600,4,TMCFGRNZM 08OCT2026 PE 22600,1,1,TMCFGRNZM08OCT26PE22600FOCT26
NCDEX,81247,2,TMCFGRNZM,TMCFGRNZM08OCT26PE14400FOCT26,OPTFUT,TMCFGRNZM-OPTFUT,21628100081247,29,1,250,1,5,10,21628900080907,,2026-10-08T00:00:00,14400,4,TMCFGRNZM 08OCT2026 PE 14400,1,1,TMCFGRNZM08OCT26PE14400FOCT26
NCDEX,83100,2,GUARGUM5,GUARGUM529JAN27PE17000FFEB27,OPTFUT,GUARGUM5-OPTFUT,21702900083100,4378.5,2957.5,250,0.5,5,1,21705000082905,,2027-01-29T00:00:00,17000,4,GUARGUM5 29JAN2027 PE 17000,1,1,GUARGUM529JAN27PE17000FFEB27
NCDEX,83029,2,DHANIYA,DHANIYA12JAN27PE15900FJAN27,OPTFUT,DHANIYA-OPTFUT,21701200083029,1756,889,500,1,5,10,21702000082903,,2027-01-12T00:00:00,15900,4,DHANIYA 12JAN2027 PE 15900,1,1,DHANIYA12JAN27PE15900FJAN27
NCDEX,83078,2,DHANIYA,DHANIYA12JAN27CE17800FJAN27,OPTFUT,DHANIYA-OPTFUT,21701200083078,1484,605,500,1,5,10,21702000082903,,2027-01-12T00:00:00,17800,3,DHANIYA 12JAN2027 CE 17800,1,1,DHANIYA12JAN27CE17800FJAN27
NCDEX,82493,2,JEERAUNJHA,JEERAUNJHA12NOV26PE28000FNOV26,OPTFUT,JEERAUNJHA-OPTFUT,21631600082493,7488,4938,150,2,3,1,21632400082355,,2026-11-12T00:00:00,28000,4,JEERAUNJHA 12NOV2026 PE 28000,1,1,JEERAUNJHA12NOV26PE28000FNOV26
NCDEX,81986,2,GUARSEED10,GUARSEED1027NOV26CE7200FDEC26,OPTFUT,GUARSEED10-OPTFUT,21633100081986,209.5,32.5,500,0.5,5,10,21635200081793,,2026-11-27T00:00:00,7200,3,GUARSEED10 27NOV2026 CE 7200,1,1,GUARSEED1027NOV26CE7200FDEC26
NCDEX,82043,2,JEERAUNJHA,JEERAUNJHA09OCT26PE20800FOCT26,OPTFUT,JEERAUNJHA-OPTFUT,21628200082043,1138,78,150,2,3,10,21629200081796,,2026-10-09T00:00:00,20800,4,JEERAUNJHA 09OCT2026 PE 20800,1,1,JEERAUNJHA09OCT26PE20800FOCT26
NCDEX,81160,2,GUARGUM5,GUARGUM525SEP26PE12400FOCT26,OPTFUT,GUARGUM5-OPTFUT,21626800081160,1122,194,250,0.5,5,10,21628900080898,,2026-09-25T00:00:00,12400,4,GUARGUM5 25SEP2026 PE 12400,1,1,GUARGUM525SEP26PE12400FOCT26
NCDEX,81549,2,JEERAUNJHA,JEERAUNJHA09SEP26CE18400FSEP26,OPTFUT,JEERAUNJHA-OPTFUT,21625200081549,3726,1244,150,2,3,10,21626100081459,,2026-09-09T00:00:00,18400,3,JEERAUNJHA 09SEP2026 CE 18400,1,1,JEERAUNJHA09SEP26CE18400FSEP26
NCDEX,82149,2,GUARSEED10,GUARSEED1027NOV26CE6400FDEC26,OPTFUT,GUARSEED10-OPTFUT,21633100082149,548,154,500,0.5,5,10,21635200081793,,2026-11-27T00:00:00,6400,3,GUARSEED10 27NOV2026 CE 6400,1,1,GUARSEED1027NOV26CE6400FDEC26
NCDEX,82744,2,TMCFGRNZM,TMCFGRNZM08OCT26PE20400FOCT26,OPTFUT,TMCFGRNZM-OPTFUT,21628100082744,1704,512,250,1,5,10,21628900080907,,2026-10-08T00:00:00,20400,4,TMCFGRNZM 08OCT2026 PE 20400,1,1,TMCFGRNZM08OCT26PE20400FOCT26
NCDEX,81351,2,GUARSEED10,GUARSEED1025SEP26CE7100FOCT26,OPTFUT,GUARSEED10-OPTFUT,21626800081351,122,2,500,0.5,5,10,21628900080899,,2026-09-25T00:00:00,7100,3,GUARSEED10 25SEP2026 CE 7100,1,1,GUARSEED1025SEP26CE7100FOCT26
NCDEX,82466,2,GUARSEED10,GUARSEED1024DEC26PE7100FJAN27,OPTFUT,GUARSEED10-OPTFUT,21635800082466,1217.5,656,500,0.5,5,10,21702000082352,,2026-12-24T00:00:00,7100,4,GUARSEED10 24DEC2026 PE 7100,1,1,GUARSEED1024DEC26PE7100FJAN27
NCDEX,82842,2,TMCFGRNZM,TMCFGRNZM10DEC26CE23000FDEC26,OPTFUT,TMCFGRNZM-OPTFUT,21634400082842,1986,860,250,1,5,10,21635200081800,,2026-12-10T00:00:00,23000,3,TMCFGRNZM 10DEC2026 CE 23000,1,1,TMCFGRNZM10DEC26CE23000FDEC26
NCDEX,83283,2,GUARSEED10,GUARSEED1029JAN27CE4900FFEB27,OPTFUT,GUARSEED10-OPTFUT,21702900083283,1742,1040,500,0.5,5,1,21705000082907,,2027-01-29T00:00:00,4900,3,GUARSEED10 29JAN2027 CE 4900,1,1,GUARSEED1029JAN27CE4900FFEB27
NCDEX,82473,2,JEERAUNJHA,JEERAUNJHA12NOV26PE19600FNOV26,OPTFUT,JEERAUNJHA-OPTFUT,21631600082473,436,18,150,2,3,10,21632400082355,,2026-11-12T00:00:00,19600,4,JEERAUNJHA 12NOV2026 PE 19600,1,1,JEERAUNJHA12NOV26PE19600FNOV26
NCDEX,82996,2,JEERAUNJHA,JEERAUNJHA10DEC26PE25600FDEC26,OPTFUT,JEERAUNJHA-OPTFUT,21634400082996,4752,2342,150,2,3,10,21635200082910,,2026-12-10T00:00:00,25600,4,JEERAUNJHA 10DEC2026 PE 25600,1,1,JEERAUNJHA10DEC26PE25600FDEC26
NCDEX,81225,2,TMCFGRNZM,TMCFGRNZM08OCT26PE14200FOCT26,OPTFUT,TMCFGRNZM-OPTFUT,21628100081225,22,1,250,1,5,10,21628900080907,,2026-10-08T00:00:00,14200,4,TMCFGRNZM 08OCT2026 PE 14200,1,1,TMCFGRNZM08OCT26PE14200FOCT26
NCDEX,82119,2,JEERAUNJHA,JEERAUNJHA09OCT26CE14400FOCT26,OPTFUT,JEERAUNJHA-OPTFUT,21628200082119,8082,5560,150,2,3,1,21629200081796,,2026-10-09T00:00:00,14400,3,JEERAUNJHA 09OCT2026 CE 14400,1,1,JEERAUNJHA09OCT26CE14400FOCT26
NCDEX,82652,2,GUARGUM5,GUARGUM524DEC26PE14200FJAN27,OPTFUT,GUARGUM5-OPTFUT,21635800082652,1814.5,717,250,0.5,5,10,21702000082351,,2026-12-24T00:00:00,14200,4,GUARGUM5 24DEC2026 PE 14200,1,1,GUARGUM524DEC26PE14200FJAN27
NCDEX,82596,2,JEERAUNJHA,JEERAUNJHA12NOV26CE24400FNOV26,OPTFUT,JEERAUNJHA-OPTFUT,21631600082596,372,10,150,2,3,10,21632400082355,,2026-11-12T00:00:00,24400,3,JEERAUNJHA 12NOV2026 CE 24400,1,1,JEERAUNJHA12NOV26CE24400FNOV26
NCDEX,81899,2,GUARGUM5,GUARGUM527NOV26PE12600FDEC26,OPTFUT,GUARGUM5-OPTFUT,21633100081899,1281.5,492,250,0.5,5,10,21635200081792,,2026-11-27T00:00:00,12600,4,GUARGUM5 27NOV2026 PE 12600,1,1,GUARGUM527NOV26PE12600FDEC26
NCDEX,82798,2,TMCFGRNZM,TMCFGRNZM08OCT26PE21800FOCT26,OPTFUT,TMCFGRNZM-OPTFUT,21628100082798,2676,1059,250,1,5,10,21628900080907,,2026-10-08T00:00:00,21800,4,TMCFGRNZM 08OCT2026 PE 21800,1,1,TMCFGRNZM08OCT26PE21800FOCT26
NCDEX,83140,2,GUARGUM5,GUARGUM529JAN27PE15600FFEB27,OPTFUT,GUARGUM5-OPTFUT,21702900083140,3112.5,1845,250,0.5,5,1,21705000082905,,2027-01-29T00:00:00,15600,4,GUARGUM5 29JAN2027 PE 15600,1,1,GUARGUM529JAN27PE15600FFEB27
NCDEX,82870,2,DHANIYA,DHANIYA10DEC26CE18000FDEC26,OPTFUT,DHANIYA-OPTFUT,21634400082870,1372,485,500,1,5,10,21635200081790,,2026-12-10T00:00:00,18000,3,DHANIYA 10DEC2026 CE 18000,1,1,DHANIYA10DEC26CE18000FDEC26
NCDEX,82646,2,JEERAUNJHA,JEERAUNJHA12NOV26PE24000FNOV26,OPTFUT,JEERAUNJHA-OPTFUT,21631600082646,3596,1362,150,2,3,10,21632400082355,,2026-11-12T00:00:00,24000,4,JEERAUNJHA 12NOV2026 PE 24000,1,1,JEERAUNJHA12NOV26PE24000FNOV26
NCDEX,82327,2,DHANIYA,DHANIYA09OCT26PE16700FOCT26,OPTFUT,DHANIYA-OPTFUT,21628200082327,1665,518,500,1,5,10,21629200080896,,2026-10-09T00:00:00,16700,4,DHANIYA 09OCT2026 PE 16700,1,1,DHANIYA09OCT26PE16700FOCT26
NCDEX,80731,2,GUARGUM5,GUARGUM528AUG26PE13000FSEP26,OPTFUT,GUARGUM5-OPTFUT,21624000080731,1772,388,250,0.5,5,10,21626100080558,,2026-08-28T00:00:00,13000,4,GUARGUM5 28AUG2026 PE 13000,1,1,GUARGUM528AUG26PE13000FSEP26
NCDEX,82107,2,TMCFGRNZM,TMCFGRNZM10DEC26PE16400FDEC26,OPTFUT,TMCFGRNZM-OPTFUT,21634400082107,685,260,250,1,5,10,21635200081800,,2026-12-10T00:00:00,16400,4,TMCFGRNZM 10DEC2026 PE 16400,1,1,TMCFGRNZM10DEC26PE16400FDEC26
NCDEX,82780,2,GUARGUM5,GUARGUM528AUG26PE14800FSEP26,OPTFUT,GUARGUM5-OPTFUT,21624000082780,3552,2122,250,0.5,5,10,21626100080558,,2026-08-28T00:00:00,14800,4,GUARGUM5 28AUG2026 PE 14800,1,1,GUARGUM528AUG26PE14800FSEP26
NCDEX,81272,2,GUARGUM5,GUARGUM525SEP26PE9800FOCT26,OPTFUT,GUARGUM5-OPTFUT,21626800081272,32.5,0.5,250,0.5,5,10,21628900080898,,2026-09-25T00:00:00,9800,4,GUARGUM5 25SEP2026 PE 9800,1,1,GUARGUM525SEP26PE9800FOCT26
NCDEX,81173,2,GUARGUM5,GUARGUM525SEP26PE13400FOCT26,OPTFUT,GUARGUM5-OPTFUT,21626800081173,2001.5,714,250,0.5,5,10,21628900080898,,2026-09-25T00:00:00,13400,4,GUARGUM5 25SEP2026 PE 13400,1,1,GUARGUM525SEP26PE13400FOCT26
NCDEX,82108,2,JEERAUNJHA,JEERAUNJHA09OCT26CE20800FOCT26,OPTFUT,JEERAUNJHA-OPTFUT,21628200082108,1908,236,150,2,3,10,21629200081796,,2026-10-09T00:00:00,20800,3,JEERAUNJHA 09OCT2026 CE 20800,1,1,JEERAUNJHA09OCT26CE20800FOCT26
NCDEX,82549,2,JEERAUNJHA,JEERAUNJHA12NOV26PE14000FNOV26,OPTFUT,JEERAUNJHA-OPTFUT,21631600082549,20,2,150,2,3,1,21632400082355,,2026-11-12T00:00:00,14000,4,JEERAUNJHA 12NOV2026 PE 14000,1,1,JEERAUNJHA12NOV26PE14000FNOV26
NCDEX,82553,2,JEERAUNJHA,JEERAUNJHA12NOV26CE28400FNOV26,OPTFUT,JEERAUNJHA-OPTFUT,21631600082553,20,2,150,2,3,1,21632400082355,,2026-11-12T00:00:00,28400,3,JEERAUNJHA 12NOV2026 CE 28400,1,1,JEERAUNJHA12NOV26CE28400FNOV26
NCDEX,80852,2,GUARSEED10,GUARSEED1028AUG26PE4400FSEP26,OPTFUT,GUARSEED10-OPTFUT,21624000080852,5,0.5,500,0.5,5,1,21626100080559,,2026-08-28T00:00:00,4400,4,GUARSEED10 28AUG2026 PE 4400,1,1,GUARSEED1028AUG26PE4400FSEP26
NCDEX,81623,2,GUARGUM5,GUARGUM530OCT26CE12000FNOV26,OPTFUT,GUARGUM5-OPTFUT,21630300081623,1338,382,250,0.5,5,10,21632400081455,,2026-10-30T00:00:00,12000,3,GUARGUM5 30OCT2026 CE 12000,1,1,GUARGUM530OCT26CE12000FNOV26
NCDEX,81746,2,JEERAUNJHA,JEERAUNJHA09SEP26CE28400FSEP26,OPTFUT,JEERAUNJHA-OPTFUT,21625200081746,20,2,150,2,3,1,21626100081459,,2026-09-09T00:00:00,28400,3,JEERAUNJHA 09SEP2026 CE 28400,1,1,JEERAUNJHA09SEP26CE28400FSEP26
NCDEX,82111,2,JEERAUNJHA,JEERAUNJHA09OCT26PE23600FOCT26,OPTFUT,JEERAUNJHA-OPTFUT,21628200082111,3566,1254,150,2,3,10,21629200081796,,2026-10-09T00:00:00,23600,4,JEERAUNJHA 09OCT2026 PE 23600,1,1,JEERAUNJHA09OCT26PE23600FOCT26
NCDEX,82017,2,DHANIYA,DHANIYA10DEC26CE12500FDEC26,OPTFUT,DHANIYA-OPTFUT,21634400082017,5153,3300,500,1,5,10,21635200081790,,2026-12-10T00:00:00,12500,3,DHANIYA 10DEC2026 CE 12500,1,1,DHANIYA10DEC26CE12500FDEC26
NCDEX,83299,2,DHANIYA,DHANIYA12JAN27CE15800FJAN27,OPTFUT,DHANIYA-OPTFUT,21701200083299,2463,1215,500,1,5,10,21702000082903,,2027-01-12T00:00:00,15800,3,DHANIYA 12JAN2027 CE 15800,1,1,DHANIYA12JAN27CE15800FJAN27
NCDEX,82585,2,JEERAUNJHA,JEERAUNJHA12NOV26CE29200FNOV26,OPTFUT,JEERAUNJHA-OPTFUT,21631600082585,20,2,150,2,3,1,21632400082355,,2026-11-12T00:00:00,29200,3,JEERAUNJHA 12NOV2026 CE 29200,1,1,JEERAUNJHA12NOV26CE29200FNOV26
NCDEX,83176,2,GUARGUM5,GUARGUM529JAN27CE12600FFEB27,OPTFUT,GUARGUM5-OPTFUT,21702900083176,1850.5,780,250,0.5,5,10,21705000082905,,2027-01-29T00:00:00,12600,3,GUARGUM5 29JAN2027 CE 12600,1,1,GUARGUM529JAN27CE12600FFEB27
NCDEX,82742,2,TMCFGRNZM,TMCFGRNZM10DEC26PE20600FDEC26,OPTFUT,TMCFGRNZM-OPTFUT,21634400082742,2565,1402,250,1,5,10,21635200081800,,2026-12-10T00:00:00,20600,4,TMCFGRNZM 10DEC2026 PE 20600,1,1,TMCFGRNZM10DEC26PE20600FDEC26
NCDEX,81005,2,GUARSEED10,GUARSEED1025SEP26PE4600FOCT26,OPTFUT,GUARSEED10-OPTFUT,21626800081005,5,0.5,500,0.5,5,1,21628900080899,,2026-09-25T00:00:00,4600,4,GUARSEED10 25SEP2026 PE 4600,1,1,GUARSEED1025SEP26PE4600FOCT26
NCDEX,83007,2,GUARGUM5,GUARGUM529JAN27PE10200FFEB27,OPTFUT,GUARGUM5-OPTFUT,21702900083007,130.5,20.5,250,0.5,5,1,21705000082905,,2027-01-29T00:00:00,10200,4,GUARGUM5 29JAN2027 PE 10200,1,1,GUARGUM529JAN27PE10200FFEB27
NCDEX,81649,2,GUARGUM5,GUARGUM530OCT26PE9800FNOV26,OPTFUT,GUARGUM5-OPTFUT,21630300081649,80,4,250,0.5,5,10,21632400081455,,2026-10-30T00:00:00,9800,4,GUARGUM5 30OCT2026 PE 9800,1,1,GUARGUM530OCT26PE9800FNOV26
NCDEX,82174,2,DHANIYA,DHANIYA10DEC26PE12500FDEC26,OPTFUT,DHANIYA-OPTFUT,21634400082174,229,50,500,1,5,10,21635200081790,,2026-12-10T00:00:00,12500,4,DHANIYA 10DEC2026 PE 12500,1,1,DHANIYA10DEC26PE12500FDEC26
NCDEX,83026,2,GUARSEED10,GUARSEED1029JAN27CE5600FFEB27,OPTFUT,GUARSEED10-OPTFUT,21702900083026,1120.5,521.5,500,0.5,5,10,21705000082907,,2027-01-29T00:00:00,5600,3,GUARSEED10 29JAN2027 CE 5600,1,1,GUARSEED1029JAN27CE5600FFEB27
NCDEX,81264,2,TMCFGRNZM,TMCFGRNZM08OCT26PE16600FOCT26,OPTFUT,TMCFGRNZM-OPTFUT,21628100081264,226,20,250,1,5,10,21628900080907,,2026-10-08T00:00:00,16600,4,TMCFGRNZM 08OCT2026 PE 16600,1,1,TMCFGRNZM08OCT26PE16600FOCT26
NCDEX,81971,2,GUARGUM5,GUARGUM527NOV26CE15000FDEC26,OPTFUT,GUARGUM5-OPTFUT,21633100081971,325,49,250,0.5,5,10,21635200081792,,2026-11-27T00:00:00,15000,3,GUARGUM5 27NOV2026 CE 15000,1,1,GUARGUM527NOV26CE15000FDEC26
NCDEX,81180,2,GUARGUM5,GUARGUM525SEP26CE11200FOCT26,OPTFUT,GUARGUM5-OPTFUT,21626800081180,1709.5,461,250,0.5,5,10,21628900080898,,2026-09-25T00:00:00,11200,3,GUARGUM5 25SEP2026 CE 11200,1,1,GUARGUM525SEP26CE11200FOCT26
NCDEX,82126,2,DHANIYA,DHANIYA10DEC26CE11400FDEC26,OPTFUT,DHANIYA-OPTFUT,21634400082126,6178,4261,500,1,5,1,21635200081790,,2026-12-10T00:00:00,11400,3,DHANIYA 10DEC2026 CE 11400,1,1,DHANIYA10DEC26CE11400FDEC26
NCDEX,81936,2,DHANIYA,DHANIYA10DEC26PE12300FDEC26,OPTFUT,DHANIYA-OPTFUT,21634400081936,196,41,500,1,5,10,21635200081790,,2026-12-10T00:00:00,12300,4,DHANIYA 10DEC2026 PE 12300,1,1,DHANIYA10DEC26PE12300FDEC26
NCDEX,82077,2,JEERAUNJHA,JEERAUNJHA09OCT26CE26400FOCT26,OPTFUT,JEERAUNJHA-OPTFUT,21628200082077,24,2,150,2,3,1,21629200081796,,2026-10-09T00:00:00,26400,3,JEERAUNJHA 09OCT2026 CE 26400,1,1,JEERAUNJHA09OCT26CE26400FOCT26
NCDEX,82544,2,GUARSEED10,GUARSEED1024DEC26CE6600FJAN27,OPTFUT,GUARSEED10-OPTFUT,21635800082544,490.5,148.5,500,0.5,5,10,21702000082352,,2026-12-24T00:00:00,6600,3,GUARSEED10 24DEC2026 CE 6600,1,1,GUARSEED1024DEC26CE6600FJAN27
NCDEX,80856,2,GUARGUM5,GUARGUM528AUG26CE6400FSEP26,OPTFUT,GUARGUM5-OPTFUT,21624000080856,6257,4827,250,0.5,5,1,21626100080558,,2026-08-28T00:00:00,6400,3,GUARGUM5 28AUG2026 CE 6400,1,1,GUARGUM528AUG26CE6400FSEP26
NCDEX,82686,2,DHANIYA,DHANIYA10DEC26CE16000FDEC26,OPTFUT,DHANIYA-OPTFUT,21634400082686,2409,1097,500,1,5,10,21635200081790,,2026-12-10T00:00:00,16000,3,DHANIYA 10DEC2026 CE 16000,1,1,DHANIYA10DEC26CE16000FDEC26
NCDEX,82324,2,DHANIYA,DHANIYA10DEC26CE15300FDEC26,OPTFUT,DHANIYA-OPTFUT,21634400082324,2871,1415,500,1,5,10,21635200081790,,2026-12-10T00:00:00,15300,3,DHANIYA 10DEC2026 CE 15300,1,1,DHANIYA10DEC26CE15300FDEC26
NCDEX,81440,2,DHANIYA,DHANIYA09OCT26PE13900FOCT26,OPTFUT,DHANIYA-OPTFUT,21628200081440,268,23,500,1,5,10,21629200080896,,2026-10-09T00:00:00,13900,4,DHANIYA 09OCT2026 PE 13900,1,1,DHANIYA09OCT26PE13900FOCT26
NCDEX,82089,2,GUARSEED10,GUARSEED1027NOV26PE5300FDEC26,OPTFUT,GUARSEED10-OPTFUT,21633100082089,109,15,500,0.5,5,10,21635200081793,,2026-11-27T00:00:00,5300,4,GUARSEED10 27NOV2026 PE 5300,1,1,GUARSEED1027NOV26PE5300FDEC26
NCDEX,82225,2,GUARSEED10,GUARSEED1027NOV26CE7800FDEC26,OPTFUT,GUARSEED10-OPTFUT,21633100082225,87.5,8.5,500,0.5,5,1,21635200081793,,2026-11-27T00:00:00,7800,3,GUARSEED10 27NOV2026 CE 7800,1,1,GUARSEED1027NOV26CE7800FDEC26
NCDEX,83264,2,GUARSEED10,GUARSEED1029JAN27PE7800FFEB27,OPTFUT,GUARSEED10-OPTFUT,21702900083264,1820,1154,500,0.5,5,1,21705000082907,,2027-01-29T00:00:00,7800,4,GUARSEED10 29JAN2027 PE 7800,1,1,GUARSEED1029JAN27PE7800FFEB27
NCDEX,83216,2,DHANIYA,DHANIYA12JAN27CE17200FJAN27,OPTFUT,DHANIYA-OPTFUT,21701200083216,1739,752,500,1,5,10,21702000082903,,2027-01-12T00:00:00,17200,3,DHANIYA 12JAN2027 CE 17200,1,1,DHANIYA12JAN27CE17200FJAN27
NCDEX,81667,2,GUARSEED10,GUARSEED1030OCT26CE5800FNOV26,OPTFUT,GUARSEED10-OPTFUT,21630300081667,935.5,337.5,500,0.5,5,10,21632400081456,,2026-10-30T00:00:00,5800,3,GUARSEED10 30OCT2026 CE 5800,1,1,GUARSEED1030OCT26CE5800FNOV26
NCDEX,82130,2,TMCFGRNZM,TMCFGRNZM10DEC26PE18600FDEC26,OPTFUT,TMCFGRNZM-OPTFUT,21634400082130,1500,707,250,1,5,10,21635200081800,,2026-12-10T00:00:00,18600,4,TMCFGRNZM 10DEC2026 PE 18600,1,1,TMCFGRNZM10DEC26PE18600FDEC26
NCDEX,82720,2,DHANIYA,DHANIYA10DEC26PE17200FDEC26,OPTFUT,DHANIYA-OPTFUT,21634400082720,2255,1138,500,1,5,10,21635200081790,,2026-12-10T00:00:00,17200,4,DHANIYA 10DEC2026 PE 17200,1,1,DHANIYA10DEC26PE17200FDEC26
NCDEX,81141,2,GUARSEED10,GUARSEED1025SEP26PE7000FOCT26,OPTFUT,GUARSEED10-OPTFUT,21626800081141,1069.5,398.5,500,0.5,5,10,21628900080899,,2026-09-25T00:00:00,7000,4,GUARSEED10 25SEP2026 PE 7000,1,1,GUARSEED1025SEP26PE7000FOCT26
NCDEX,82196,2,JEERAUNJHA,JEERAUNJHA09OCT26PE16000FOCT26,OPTFUT,JEERAUNJHA-OPTFUT,21628200082196,20,2,150,2,3,10,21629200081796,,2026-10-09T00:00:00,16000,4,JEERAUNJHA 09OCT2026 PE 16000,1,1,JEERAUNJHA09OCT26PE16000FOCT26
NCDEX,81195,2,DHANIYA,DHANIYA09OCT26CE12000FOCT26,OPTFUT,DHANIYA-OPTFUT,21628200081195,5318,3383,500,1,5,10,21629200080896,,2026-10-09T00:00:00,12000,3,DHANIYA 09OCT2026 CE 12000,1,1,DHANIYA09OCT26CE12000FOCT26
NCDEX,80798,2,GUARSEED10,GUARSEED1028AUG26CE5500FSEP26,OPTFUT,GUARSEED10-OPTFUT,21624000080798,1106,361.5,500,0.5,5,10,21626100080559,,2026-08-28T00:00:00,5500,3,GUARSEED10 28AUG2026 CE 5500,1,1,GUARSEED1028AUG26CE5500FSEP26
NCDEX,83194,2,JEERAUNJHA,JEERAUNJHA10DEC26PE17600FDEC26,OPTFUT,JEERAUNJHA-OPTFUT,21634400083194,48,2,150,2,3,10,21635200082910,,2026-12-10T00:00:00,17600,4,JEERAUNJHA 10DEC2026 PE 17600,1,1,JEERAUNJHA10DEC26PE17600FDEC26
NCDEX,81196,2,GUARGUM5,GUARGUM525SEP26CE7400FOCT26,OPTFUT,GUARGUM5-OPTFUT,21626800081196,5431,3986.5,250,0.5,5,1,21628900080898,,2026-09-25T00:00:00,7400,3,GUARGUM5 25SEP2026 CE 7400,1,1,GUARGUM525SEP26CE7400FOCT26
NCDEX,81291,2,TMCFGRNZM,TMCFGRNZM08OCT26PE12200FOCT26,OPTFUT,TMCFGRNZM-OPTFUT,21628100081291,10,1,250,1,5,1,21628900080907,,2026-10-08T00:00:00,12200,4,TMCFGRNZM 08OCT2026 PE 12200,1,1,TMCFGRNZM08OCT26PE12200FOCT26
NCDEX,82068,2,DHANIYA,DHANIYA10DEC26CE11900FDEC26,OPTFUT,DHANIYA-OPTFUT,21634400082068,5707,3813,500,1,5,1,21635200081790,,2026-12-10T00:00:00,11900,3,DHANIYA 10DEC2026 CE 11900,1,1,DHANIYA10DEC26CE11900FDEC26
NCDEX,82455,2,GUARSEED10,GUARSEED1024DEC26PE6700FJAN27,OPTFUT,GUARSEED10-OPTFUT,21635800082455,893.5,420,500,0.5,5,10,21702000082352,,2026-12-24T00:00:00,6700,4,GUARSEED10 24DEC2026 PE 6700,1,1,GUARSEED1024DEC26PE6700FJAN27
NCDEX,83062,2,GUARGUM5,GUARGUM529JAN27CE14000FFEB27,OPTFUT,GUARGUM5-OPTFUT,21702900083062,1048.5,329.5,250,0.5,5,10,21705000082905,,2027-01-29T00:00:00,14000,3,GUARGUM5 29JAN2027 CE 14000,1,1,GUARGUM529JAN27CE14000FFEB27
NCDEX,81221,2,GUARGUM5,GUARGUM525SEP26CE7800FOCT26,OPTFUT,GUARGUM5-OPTFUT,21626800081221,5034,3589.5,250,0.5,5,1,21628900080898,,2026-09-25T00:00:00,7800,3,GUARGUM5 25SEP2026 CE 7800,1,1,GUARGUM525SEP26CE7800FOCT26
NCDEX,82755,2,TMCFGRNZM,TMCFGRNZM10DEC26CE21400FDEC26,OPTFUT,TMCFGRNZM-OPTFUT,21634400082755,2687,1290,250,1,5,10,21635200081800,,2026-12-10T00:00:00,21400,3,TMCFGRNZM 10DEC2026 CE 21400,1,1,TMCFGRNZM10DEC26CE21400FDEC26
NCDEX,81551,2,GUARSEED10,GUARSEED1030OCT26PE6800FNOV26,OPTFUT,GUARSEED10-OPTFUT,21630300081551,914,359.5,500,0.5,5,10,21632400081456,,2026-10-30T00:00:00,6800,4,GUARSEED10 30OCT2026 PE 6800,1,1,GUARSEED1030OCT26PE6800FNOV26
NCDEX,81008,2,GUARGUM5,GUARGUM525SEP26PE8600FOCT26,OPTFUT,GUARGUM5-OPTFUT,21626800081008,5,0.5,250,0.5,5,1,21628900080898,,2026-09-25T00:00:00,8600,4,GUARGUM5 25SEP2026 PE 8600,1,1,GUARGUM525SEP26PE8600FOCT26
NCDEX,81025,2,DHANIYA,DHANIYA09OCT26PE12900FOCT26,OPTFUT,DHANIYA-OPTFUT,21628200081025,92,4,500,1,5,10,21629200080896,,2026-10-09T00:00:00,12900,4,DHANIYA 09OCT2026 PE 12900,1,1,DHANIYA09OCT26PE12900FOCT26
NCDEX,82238,2,DHANIYA,DHANIYA09OCT26PE15400FOCT26,OPTFUT,DHANIYA-OPTFUT,21628200082238,842,161,500,1,5,10,21629200080896,,2026-10-09T00:00:00,15400,4,DHANIYA 09OCT2026 PE 15400,1,1,DHANIYA09OCT26PE15400FOCT26
NCDEX,81156,2,GUARSEED10,GUARSEED1025SEP26CE6700FOCT26,OPTFUT,GUARSEED10-OPTFUT,21626800081156,267,13,500,0.5,5,10,21628900080899,,2026-09-25T00:00:00,6700,3,GUARSEED10 25SEP2026 CE 6700,1,1,GUARSEED1025SEP26CE6700FOCT26
NCDEX,81001,2,DHANIYA,DHANIYA09OCT26CE13100FOCT26,OPTFUT,DHANIYA-OPTFUT,21628200081001,4243,2352,500,1,5,10,21629200080896,,2026-10-09T00:00:00,13100,3,DHANIYA 09OCT2026 CE 13100,1,1,DHANIYA09OCT26CE13100FOCT26
NCDEX,82110,2,DHANIYA,DHANIYA10DEC26CE13700FDEC26,OPTFUT,DHANIYA-OPTFUT,21634400082110,4102,2377,500,1,5,10,21635200081790,,2026-12-10T00:00:00,13700,3,DHANIYA 10DEC2026 CE 13700,1,1,DHANIYA10DEC26CE13700FDEC26
NCDEX,83276,2,GUARSEED10,GUARSEED1029JAN27CE6900FFEB27,OPTFUT,GUARSEED10-OPTFUT,21702900083276,328,77.5,500,0.5,5,10,21705000082907,,2027-01-29T00:00:00,6900,3,GUARSEED10 29JAN2027 CE 6900,1,1,GUARSEED1029JAN27CE6900FFEB27
NCDEX,81917,2,JEERAUNJHA,JEERAUNJHA09OCT26CE17200FOCT26,OPTFUT,JEERAUNJHA-OPTFUT,21628200081917,5310,2792,150,2,3,10,21629200081796,,2026-10-09T00:00:00,17200,3,JEERAUNJHA 09OCT2026 CE 17200,1,1,JEERAUNJHA09OCT26CE17200FOCT26
NCDEX,82795,2,TMCFGRNZM,TMCFGRNZM10DEC26PE22200FDEC26,OPTFUT,TMCFGRNZM-OPTFUT,21634400082795,3614,2170,250,1,5,10,21635200081800,,2026-12-10T00:00:00,22200,4,TMCFGRNZM 10DEC2026 PE 22200,1,1,TMCFGRNZM10DEC26PE22200FDEC26
NCDEX,80772,2,GUARGUM5,GUARGUM528AUG26CE14000FSEP26,OPTFUT,GUARGUM5-OPTFUT,21624000080772,61.5,0.5,250,0.5,5,10,21626100080558,,2026-08-28T00:00:00,14000,3,GUARGUM5 28AUG2026 CE 14000,1,1,GUARGUM528AUG26CE14000FSEP26
NCDEX,82656,2,GUARSEED10,GUARSEED1024DEC26PE5900FJAN27,OPTFUT,GUARSEED10-OPTFUT,21635800082656,377.5,120.5,500,0.5,5,10,21702000082352,,2026-12-24T00:00:00,5900,4,GUARSEED10 24DEC2026 PE 5900,1,1,GUARSEED1024DEC26PE5900FJAN27
NCDEX,81738,2,GUARSEED10,GUARSEED1030OCT26CE5500FNOV26,OPTFUT,GUARSEED10-OPTFUT,21630300081738,1199,528.5,500,0.5,5,10,21632400081456,,2026-10-30T00:00:00,5500,3,GUARSEED10 30OCT2026 CE 5500,1,1,GUARSEED1030OCT26CE5500FNOV26
NCDEX,81088,2,GUARSEED10,GUARSEED1025SEP26PE6000FOCT26,OPTFUT,GUARSEED10-OPTFUT,21626800081088,273.5,18.5,500,0.5,5,10,21628900080899,,2026-09-25T00:00:00,6000,4,GUARSEED10 25SEP2026 PE 6000,1,1,GUARSEED1025SEP26PE6000FOCT26
NCDEX,82022,2,GUARGUM5,GUARGUM527NOV26PE13400FDEC26,OPTFUT,GUARGUM5-OPTFUT,21633100082022,1867.5,866,250,0.5,5,10,21635200081792,,2026-11-27T00:00:00,13400,4,GUARGUM5 27NOV2026 PE 13400,1,1,GUARGUM527NOV26PE13400FDEC26
NCDEX,82025,2,TMCFGRNZM,TMCFGRNZM10DEC26CE17600FDEC26,OPTFUT,TMCFGRNZM-OPTFUT,21634400082025,5055,3033,250,1,5,10,21635200081800,,2026-12-10T00:00:00,17600,3,TMCFGRNZM 10DEC2026 CE 17600,1,1,TMCFGRNZM10DEC26CE17600FDEC26
NCDEX,83281,2,GUARGUM5,GUARGUM529JAN27CE16800FFEB27,OPTFUT,GUARGUM5-OPTFUT,21702900083281,247.5,39.5,250,0.5,5,1,21705000082905,,2027-01-29T00:00:00,16800,3,GUARGUM5 29JAN2027 CE 16800,1,1,GUARGUM529JAN27CE16800FFEB27
NCDEX,82073,2,GUARGUM5,GUARGUM527NOV26PE14600FDEC26,OPTFUT,GUARGUM5-OPTFUT,21633100082073,2882,1644.5,250,0.5,5,10,21635200081792,,2026-11-27T00:00:00,14600,4,GUARGUM5 27NOV2026 PE 14600,1,1,GUARGUM527NOV26PE14600FDEC26
NCDEX,82684,2,DHANIYA,DHANIYA10DEC26CE15900FDEC26,OPTFUT,DHANIYA-OPTFUT,21634400082684,2472,1139,500,1,5,10,21635200081790,,2026-12-10T00:00:00,15900,3,DHANIYA 10DEC2026 CE 15900,1,1,DHANIYA10DEC26CE15900FDEC26
NCDEX,80649,2,GUARGUM5,GUARGUM528AUG26CE8200FSEP26,OPTFUT,GUARGUM5-OPTFUT,21624000080649,4461.5,3031.5,250,0.5,5,10,21626100080558,,2026-08-28T00:00:00,8200,3,GUARGUM5 28AUG2026 CE 8200,1,1,GUARGUM528AUG26CE8200FSEP26
NCDEX,83211,2,TMCFGRNZM,TMCFGRNZM10DEC26PE23800FDEC26,OPTFUT,TMCFGRNZM-OPTFUT,21634400083211,4804,3115,250,1,5,10,21635200081800,,2026-12-10T00:00:00,23800,4,TMCFGRNZM 10DEC2026 PE 23800,1,1,TMCFGRNZM10DEC26PE23800FDEC26
NCDEX,82823,2,TMCFGRNZM,TMCFGRNZM08OCT26PE22400FOCT26,OPTFUT,TMCFGRNZM-OPTFUT,21628100082823,3147,1372,250,1,5,10,21628900080907,,2026-10-08T00:00:00,22400,4,TMCFGRNZM 08OCT2026 PE 22400,1,1,TMCFGRNZM08OCT26PE22400FOCT26
NCDEX,81358,2,GUARSEED10,GUARSEED1025SEP26PE7300FOCT26,OPTFUT,GUARSEED10-OPTFUT,21626800081358,1358,639,500,0.5,5,1,21628900080899,,2026-09-25T00:00:00,7300,4,GUARSEED10 25SEP2026 PE 7300,1,1,GUARSEED1025SEP26PE7300FOCT26
NCDEX,82163,2,DHANIYA,DHANIYA10DEC26CE14100FDEC26,OPTFUT,DHANIYA-OPTFUT,21634400082163,3773,2107,500,1,5,10,21635200081790,,2026-12-10T00:00:00,14100,3,DHANIYA 10DEC2026 CE 14100,1,1,DHANIYA10DEC26CE14100FDEC26
NCDEX,81722,2,GUARSEED10,GUARSEED1030OCT26PE5200FNOV26,OPTFUT,GUARSEED10-OPTFUT,21630300081722,57.5,3.5,500,0.5,5,10,21632400081456,,2026-10-30T00:00:00,5200,4,GUARSEED10 30OCT2026 PE 5200,1,1,GUARSEED1030OCT26PE5200FNOV26
NCDEX,83051,2,JEERAUNJHA,JEERAUNJHA10DEC26CE24000FDEC26,OPTFUT,JEERAUNJHA-OPTFUT,21634400083051,706,50,150,2,3,10,21635200082910,,2026-12-10T00:00:00,24000,3,JEERAUNJHA 10DEC2026 CE 24000,1,1,JEERAUNJHA10DEC26CE24000FDEC26
NCDEX,82735,2,DHANIYA,DHANIYA10DEC26CE17300FDEC26,OPTFUT,DHANIYA-OPTFUT,21634400082735,1688,655,500,1,5,10,21635200081790,,2026-12-10T00:00:00,17300,3,DHANIYA 10DEC2026 CE 17300,1,1,DHANIYA10DEC26CE17300FDEC26
NCDEX,82550,2,JEERAUNJHA,JEERAUNJHA12NOV26CE15200FNOV26,OPTFUT,JEERAUNJHA-OPTFUT,21631600082550,7656,5100,150,2,3,1,21632400082355,,2026-11-12T00:00:00,15200,3,JEERAUNJHA 12NOV2026 CE 15200,1,1,JEERAUNJHA12NOV26CE15200FNOV26
NCDEX,81647,2,GUARGUM5,GUARGUM530OCT26CE15200FNOV26,OPTFUT,GUARGUM5-OPTFUT,21630300081647,136,7,250,0.5,5,1,21632400081455,,2026-10-30T00:00:00,15200,3,GUARGUM5 30OCT2026 CE 15200,1,1,GUARGUM530OCT26CE15200FNOV26
NCDEX,82642,2,GUARSEED10,GUARSEED1024DEC26PE5300FJAN27,OPTFUT,GUARSEED10-OPTFUT,21635800082642,143.5,30,500,0.5,5,10,21702000082352,,2026-12-24T00:00:00,5300,4,GUARSEED10 24DEC2026 PE 5300,1,1,GUARSEED1024DEC26PE5300FJAN27
NCDEX,81963,2,GUARSEED10,GUARSEED1027NOV26PE5900FDEC26,OPTFUT,GUARSEED10-OPTFUT,21633100081963,332.5,83,500,0.5,5,10,21635200081793,,2026-11-27T00:00:00,5900,4,GUARSEED10 27NOV2026 PE 5900,1,1,GUARSEED1027NOV26PE5900FDEC26
NCDEX,82724,2,DHANIYA,DHANIYA10DEC26PE17300FDEC26,OPTFUT,DHANIYA-OPTFUT,21634400082724,2324,1186,500,1,5,10,21635200081790,,2026-12-10T00:00:00,17300,4,DHANIYA 10DEC2026 PE 17300,1,1,DHANIYA10DEC26PE17300FDEC26
NCDEX,83083,2,GUARSEED10,GUARSEED1029JAN27PE6900FFEB27,OPTFUT,GUARSEED10-OPTFUT,21702900083083,1024,501.5,500,0.5,5,10,21705000082907,,2027-01-29T00:00:00,6900,4,GUARSEED10 29JAN2027 PE 6900,1,1,GUARSEED1029JAN27PE6900FFEB27
NCDEX,83056,2,JEERAUNJHA,JEERAUNJHA10DEC26CE17200FDEC26,OPTFUT,JEERAUNJHA-OPTFUT,21634400083056,6062,3494,150,2,3,1,21635200082910,,2026-12-10T00:00:00,17200,3,JEERAUNJHA 10DEC2026 CE 17200,1,1,JEERAUNJHA10DEC26CE17200FDEC26
NCDEX,81077,2,GUARGUM5,GUARGUM525SEP26PE11800FOCT26,OPTFUT,GUARGUM5-OPTFUT,21626800081077,687.5,60,250,0.5,5,10,21628900080898,,2026-09-25T00:00:00,11800,4,GUARGUM5 25SEP2026 PE 11800,1,1,GUARGUM525SEP26PE11800FOCT26
NCDEX,81754,2,GUARGUM5,GUARGUM530OCT26PE11800FNOV26,OPTFUT,GUARGUM5-OPTFUT,21630300081754,746,163.5,250,0.5,5,10,21632400081455,,2026-10-30T00:00:00,11800,4,GUARGUM5 30OCT2026 PE 11800,1,1,GUARGUM530OCT26PE11800FNOV26
NCDEX,83037,2,GUARGUM5,GUARGUM529JAN27CE14200FFEB27,OPTFUT,GUARGUM5-OPTFUT,21702900083037,958,287.5,250,0.5,5,10,21705000082905,,2027-01-29T00:00:00,14200,3,GUARGUM5 29JAN2027 CE 14200,1,1,GUARGUM529JAN27CE14200FFEB27
NCDEX,81438,2,DHANIYA,DHANIYA09OCT26PE14100FOCT26,OPTFUT,DHANIYA-OPTFUT,21628200081438,322,31,500,1,5,10,21629200080896,,2026-10-09T00:00:00,14100,4,DHANIYA 09OCT2026 PE 14100,1,1,DHANIYA09OCT26PE14100FOCT26
NCDEX,81945,2,DHANIYA,DHANIYA10DEC26CE12600FDEC26,OPTFUT,DHANIYA-OPTFUT,21634400081945,5062,3217,500,1,5,10,21635200081790,,2026-12-10T00:00:00,12600,3,DHANIYA 10DEC2026 CE 12600,1,1,DHANIYA10DEC26CE12600FDEC26
NCDEX,83222,2,JEERAUNJHA,JEERAUNJHA10DEC26CE18400FDEC26,OPTFUT,JEERAUNJHA-OPTFUT,21634400083222,4896,2386,150,2,3,10,21635200082910,,2026-12-10T00:00:00,18400,3,JEERAUNJHA 10DEC2026 CE 18400,1,1,JEERAUNJHA10DEC26CE18400FDEC26
NCDEX,82858,2,DHANIYA,DHANIYA10DEC26PE17700FDEC26,OPTFUT,DHANIYA-OPTFUT,21634400082858,2609,1388,500,1,5,10,21635200081790,,2026-12-10T00:00:00,17700,4,DHANIYA 10DEC2026 PE 17700,1,1,DHANIYA10DEC26PE17700FDEC26
NCDEX,81598,2,JEERAUNJHA,JEERAUNJHA09SEP26CE28800FSEP26,OPTFUT,JEERAUNJHA-OPTFUT,21625200081598,20,2,150,2,3,1,21626100081459,,2026-09-09T00:00:00,28800,3,JEERAUNJHA 09SEP2026 CE 28800,1,1,JEERAUNJHA09SEP26CE28800FSEP26
NCDEX,82188,2,JEERAUNJHA,JEERAUNJHA09OCT26PE22000FOCT26,OPTFUT,JEERAUNJHA-OPTFUT,21628200082188,2080,350,150,2,3,10,21629200081796,,2026-10-09T00:00:00,22000,4,JEERAUNJHA 09OCT2026 PE 22000,1,1,JEERAUNJHA09OCT26PE22000FOCT26
NCDEX,81885,2,GUARSEED10,GUARSEED1027NOV26PE7400FDEC26,OPTFUT,GUARSEED10-OPTFUT,21633100081885,1466,823,500,0.5,5,1,21635200081793,,2026-11-27T00:00:00,7400,4,GUARSEED10 27NOV2026 PE 7400,1,1,GUARSEED1027NOV26PE7400FDEC26
NCDEX,81621,2,GUARGUM5,GUARGUM530OCT26CE13800FNOV26,OPTFUT,GUARGUM5-OPTFUT,21630300081621,429.5,50.5,250,0.5,5,10,21632400081455,,2026-10-30T00:00:00,13800,3,GUARGUM5 30OCT2026 CE 13800,1,1,GUARGUM530OCT26CE13800FNOV26
NCDEX,82459,2,GUARGUM5,GUARGUM524DEC26PE14800FJAN27,OPTFUT,GUARGUM5-OPTFUT,21635800082459,2322.5,1072.5,250,0.5,5,10,21702000082351,,2026-12-24T00:00:00,14800,4,GUARGUM5 24DEC2026 PE 14800,1,1,GUARGUM524DEC26PE14800FJAN27
NCDEX,82219,2,GUARGUM5,GUARGUM527NOV26CE13000FDEC26,OPTFUT,GUARGUM5-OPTFUT,21633100082219,1013,291,250,0.5,5,10,21635200081792,,2026-11-27T00:00:00,13000,3,GUARGUM5 27NOV2026 CE 13000,1,1,GUARGUM527NOV26CE13000FDEC26
NCDEX,80704,2,GUARSEED10,GUARSEED1028AUG26PE4300FSEP26,OPTFUT,GUARSEED10-OPTFUT,21624000080704,5,0.5,500,0.5,5,1,21626100080559,,2026-08-28T00:00:00,4300,4,GUARSEED10 28AUG2026 PE 4300,1,1,GUARSEED1028AUG26PE4300FSEP26
NCDEX,81150,2,DHANIYA,DHANIYA09OCT26PE10500FOCT26,OPTFUT,DHANIYA-OPTFUT,21628200081150,10,1,500,1,5,1,21629200080896,,2026-10-09T00:00:00,10500,4,DHANIYA 09OCT2026 PE 10500,1,1,DHANIYA09OCT26PE10500FOCT26
NCDEX,82504,2,GUARGUM5,GUARGUM524DEC26CE8400FJAN27,OPTFUT,GUARGUM5-OPTFUT,21635800082504,5575.5,4018.5,250,0.5,5,1,21702000082351,,2026-12-24T00:00:00,8400,3,GUARGUM5 24DEC2026 CE 8400,1,1,GUARGUM524DEC26CE8400FJAN27
NCDEX,81089,2,GUARGUM5,GUARGUM525SEP26CE13000FOCT26,OPTFUT,GUARGUM5-OPTFUT,21626800081089,466,17.5,250,0.5,5,10,21628900080898,,2026-09-25T00:00:00,13000,3,GUARGUM5 25SEP2026 CE 13000,1,1,GUARGUM525SEP26CE13000FOCT26
NCDEX,82674,2,GUARSEED10,GUARSEED1024DEC26PE5700FJAN27,OPTFUT,GUARSEED10-OPTFUT,21635800082674,284,80,500,0.5,5,10,21702000082352,,2026-12-24T00:00:00,5700,4,GUARSEED10 24DEC2026 PE 5700,1,1,GUARSEED1024DEC26PE5700FJAN27
NCDEX,82340,2,DHANIYA,DHANIYA10DEC26PE15500FDEC26,OPTFUT,DHANIYA-OPTFUT,21634400082340,1233,497,500,1,5,10,21635200081790,,2026-12-10T00:00:00,15500,4,DHANIYA 10DEC2026 PE 15500,1,1,DHANIYA10DEC26PE15500FDEC26
NCDEX,81237,2,GUARGUM5,GUARGUM525SEP26CE10600FOCT26,OPTFUT,GUARGUM5-OPTFUT,21626800081237,2268.5,884,250,0.5,5,10,21628900080898,,2026-09-25T00:00:00,10600,3,GUARGUM5 25SEP2026 CE 10600,1,1,GUARGUM525SEP26CE10600FOCT26
NCDEX,81726,2,GUARSEED10,GUARSEED1030OCT26CE6000FNOV26,OPTFUT,GUARSEED10-OPTFUT,21630300081726,775,239,500,0.5,5,10,21632400081456,,2026-10-30T00:00:00,6000,3,GUARSEED10 30OCT2026 CE 6000,1,1,GUARSEED1030OCT26CE6000FNOV26
NCDEX,81443,2,DHANIYA,DHANIYA09OCT26PE14000FOCT26,OPTFUT,DHANIYA-OPTFUT,21628200081443,294,27,500,1,5,10,21629200080896,,2026-10-09T00:00:00,14000,4,DHANIYA 09OCT2026 PE 14000,1,1,DHANIYA09OCT26PE14000FOCT26
NCDEX,82555,2,JEERAUNJHA,JEERAUNJHA12NOV26CE20400FNOV26,OPTFUT,JEERAUNJHA-OPTFUT,21631600082555,2652,654,150,2,3,10,21632400082355,,2026-11-12T00:00:00,20400,3,JEERAUNJHA 12NOV2026 CE 20400,1,1,JEERAUNJHA12NOV26CE20400FNOV26
NCDEX,82191,2,TMCFGRNZM,TMCFGRNZM10DEC26PE19000FDEC26,OPTFUT,TMCFGRNZM-OPTFUT,21634400082191,1689,823,250,1,5,10,21635200081800,,2026-12-10T00:00:00,19000,4,TMCFGRNZM 10DEC2026 PE 19000,1,1,TMCFGRNZM10DEC26PE19000FDEC26
NCDEX,82517,2,GUARSEED10,GUARSEED1024DEC26PE6100FJAN27,OPTFUT,GUARSEED10-OPTFUT,21635800082517,486.5,173.5,500,0.5,5,10,21702000082352,,2026-12-24T00:00:00,6100,4,GUARSEED10 24DEC2026 PE 6100,1,1,GUARSEED1024DEC26PE6100FJAN27
NCDEX,83227,2,GUARGUM5,GUARGUM529JAN27PE11600FFEB27,OPTFUT,GUARGUM5-OPTFUT,21702900083227,476,126,250,0.5,5,10,21705000082905,,2027-01-29T00:00:00,11600,4,GUARGUM5 29JAN2027 PE 11600,1,1,GUARGUM529JAN27PE11600FFEB27
NCDEX,82010,2,GUARGUM5,GUARGUM527NOV26CE15600FDEC26,OPTFUT,GUARGUM5-OPTFUT,21633100082010,219.5,27,250,0.5,5,1,21635200081792,,2026-11-27T00:00:00,15600,3,GUARGUM5 27NOV2026 CE 15600,1,1,GUARGUM527NOV26CE15600FDEC26
NCDEX,82624,2,GUARGUM5,GUARGUM524DEC26CE9200FJAN27,OPTFUT,GUARGUM5-OPTFUT,21635800082624,4796,3241,250,0.5,5,1,21702000082351,,2026-12-24T00:00:00,9200,3,GUARGUM5 24DEC2026 CE 9200,1,1,GUARGUM524DEC26CE9200FJAN27
NCDEX,81093,2,TMCFGRNZM,TMCFGRNZM08OCT26CE17200FOCT26,OPTFUT,TMCFGRNZM-OPTFUT,21628100081093,4946,2626,250,1,5,10,21628900080907,,2026-10-08T00:00:00,17200,3,TMCFGRNZM 08OCT2026 CE 17200,1,1,TMCFGRNZM08OCT26CE17200FOCT26
NCDEX,81209,2,DHANIYA,DHANIYA09OCT26PE10900FOCT26,OPTFUT,DHANIYA-OPTFUT,21628200081209,10,1,500,1,5,1,21629200080896,,2026-10-09T00:00:00,10900,4,DHANIYA 09OCT2026 PE 10900,1,1,DHANIYA09OCT26PE10900FOCT26
NCDEX,81595,2,GUARGUM5,GUARGUM530OCT26CE8000FNOV26,OPTFUT,GUARGUM5-OPTFUT,21630300081595,5000,3543.5,250,0.5,5,1,21632400081455,,2026-10-30T00:00:00,8000,3,GUARGUM5 30OCT2026 CE 8000,1,1,GUARGUM530OCT26CE8000FNOV26
NCDEX,81542,2,JEERAUNJHA,JEERAUNJHA09SEP26PE19200FSEP26,OPTFUT,JEERAUNJHA-OPTFUT,21625200081542,254,2,150,2,3,10,21626100081459,,2026-09-09T00:00:00,19200,4,JEERAUNJHA 09SEP2026 PE 19200,1,1,JEERAUNJHA09SEP26PE19200FSEP26
NCDEX,82683,2,DHANIYA,DHANIYA10DEC26PE16300FDEC26,OPTFUT,DHANIYA-OPTFUT,21634400082683,1677,758,500,1,5,10,21635200081790,,2026-12-10T00:00:00,16300,4,DHANIYA 10DEC2026 PE 16300,1,1,DHANIYA10DEC26PE16300FDEC26
NCDEX,82372,2,DHANIYA,DHANIYA09OCT26CE17100FOCT26,OPTFUT,DHANIYA-OPTFUT,21628200082372,1086,205,500,1,5,10,21629200080896,,2026-10-09T00:00:00,17100,3,DHANIYA 09OCT2026 CE 17100,1,1,DHANIYA09OCT26CE17100FOCT26
NCDEX,83268,2,GUARSEED10,GUARSEED1029JAN27CE6300FFEB27,OPTFUT,GUARSEED10-OPTFUT,21702900083268,620,206,500,0.5,5,10,21705000082907,,2027-01-29T00:00:00,6300,3,GUARSEED10 29JAN2027 CE 6300,1,1,GUARSEED1029JAN27CE6300FFEB27
NCDEX,83154,2,JEERAUNJHA,JEERAUNJHA10DEC26CE26400FDEC26,OPTFUT,JEERAUNJHA-OPTFUT,21634400083154,160,4,150,2,3,10,21635200082910,,2026-12-10T00:00:00,26400,3,JEERAUNJHA 10DEC2026 CE 26400,1,1,JEERAUNJHA10DEC26CE26400FDEC26
NCDEX,80671,2,GUARSEED10,GUARSEED1028AUG26CE4400FSEP26,OPTFUT,GUARSEED10-OPTFUT,21624000080671,2202,1456.5,500,0.5,5,1,21626100080559,,2026-08-28T00:00:00,4400,3,GUARSEED10 28AUG2026 CE 4400,1,1,GUARSEED1028AUG26CE4400FSEP26
NCDEX,80697,2,GUARGUM5,GUARGUM528AUG26PE8000FSEP26,OPTFUT,GUARGUM5-OPTFUT,21624000080697,5,0.5,250,0.5,5,10,21626100080558,,2026-08-28T00:00:00,8000,4,GUARGUM5 28AUG2026 PE 8000,1,1,GUARGUM528AUG26PE8000FSEP26
NCDEX,81930,2,GUARSEED10,GUARSEED1027NOV26CE5500FDEC26,OPTFUT,GUARSEED10-OPTFUT,21633100081930,1211,569,500,0.5,5,10,21635200081793,,2026-11-27T00:00:00,5500,3,GUARSEED10 27NOV2026 CE 5500,1,1,GUARSEED1027NOV26CE5500FDEC26
NCDEX,81563,2,GUARGUM5,GUARGUM530OCT26PE9000FNOV26,OPTFUT,GUARGUM5-OPTFUT,21630300081563,18.5,0.5,250,0.5,5,1,21632400081455,,2026-10-30T00:00:00,9000,4,GUARGUM5 30OCT2026 PE 9000,1,1,GUARGUM530OCT26PE9000FNOV26
NCDEX,82071,2,DHANIYA,DHANIYA10DEC26PE13000FDEC26,OPTFUT,DHANIYA-OPTFUT,21634400082071,327,81,500,1,5,10,21635200081790,,2026-12-10T00:00:00,13000,4,DHANIYA 10DEC2026 PE 13000,1,1,DHANIYA10DEC26PE13000FDEC26
NCDEX,81706,2,GUARGUM5,GUARGUM530OCT26CE13400FNOV26,OPTFUT,GUARGUM5-OPTFUT,21630300081706,572,83.5,250,0.5,5,10,21632400081455,,2026-10-30T00:00:00,13400,3,GUARGUM5 30OCT2026 CE 13400,1,1,GUARGUM530OCT26CE13400FNOV26
NCDEX,80829,2,GUARGUM5,GUARGUM528AUG26PE11400FSEP26,OPTFUT,GUARGUM5-OPTFUT,21624000080829,458.5,0.5,250,0.5,5,10,21626100080558,,2026-08-28T00:00:00,11400,4,GUARGUM5 28AUG2026 PE 11400,1,1,GUARGUM528AUG26PE11400FSEP26
NCDEX,83130,2,JEERAUNJHA,JEERAUNJHA10DEC26PE21200FDEC26,OPTFUT,JEERAUNJHA-OPTFUT,21634400083130,1092,144,150,2,3,10,21635200082910,,2026-12-10T00:00:00,21200,4,JEERAUNJHA 10DEC2026 PE 21200,1,1,JEERAUNJHA10DEC26PE21200FDEC26
NCDEX,83207,2,JEERAUNJHA,JEERAUNJHA10DEC26PE18000FDEC26,OPTFUT,JEERAUNJHA-OPTFUT,21634400083207,80,2,150,2,3,10,21635200082910,,2026-12-10T00:00:00,18000,4,JEERAUNJHA 10DEC2026 PE 18000,1,1,JEERAUNJHA10DEC26PE18000FDEC26
NCDEX,82999,2,GUARGUM5,GUARGUM529JAN27CE11400FFEB27,OPTFUT,GUARGUM5-OPTFUT,21702900082999,2762,1437,250,0.5,5,10,21705000082905,,2027-01-29T00:00:00,11400,3,GUARGUM5 29JAN2027 CE 11400,1,1,GUARGUM529JAN27CE11400FFEB27
NCDEX,81940,2,DHANIYA,DHANIYA10DEC26CE12900FDEC26,OPTFUT,DHANIYA-OPTFUT,21634400081940,4793,2975,500,1,5,10,21635200081790,,2026-12-10T00:00:00,12900,3,DHANIYA 10DEC2026 CE 12900,1,1,DHANIYA10DEC26CE12900FDEC26
NCDEX,82731,2,DHANIYA,DHANIYA10DEC26CE17400FDEC26,OPTFUT,DHANIYA-OPTFUT,21634400082731,1640,628,500,1,5,10,21635200081790,,2026-12-10T00:00:00,17400,3,DHANIYA 10DEC2026 CE 17400,1,1,DHANIYA10DEC26CE17400FDEC26
NCDEX,81447,2,DHANIYA,DHANIYA09OCT26CE14200FOCT26,OPTFUT,DHANIYA-OPTFUT,21628200081447,3209,1454,500,1,5,10,21629200080896,,2026-10-09T00:00:00,14200,3,DHANIYA 09OCT2026 CE 14200,1,1,DHANIYA09OCT26CE14200FOCT26
NCDEX,81731,2,GUARSEED10,GUARSEED1030OCT26CE4600FNOV26,OPTFUT,GUARSEED10-OPTFUT,21630300081731,2064,1321.5,500,0.5,5,1,21632400081456,,2026-10-30T00:00:00,4600,3,GUARSEED10 30OCT2026 CE 4600,1,1,GUARSEED1030OCT26CE4600FNOV26
NCDEX,83006,2,GUARSEED10,GUARSEED1029JAN27CE5100FFEB27,OPTFUT,GUARSEED10-OPTFUT,21702900083006,1556.5,874,500,0.5,5,1,21705000082907,,2027-01-29T00:00:00,5100,3,GUARSEED10 29JAN2027 CE 5100,1,1,GUARSEED1029JAN27CE5100FFEB27
NCDEX,82836,2,TMCFGRNZM,TMCFGRNZM10DEC26PE23000FDEC26,OPTFUT,TMCFGRNZM-OPTFUT,21634400082836,4193,2622,250,1,5,10,21635200081800,,2026-12-10T00:00:00,23000,4,TMCFGRNZM 10DEC2026 PE 23000,1,1,TMCFGRNZM10DEC26PE23000FDEC26
NCDEX,82678,2,DHANIYA,DHANIYA10DEC26PE16000FDEC26,OPTFUT,DHANIYA-OPTFUT,21634400082678,1502,652,500,1,5,10,21635200081790,,2026-12-10T00:00:00,16000,4,DHANIYA 10DEC2026 PE 16000,1,1,DHANIYA10DEC26PE16000FDEC26
NCDEX,81535,2,GUARGUM5,GUARGUM530OCT26PE9600FNOV26,OPTFUT,GUARGUM5-OPTFUT,21630300081535,58,2.5,250,0.5,5,10,21632400081455,,2026-10-30T00:00:00,9600,4,GUARGUM5 30OCT2026 PE 9600,1,1,GUARGUM530OCT26PE9600FNOV26
NCDEX,81719,2,JEERAUNJHA,JEERAUNJHA09SEP26CE24800FSEP26,OPTFUT,JEERAUNJHA-OPTFUT,21625200081719,20,2,150,2,3,10,21626100081459,,2026-09-09T00:00:00,24800,3,JEERAUNJHA 09SEP2026 CE 24800,1,1,JEERAUNJHA09SEP26CE24800FSEP26
NCDEX,83081,2,JEERAUNJHA,JEERAUNJHA10DEC26PE17200FDEC26,OPTFUT,JEERAUNJHA-OPTFUT,21634400083081,28,2,150,2,3,1,21635200082910,,2026-12-10T00:00:00,17200,4,JEERAUNJHA 10DEC2026 PE 17200,1,1,JEERAUNJHA10DEC26PE17200FDEC26
NCDEX,82298,2,DHANIYA,DHANIYA09OCT26PE16200FOCT26,OPTFUT,DHANIYA-OPTFUT,21628200082298,1316,346,500,1,5,10,21629200080896,,2026-10-09T00:00:00,16200,4,DHANIYA 09OCT2026 PE 16200,1,1,DHANIYA09OCT26PE16200FOCT26
NCDEX,80720,2,GUARSEED10,GUARSEED1028AUG26PE6400FSEP26,OPTFUT,GUARSEED10-OPTFUT,21624000080720,564.5,20,500,0.5,5,10,21626100080559,,2026-08-28T00:00:00,6400,4,GUARSEED10 28AUG2026 PE 6400,1,1,GUARSEED1028AUG26PE6400FSEP26
NCDEX,82209,2,TMCFGRNZM,TMCFGRNZM10DEC26CE14200FDEC26,OPTFUT,TMCFGRNZM-OPTFUT,21634400082209,7923,5565,250,1,5,1,21635200081800,,2026-12-10T00:00:00,14200,3,TMCFGRNZM 10DEC2026 CE 14200,1,1,TMCFGRNZM10DEC26CE14200FDEC26
NCDEX,81901,2,GUARGUM5,GUARGUM527NOV26CE15200FDEC26,OPTFUT,GUARGUM5-OPTFUT,21633100081901,285.5,40.5,250,0.5,5,1,21635200081792,,2026-11-27T00:00:00,15200,3,GUARGUM5 27NOV2026 CE 15200,1,1,GUARGUM527NOV26CE15200FDEC26
NCDEX,80832,2,GUARGUM5,GUARGUM528AUG26PE11600FSEP26,OPTFUT,GUARGUM5-OPTFUT,21624000080832,583.5,1,250,0.5,5,10,21626100080558,,2026-08-28T00:00:00,11600,4,GUARGUM5 28AUG2026 PE 11600,1,1,GUARGUM528AUG26PE11600FSEP26
NCDEX,81042,2,TMCFGRNZM,TMCFGRNZM08OCT26CE15400FOCT26,OPTFUT,TMCFGRNZM-OPTFUT,21628100081042,6661,4213,250,1,5,10,21628900080907,,2026-10-08T00:00:00,15400,3,TMCFGRNZM 08OCT2026 CE 15400,1,1,TMCFGRNZM08OCT26CE15400FOCT26
NCDEX,83195,2,JEERAUNJHA,JEERAUNJHA10DEC26CE20400FDEC26,OPTFUT,JEERAUNJHA-OPTFUT,21634400083195,3034,928,150,2,3,10,21635200082910,,2026-12-10T00:00:00,20400,3,JEERAUNJHA 10DEC2026 CE 20400,1,1,JEERAUNJHA10DEC26CE20400FDEC26
NCDEX,81292,2,GUARGUM5,GUARGUM525SEP26PE8400FOCT26,OPTFUT,GUARGUM5-OPTFUT,21626800081292,5,0.5,250,0.5,5,1,21628900080898,,2026-09-25T00:00:00,8400,4,GUARGUM5 25SEP2026 PE 8400,1,1,GUARGUM525SEP26PE8400FOCT26
NCDEX,82221,2,GUARSEED10,GUARSEED1027NOV26CE5900FDEC26,OPTFUT,GUARSEED10-OPTFUT,21633100082221,883,337.5,500,0.5,5,10,21635200081793,,2026-11-27T00:00:00,5900,3,GUARSEED10 27NOV2026 CE 5900,1,1,GUARSEED1027NOV26CE5900FDEC26
NCDEX,83172,2,GUARGUM5,GUARGUM529JAN27CE15400FFEB27,OPTFUT,GUARGUM5-OPTFUT,21702900083172,534.5,120.5,250,0.5,5,10,21705000082905,,2027-01-29T00:00:00,15400,3,GUARGUM5 29JAN2027 CE 15400,1,1,GUARGUM529JAN27CE15400FFEB27
NCDEX,83080,2,DHANIYA,DHANIYA12JAN27CE16200FJAN27,OPTFUT,DHANIYA-OPTFUT,21701200083080,2237,1064,500,1,5,10,21702000082903,,2027-01-12T00:00:00,16200,3,DHANIYA 12JAN2027 CE 16200,1,1,DHANIYA12JAN27CE16200FJAN27
NCDEX,82514,2,JEERAUNJHA,JEERAUNJHA12NOV26PE23600FNOV26,OPTFUT,JEERAUNJHA-OPTFUT,21631600082514,3222,1096,150,2,3,10,21632400082355,,2026-11-12T00:00:00,23600,4,JEERAUNJHA 12NOV2026 PE 23600,1,1,JEERAUNJHA12NOV26PE23600FNOV26
NCDEX,81882,2,JEERAUNJHA,JEERAUNJHA09OCT26PE12400FOCT26,OPTFUT,JEERAUNJHA-OPTFUT,21628200081882,20,2,150,2,3,1,21629200081796,,2026-10-09T00:00:00,12400,4,JEERAUNJHA 09OCT2026 PE 12400,1,1,JEERAUNJHA09OCT26PE12400FOCT26
NCDEX,83133,2,GUARSEED10,GUARSEED1029JAN27CE7100FFEB27,OPTFUT,GUARSEED10-OPTFUT,21702900083133,258.5,54,500,0.5,5,10,21705000082907,,2027-01-29T00:00:00,7100,3,GUARSEED10 29JAN2027 CE 7100,1,1,GUARSEED1029JAN27CE7100FFEB27
NCDEX,81056,2,TMCFGRNZM,TMCFGRNZM08OCT26PE13200FOCT26,OPTFUT,TMCFGRNZM-OPTFUT,21628100081056,10,1,250,1,5,1,21628900080907,,2026-10-08T00:00:00,13200,4,TMCFGRNZM 08OCT2026 PE 13200,1,1,TMCFGRNZM08OCT26PE13200FOCT26
NCDEX,81691,2,JEERAUNJHA,JEERAUNJHA09SEP26CE15200FSEP26,OPTFUT,JEERAUNJHA-OPTFUT,21625200081691,6912,4426,150,2,3,10,21626100081459,,2026-09-09T00:00:00,15200,3,JEERAUNJHA 09SEP2026 CE 15200,1,1,JEERAUNJHA09SEP26CE15200FSEP26
NCDEX,81219,2,GUARSEED10,GUARSEED1025SEP26CE6900FOCT26,OPTFUT,GUARSEED10-OPTFUT,21626800081219,184,5.5,500,0.5,5,10,21628900080899,,2026-09-25T00:00:00,6900,3,GUARSEED10 25SEP2026 CE 6900,1,1,GUARSEED1025SEP26CE6900FOCT26
NCDEX,83257,2,GUARGUM5,GUARGUM529JAN27CE13400FFEB27,OPTFUT,GUARGUM5-OPTFUT,21702900083257,1355.5,485.5,250,0.5,5,10,21705000082905,,2027-01-29T00:00:00,13400,3,GUARGUM5 29JAN2027 CE 13400,1,1,GUARGUM529JAN27CE13400FFEB27
NCDEX,83039,2,GUARSEED10,GUARSEED1029JAN27CE7300FFEB27,OPTFUT,GUARSEED10-OPTFUT,21702900083039,201.5,37,500,0.5,5,1,21705000082907,,2027-01-29T00:00:00,7300,3,GUARSEED10 29JAN2027 CE 7300,1,1,GUARSEED1029JAN27CE7300FFEB27
NCDEX,81544,2,GUARSEED10,GUARSEED1030OCT26PE7400FNOV26,OPTFUT,GUARSEED10-OPTFUT,21630300081544,1458.5,780.5,500,0.5,5,1,21632400081456,,2026-10-30T00:00:00,7400,4,GUARSEED10 30OCT2026 PE 7400,1,1,GUARSEED1030OCT26PE7400FNOV26
NCDEX,82877,2,DHANIYA,DHANIYA10DEC26CE18300FDEC26,OPTFUT,DHANIYA-OPTFUT,21634400082877,1252,425,500,1,5,10,21635200081790,,2026-12-10T00:00:00,18300,3,DHANIYA 10DEC2026 CE 18300,1,1,DHANIYA10DEC26CE18300FDEC26
NCDEX,83074,2,GUARSEED10,GUARSEED1029JAN27PE5200FFEB27,OPTFUT,GUARSEED10-OPTFUT,21702900083074,99,16.5,500,0.5,5,1,21705000082907,,2027-01-29T00:00:00,5200,4,GUARSEED10 29JAN2027 PE 5200,1,1,GUARSEED1029JAN27PE5200FFEB27
NCDEX,81880,2,GUARSEED10,GUARSEED1027NOV26CE6800FDEC26,OPTFUT,GUARSEED10-OPTFUT,21633100081880,349,74,500,0.5,5,10,21635200081793,,2026-11-27T00:00:00,6800,3,GUARSEED10 27NOV2026 CE 6800,1,1,GUARSEED1027NOV26CE6800FDEC26
NCDEX,82097,2,DHANIYA,DHANIYA10DEC26CE13900FDEC26,OPTFUT,DHANIYA-OPTFUT,21634400082097,3936,2240,500,1,5,10,21635200081790,,2026-12-10T00:00:00,13900,3,DHANIYA 10DEC2026 CE 13900,1,1,DHANIYA10DEC26CE13900FDEC26
NCDEX,82518,2,GUARGUM5,GUARGUM524DEC26CE10800FJAN27,OPTFUT,GUARGUM5-OPTFUT,21635800082518,3253,1756.5,250,0.5,5,10,21702000082351,,2026-12-24T00:00:00,10800,3,GUARGUM5 24DEC2026 CE 10800,1,1,GUARGUM524DEC26CE10800FJAN27
NCDEX,81733,2,JEERAUNJHA,JEERAUNJHA09SEP26PE14000FSEP26,OPTFUT,JEERAUNJHA-OPTFUT,21625200081733,20,2,150,2,3,1,21626100081459,,2026-09-09T00:00:00,14000,4,JEERAUNJHA 09SEP2026 PE 14000,1,1,JEERAUNJHA09SEP26PE14000FSEP26
NCDEX,82772,2,TMCFGRNZM,TMCFGRNZM08OCT26CE20800FOCT26,OPTFUT,TMCFGRNZM-OPTFUT,21628100082772,2117,622,250,1,5,10,21628900080907,,2026-10-08T00:00:00,20800,3,TMCFGRNZM 08OCT2026 CE 20800,1,1,TMCFGRNZM08OCT26CE20800FOCT26
NCDEX,82698,2,TMCFGRNZM,TMCFGRNZM10DEC26PE20200FDEC26,OPTFUT,TMCFGRNZM-OPTFUT,21634400082698,2329,1240,250,1,5,10,21635200081800,,2026-12-10T00:00:00,20200,4,TMCFGRNZM 10DEC2026 PE 20200,1,1,TMCFGRNZM10DEC26PE20200FDEC26
NCDEX,82614,2,JEERAUNJHA,JEERAUNJHA12NOV26PE26000FNOV26,OPTFUT,JEERAUNJHA-OPTFUT,21631600082614,5526,3026,150,2,3,10,21632400082355,,2026-11-12T00:00:00,26000,4,JEERAUNJHA 12NOV2026 PE 26000,1,1,JEERAUNJHA12NOV26PE26000FNOV26
NCDEX,82198,2,GUARGUM5,GUARGUM527NOV26PE15600FDEC26,OPTFUT,GUARGUM5-OPTFUT,21633100082198,3802,2447,250,0.5,5,1,21635200081792,,2026-11-27T00:00:00,15600,4,GUARGUM5 27NOV2026 PE 15600,1,1,GUARGUM527NOV26PE15600FDEC26
NCDEX,81131,2,GUARGUM5,GUARGUM525SEP26PE12800FOCT26,OPTFUT,GUARGUM5-OPTFUT,21626800081131,1456.5,354.5,250,0.5,5,10,21628900080898,,2026-09-25T00:00:00,12800,4,GUARGUM5 25SEP2026 PE 12800,1,1,GUARGUM525SEP26PE12800FOCT26
NCDEX,80847,2,GUARGUM5,GUARGUM528AUG26CE7000FSEP26,OPTFUT,GUARGUM5-OPTFUT,21624000080847,5658.5,4228.5,250,0.5,5,1,21626100080558,,2026-08-28T00:00:00,7000,3,GUARGUM5 28AUG2026 CE 7000,1,1,GUARGUM528AUG26CE7000FSEP26
NCDEX,81444,2,DHANIYA,DHANIYA09OCT26CE13800FOCT26,OPTFUT,DHANIYA-OPTFUT,21628200081444,3578,1758,500,1,5,10,21629200080896,,2026-10-09T00:00:00,13800,3,DHANIYA 09OCT2026 CE 13800,1,1,DHANIYA09OCT26CE13800FOCT26
NCDEX,80638,2,GUARSEED10,GUARSEED1028AUG26CE6000FSEP26,OPTFUT,GUARSEED10-OPTFUT,21624000080638,627.5,28.5,500,0.5,5,10,21626100080559,,2026-08-28T00:00:00,6000,3,GUARSEED10 28AUG2026 CE 6000,1,1,GUARSEED1028AUG26CE6000FSEP26
NCDEX,81711,2,JEERAUNJHA,JEERAUNJHA09SEP26PE24000FSEP26,OPTFUT,JEERAUNJHA-OPTFUT,21625200081711,4334,1848,150,2,3,10,21626100081459,,2026-09-09T00:00:00,24000,4,JEERAUNJHA 09SEP2026 PE 24000,1,1,JEERAUNJHA09SEP26PE24000FSEP26
NCDEX,81436,2,DHANIYA,DHANIYA09OCT26CE13600FOCT26,OPTFUT,DHANIYA-OPTFUT,21628200081436,3765,1921,500,1,5,10,21629200080896,,2026-10-09T00:00:00,13600,3,DHANIYA 09OCT2026 CE 13600,1,1,DHANIYA09OCT26CE13600FOCT26
NCDEX,82782,2,TMCFGRNZM,TMCFGRNZM08OCT26CE21800FOCT26,OPTFUT,TMCFGRNZM-OPTFUT,21628100082782,1563,369,250,1,5,10,21628900080907,,2026-10-08T00:00:00,21800,3,TMCFGRNZM 08OCT2026 CE 21800,1,1,TMCFGRNZM08OCT26CE21800FOCT26
NCDEX,81533,2,GUARGUM5,GUARGUM530OCT26PE13400FNOV26,OPTFUT,GUARGUM5-OPTFUT,21630300081533,1912.5,804,250,0.5,5,10,21632400081455,,2026-10-30T00:00:00,13400,4,GUARGUM5 30OCT2026 PE 13400,1,1,GUARGUM530OCT26PE13400FNOV26
NCDEX,82092,2,DHANIYA,DHANIYA10DEC26CE12200FDEC26,OPTFUT,DHANIYA-OPTFUT,21634400082092,5428,3553,500,1,5,10,21635200081790,,2026-12-10T00:00:00,12200,3,DHANIYA 10DEC2026 CE 12200,1,1,DHANIYA10DEC26CE12200FDEC26
NCDEX,82485,2,GUARSEED10,GUARSEED1024DEC26CE5600FJAN27,OPTFUT,GUARSEED10-OPTFUT,21635800082485,1145,546.5,500,0.5,5,10,21702000082352,,2026-12-24T00:00:00,5600,3,GUARSEED10 24DEC2026 CE 5600,1,1,GUARSEED1024DEC26CE5600FJAN27
NCDEX,82251,2,TMCFGRNZM,TMCFGRNZM08OCT26CE18800FOCT26,OPTFUT,TMCFGRNZM-OPTFUT,21628100082251,3551,1509,250,1,5,10,21628900080907,,2026-10-08T00:00:00,18800,3,TMCFGRNZM 08OCT2026 CE 18800,1,1,TMCFGRNZM08OCT26CE18800FOCT26
NCDEX,81707,2,GUARGUM5,GUARGUM530OCT26CE13600FNOV26,OPTFUT,GUARGUM5-OPTFUT,21630300081707,497,65,250,0.5,5,10,21632400081455,,2026-10-30T00:00:00,13600,3,GUARGUM5 30OCT2026 CE 13600,1,1,GUARGUM530OCT26CE13600FNOV26
NCDEX,81590,2,JEERAUNJHA,JEERAUNJHA09SEP26CE14400FSEP26,OPTFUT,JEERAUNJHA-OPTFUT,21625200081590,7708,5222,150,2,3,1,21626100081459,,2026-09-09T00:00:00,14400,3,JEERAUNJHA 09SEP2026 CE 14400,1,1,JEERAUNJHA09SEP26CE14400FSEP26
NCDEX,82045,2,JEERAUNJHA,JEERAUNJHA09OCT26CE18400FOCT26,OPTFUT,JEERAUNJHA-OPTFUT,21628200082045,4126,1662,150,2,3,10,21629200081796,,2026-10-09T00:00:00,18400,3,JEERAUNJHA 09OCT2026 CE 18400,1,1,JEERAUNJHA09OCT26CE18400FOCT26
NCDEX,83063,2,GUARSEED10,GUARSEED1029JAN27CE7700FFEB27,OPTFUT,GUARSEED10-OPTFUT,21702900083063,117.5,17,500,0.5,5,1,21705000082907,,2027-01-29T00:00:00,7700,3,GUARSEED10 29JAN2027 CE 7700,1,1,GUARSEED1029JAN27CE7700FFEB27
NCDEX,81879,2,GUARGUM5,GUARGUM527NOV26CE11000FDEC26,OPTFUT,GUARGUM5-OPTFUT,21633100081879,2364,1126,250,0.5,5,10,21635200081792,,2026-11-27T00:00:00,11000,3,GUARGUM5 27NOV2026 CE 11000,1,1,GUARGUM527NOV26CE11000FDEC26
NCDEX,82369,2,DHANIYA,DHANIYA09OCT26PE17100FOCT26,OPTFUT,DHANIYA-OPTFUT,21628200082369,1970,689,500,1,5,10,21629200080896,,2026-10-09T00:00:00,17100,4,DHANIYA 09OCT2026 PE 17100,1,1,DHANIYA09OCT26PE17100FOCT26
NCDEX,83243,2,GUARGUM5,GUARGUM529JAN27PE13400FFEB27,OPTFUT,GUARGUM5-OPTFUT,21702900083243,1398,589.5,250,0.5,5,10,21705000082905,,2027-01-29T00:00:00,13400,4,GUARGUM5 29JAN2027 PE 13400,1,1,GUARGUM529JAN27PE13400FFEB27
NCDEX,82123,2,GUARSEED10,GUARSEED1027NOV26CE5000FDEC26,OPTFUT,GUARSEED10-OPTFUT,21633100082123,1668.5,956.5,500,0.5,5,1,21635200081793,,2026-11-27T00:00:00,5000,3,GUARSEED10 27NOV2026 CE 5000,1,1,GUARSEED1027NOV26CE5000FDEC26
NCDEX,82563,2,GUARSEED10,GUARSEED1024DEC26CE7400FJAN27,OPTFUT,GUARSEED10-OPTFUT,21635800082563,204,40,500,0.5,5,10,21702000082352,,2026-12-24T00:00:00,7400,3,GUARSEED10 24DEC2026 CE 7400,1,1,GUARSEED1024DEC26CE7400FJAN27
NCDEX,81926,2,GUARGUM5,GUARGUM527NOV26PE14800FDEC26,OPTFUT,GUARGUM5-OPTFUT,21633100081926,3062,1796,250,0.5,5,10,21635200081792,,2026-11-27T00:00:00,14800,4,GUARGUM5 27NOV2026 PE 14800,1,1,GUARGUM527NOV26PE14800FDEC26
NCDEX,81318,2,TMCFGRNZM,TMCFGRNZM08OCT26CE14800FOCT26,OPTFUT,TMCFGRNZM-OPTFUT,21628100081318,7248,4786,250,1,5,10,21628900080907,,2026-10-08T00:00:00,14800,3,TMCFGRNZM 08OCT2026 CE 14800,1,1,TMCFGRNZM08OCT26CE14800FOCT26
NCDEX,82626,2,TMCFGRNZM,TMCFGRNZM10DEC26CE19400FDEC26,OPTFUT,TMCFGRNZM-OPTFUT,21634400082626,3808,2066,250,1,5,10,21635200081800,,2026-12-10T00:00:00,19400,3,TMCFGRNZM 10DEC2026 CE 19400,1,1,TMCFGRNZM10DEC26CE19400FDEC26
NCDEX,81138,2,GUARGUM5,GUARGUM525SEP26PE8200FOCT26,OPTFUT,GUARGUM5-OPTFUT,21626800081138,5,0.5,250,0.5,5,1,21628900080898,,2026-09-25T00:00:00,8200,4,GUARGUM5 25SEP2026 PE 8200,1,1,GUARGUM525SEP26PE8200FOCT26
NCDEX,81957,2,GUARGUM5,GUARGUM527NOV26CE14000FDEC26,OPTFUT,GUARGUM5-OPTFUT,21633100081957,594,125.5,250,0.5,5,10,21635200081792,,2026-11-27T00:00:00,14000,3,GUARGUM5 27NOV2026 CE 14000,1,1,GUARGUM527NOV26CE14000FDEC26
NCDEX,81017,2,TMCFGRNZM,TMCFGRNZM08OCT26CE16000FOCT26,OPTFUT,TMCFGRNZM-OPTFUT,21628100081017,6079,3657,250,1,5,10,21628900080907,,2026-10-08T00:00:00,16000,3,TMCFGRNZM 08OCT2026 CE 16000,1,1,TMCFGRNZM08OCT26CE16000FOCT26
NCDEX,83266,2,GUARGUM5,GUARGUM529JAN27PE16800FFEB27,OPTFUT,GUARGUM5-OPTFUT,21702900083266,4193,2788,250,0.5,5,1,21705000082905,,2027-01-29T00:00:00,16800,4,GUARGUM5 29JAN2027 PE 16800,1,1,GUARGUM529JAN27PE16800FFEB27
NCDEX,83181,2,GUARSEED10,GUARSEED1029JAN27CE5900FFEB27,OPTFUT,GUARSEED10-OPTFUT,21702900083181,887,360.5,500,0.5,5,10,21705000082907,,2027-01-29T00:00:00,5900,3,GUARSEED10 29JAN2027 CE 5900,1,1,GUARSEED1029JAN27CE5900FFEB27
NCDEX,80777,2,GUARGUM5,GUARGUM528AUG26PE13400FSEP26,OPTFUT,GUARGUM5-OPTFUT,21624000080777,2161.5,736.5,250,0.5,5,10,21626100080558,,2026-08-28T00:00:00,13400,4,GUARGUM5 28AUG2026 PE 13400,1,1,GUARGUM528AUG26PE13400FSEP26
NCDEX,81296,2,DHANIYA,DHANIYA09OCT26CE10500FOCT26,OPTFUT,DHANIYA-OPTFUT,21628200081296,6801,4858,500,1,5,1,21629200080896,,2026-10-09T00:00:00,10500,3,DHANIYA 09OCT2026 CE 10500,1,1,DHANIYA09OCT26CE10500FOCT26
NCDEX,80679,2,GUARSEED10,GUARSEED1028AUG26CE6400FSEP26,OPTFUT,GUARSEED10-OPTFUT,21624000080679,313,0.5,500,0.5,5,10,21626100080559,,2026-08-28T00:00:00,6400,3,GUARSEED10 28AUG2026 CE 6400,1,1,GUARSEED1028AUG26CE6400FSEP26
NCDEX,81012,2,GUARSEED10,GUARSEED1025SEP26CE6800FOCT26,OPTFUT,GUARSEED10-OPTFUT,21626800081012,222.5,8.5,500,0.5,5,10,21628900080899,,2026-09-25T00:00:00,6800,3,GUARSEED10 25SEP2026 CE 6800,1,1,GUARSEED1025SEP26CE6800FOCT26
NCDEX,83070,2,JEERAUNJHA,JEERAUNJHA10DEC26PE22000FDEC26,OPTFUT,JEERAUNJHA-OPTFUT,21634400083070,1612,306,150,2,3,10,21635200082910,,2026-12-10T00:00:00,22000,4,JEERAUNJHA 10DEC2026 PE 22000,1,1,JEERAUNJHA10DEC26PE22000FDEC26
NCDEX,82265,2,TMCFGRNZM,TMCFGRNZM08OCT26CE19000FOCT26,OPTFUT,TMCFGRNZM-OPTFUT,21628100082265,3390,1394,250,1,5,10,21628900080907,,2026-10-08T00:00:00,19000,3,TMCFGRNZM 08OCT2026 CE 19000,1,1,TMCFGRNZM08OCT26CE19000FOCT26
NCDEX,82100,2,JEERAUNJHA,JEERAUNJHA09OCT26CE27200FOCT26,OPTFUT,JEERAUNJHA-OPTFUT,21628200082100,20,2,150,2,3,1,21629200081796,,2026-10-09T00:00:00,27200,3,JEERAUNJHA 09OCT2026 CE 27200,1,1,JEERAUNJHA09OCT26CE27200FOCT26
NCDEX,83180,2,JEERAUNJHA,JEERAUNJHA10DEC26PE29600FDEC26,OPTFUT,JEERAUNJHA-OPTFUT,21634400083180,8642,6066,150,2,3,1,21635200082910,,2026-12-10T00:00:00,29600,4,JEERAUNJHA 10DEC2026 PE 29600,1,1,JEERAUNJHA10DEC26PE29600FDEC26
NCDEX,82878,2,DHANIYA,DHANIYA10DEC26PE18400FDEC26,OPTFUT,DHANIYA-OPTFUT,21634400082878,3138,1784,500,1,5,10,21635200081790,,2026-12-10T00:00:00,18400,4,DHANIYA 10DEC2026 PE 18400,1,1,DHANIYA10DEC26PE18400FDEC26
NCDEX,80855,2,GUARSEED10,GUARSEED1028AUG26CE4500FSEP26,OPTFUT,GUARSEED10-OPTFUT,21624000080855,2102.5,1357,500,0.5,5,1,21626100080559,,2026-08-28T00:00:00,4500,3,GUARSEED10 28AUG2026 CE 4500,1,1,GUARSEED1028AUG26CE4500FSEP26
NCDEX,83019,2,JEERAUNJHA,JEERAUNJHA10DEC26CE27600FDEC26,OPTFUT,JEERAUNJHA-OPTFUT,21634400083019,64,2,150,2,3,1,21635200082910,,2026-12-10T00:00:00,27600,3,JEERAUNJHA 10DEC2026 CE 27600,1,1,JEERAUNJHA10DEC26CE27600FDEC26
NCDEX,83282,2,GUARGUM5,GUARGUM529JAN27CE10400FFEB27,OPTFUT,GUARGUM5-OPTFUT,21702900083282,3637,2179,250,0.5,5,1,21705000082905,,2027-01-29T00:00:00,10400,3,GUARGUM5 29JAN2027 CE 10400,1,1,GUARGUM529JAN27CE10400FFEB27
NCDEX,81260,2,GUARGUM5,GUARGUM525SEP26CE8400FOCT26,OPTFUT,GUARGUM5-OPTFUT,21626800081260,4438.5,2994,250,0.5,5,1,21628900080898,,2026-09-25T00:00:00,8400,3,GUARGUM5 25SEP2026 CE 8400,1,1,GUARGUM525SEP26CE8400FOCT26
NCDEX,81717,2,JEERAUNJHA,JEERAUNJHA09SEP26CE14000FSEP26,OPTFUT,JEERAUNJHA-OPTFUT,21625200081717,8106,5620,150,2,3,1,21626100081459,,2026-09-09T00:00:00,14000,3,JEERAUNJHA 09SEP2026 CE 14000,1,1,JEERAUNJHA09SEP26CE14000FSEP26
NCDEX,83301,2,DHANIYA,DHANIYA12JAN27CE15700FJAN27,OPTFUT,DHANIYA-OPTFUT,21701200083301,2521,1256,500,1,5,1,21702000082903,,2027-01-12T00:00:00,15700,3,DHANIYA 12JAN2027 CE 15700,1,1,DHANIYA12JAN27CE15700FJAN27
NCDEX,82657,2,JEERAUNJHA,JEERAUNJHA12NOV26CE23600FNOV26,OPTFUT,JEERAUNJHA-OPTFUT,21631600082657,618,28,150,2,3,10,21632400082355,,2026-11-12T00:00:00,23600,3,JEERAUNJHA 12NOV2026 CE 23600,1,1,JEERAUNJHA12NOV26CE23600FNOV26
NCDEX,82531,2,GUARGUM5,GUARGUM524DEC26CE11000FJAN27,OPTFUT,GUARGUM5-OPTFUT,21635800082531,3065,1589.5,250,0.5,5,10,21702000082351,,2026-12-24T00:00:00,11000,3,GUARGUM5 24DEC2026 CE 11000,1,1,GUARGUM524DEC26CE11000FJAN27
NCDEX,82452,2,JEERAUNJHA,JEERAUNJHA12NOV26CE23200FNOV26,OPTFUT,JEERAUNJHA-OPTFUT,21631600082452,778,46,150,2,3,10,21632400082355,,2026-11-12T00:00:00,23200,3,JEERAUNJHA 12NOV2026 CE 23200,1,1,JEERAUNJHA12NOV26CE23200FNOV26
NCDEX,83073,2,JEERAUNJHA,JEERAUNJHA10DEC26CE30000FDEC26,OPTFUT,JEERAUNJHA-OPTFUT,21634400083073,20,2,150,2,3,1,21635200082910,,2026-12-10T00:00:00,30000,3,JEERAUNJHA 10DEC2026 CE 30000,1,1,JEERAUNJHA10DEC26CE30000FDEC26
NCDEX,82263,2,DHANIYA,DHANIYA09OCT26PE15600FOCT26,OPTFUT,DHANIYA-OPTFUT,21628200082263,950,198,500,1,5,10,21629200080896,,2026-10-09T00:00:00,15600,4,DHANIYA 09OCT2026 PE 15600,1,1,DHANIYA09OCT26PE15600FOCT26
NCDEX,82660,2,GUARGUM5,GUARGUM524DEC26CE14800FJAN27,OPTFUT,GUARGUM5-OPTFUT,21635800082660,492.5,65.5,250,0.5,5,10,21702000082351,,2026-12-24T00:00:00,14800,3,GUARGUM5 24DEC2026 CE 14800,1,1,GUARGUM524DEC26CE14800FJAN27
NCDEX,82538,2,GUARGUM5,GUARGUM524DEC26CE13400FJAN27,OPTFUT,GUARGUM5-OPTFUT,21635800082538,1145,283.5,250,0.5,5,10,21702000082351,,2026-12-24T00:00:00,13400,3,GUARGUM5 24DEC2026 CE 13400,1,1,GUARGUM524DEC26CE13400FJAN27
NCDEX,82195,2,GUARGUM5,GUARGUM527NOV26PE13000FDEC26,OPTFUT,GUARGUM5-OPTFUT,21633100082195,1563.5,663.5,250,0.5,5,10,21635200081792,,2026-11-27T00:00:00,13000,4,GUARGUM5 27NOV2026 PE 13000,1,1,GUARGUM527NOV26PE13000FDEC26
NCDEX,81954,2,GUARGUM5,GUARGUM527NOV26PE12400FDEC26,OPTFUT,GUARGUM5-OPTFUT,21633100081954,1150.5,418,250,0.5,5,10,21635200081792,,2026-11-27T00:00:00,12400,4,GUARGUM5 27NOV2026 PE 12400,1,1,GUARGUM527NOV26PE12400FDEC26
NCDEX,83136,2,GUARGUM5,GUARGUM529JAN27PE10600FFEB27,OPTFUT,GUARGUM5-OPTFUT,21702900083136,199,37,250,0.5,5,1,21705000082905,,2027-01-29T00:00:00,10600,4,GUARGUM5 29JAN2027 PE 10600,1,1,GUARGUM529JAN27PE10600FFEB27
NCDEX,82714,2,TMCFGRNZM,TMCFGRNZM08OCT26CE19800FOCT26,OPTFUT,TMCFGRNZM-OPTFUT,21628100082714,2783,995,250,1,5,10,21628900080907,,2026-10-08T00:00:00,19800,3,TMCFGRNZM 08OCT2026 CE 19800,1,1,TMCFGRNZM08OCT26CE19800FOCT26
NCDEX,82051,2,DHANIYA,DHANIYA10DEC26CE12700FDEC26,OPTFUT,DHANIYA-OPTFUT,21634400082051,4972,3136,500,1,5,10,21635200081790,,2026-12-10T00:00:00,12700,3,DHANIYA 10DEC2026 CE 12700,1,1,DHANIYA10DEC26CE12700FDEC26
NCDEX,81992,2,TMCFGRNZM,TMCFGRNZM10DEC26PE17200FDEC26,OPTFUT,TMCFGRNZM-OPTFUT,21634400081992,937,388,250,1,5,10,21635200081800,,2026-12-10T00:00:00,17200,4,TMCFGRNZM 10DEC2026 PE 17200,1,1,TMCFGRNZM10DEC26PE17200FDEC26
NCDEX,82786,2,TMCFGRNZM,TMCFGRNZM10DEC26PE21800FDEC26,OPTFUT,TMCFGRNZM-OPTFUT,21634400082786,3337,1961,250,1,5,10,21635200081800,,2026-12-10T00:00:00,21800,4,TMCFGRNZM 10DEC2026 PE 21800,1,1,TMCFGRNZM10DEC26PE21800FDEC26
NCDEX,82039,2,GUARGUM5,GUARGUM527NOV26PE11400FDEC26,OPTFUT,GUARGUM5-OPTFUT,21633100082039,603,158,250,0.5,5,10,21635200081792,,2026-11-27T00:00:00,11400,4,GUARGUM5 27NOV2026 PE 11400,1,1,GUARGUM527NOV26PE11400FDEC26
NCDEX,81769,2,DHANIYA,DHANIYA09OCT26PE14500FOCT26,OPTFUT,DHANIYA-OPTFUT,21628200081769,449,55,500,1,5,10,21629200080896,,2026-10-09T00:00:00,14500,4,DHANIYA 09OCT2026 PE 14500,1,1,DHANIYA09OCT26PE14500FOCT26
NCDEX,82270,2,DHANIYA,DHANIYA09OCT26CE15800FOCT26,OPTFUT,DHANIYA-OPTFUT,21628200082270,1890,560,500,1,5,10,21629200080896,,2026-10-09T00:00:00,15800,3,DHANIYA 09OCT2026 CE 15800,1,1,DHANIYA09OCT26CE15800FOCT26
NCDEX,82675,2,GUARSEED10,GUARSEED1024DEC26PE4800FJAN27,OPTFUT,GUARSEED10-OPTFUT,21635800082675,46.5,6.5,500,0.5,5,1,21702000082352,,2026-12-24T00:00:00,4800,4,GUARSEED10 24DEC2026 PE 4800,1,1,GUARSEED1024DEC26PE4800FJAN27
NCDEX,81053,2,GUARGUM5,GUARGUM525SEP26PE11400FOCT26,OPTFUT,GUARGUM5-OPTFUT,21626800081053,457,22.5,250,0.5,5,10,21628900080898,,2026-09-25T00:00:00,11400,4,GUARGUM5 25SEP2026 PE 11400,1,1,GUARGUM525SEP26PE11400FOCT26
NCDEX,83158,2,JEERAUNJHA,JEERAUNJHA10DEC26CE21200FDEC26,OPTFUT,JEERAUNJHA-OPTFUT,21634400083158,2364,556,150,2,3,10,21635200082910,,2026-12-10T00:00:00,21200,3,JEERAUNJHA 10DEC2026 CE 21200,1,1,JEERAUNJHA10DEC26CE21200FDEC26
NCDEX,83260,2,GUARGUM5,GUARGUM529JAN27PE12600FFEB27,OPTFUT,GUARGUM5-OPTFUT,21702900083260,922,324,250,0.5,5,10,21705000082905,,2027-01-29T00:00:00,12600,4,GUARGUM5 29JAN2027 PE 12600,1,1,GUARGUM529JAN27PE12600FFEB27
NCDEX,81889,2,TMCFGRNZM,TMCFGRNZM10DEC26CE13400FDEC26,OPTFUT,TMCFGRNZM-OPTFUT,21634400081889,8666,6269,250,1,5,1,21635200081800,,2026-12-10T00:00:00,13400,3,TMCFGRNZM 10DEC2026 CE 13400,1,1,TMCFGRNZM10DEC26CE13400FDEC26
NCDEX,83087,2,GUARSEED10,GUARSEED1029JAN27CE6400FFEB27,OPTFUT,GUARSEED10-OPTFUT,21702900083087,562.5,177,500,0.5,5,10,21705000082907,,2027-01-29T00:00:00,6400,3,GUARSEED10 29JAN2027 CE 6400,1,1,GUARSEED1029JAN27CE6400FFEB27
NCDEX,81660,2,GUARGUM5,GUARGUM530OCT26PE7800FNOV26,OPTFUT,GUARGUM5-OPTFUT,21630300081660,5,0.5,250,0.5,5,1,21632400081455,,2026-10-30T00:00:00,7800,4,GUARGUM5 30OCT2026 PE 7800,1,1,GUARGUM530OCT26PE7800FNOV26
NCDEX,81904,2,TMCFGRNZM,TMCFGRNZM10DEC26PE18400FDEC26,OPTFUT,TMCFGRNZM-OPTFUT,21634400081904,1410,653,250,1,5,10,21635200081800,,2026-12-10T00:00:00,18400,4,TMCFGRNZM 10DEC2026 PE 18400,1,1,TMCFGRNZM10DEC26PE18400FDEC26
NCDEX,83082,2,DHANIYA,DHANIYA12JAN27CE16400FJAN27,OPTFUT,DHANIYA-OPTFUT,21701200083082,2130,994,500,1,5,10,21702000082903,,2027-01-12T00:00:00,16400,3,DHANIYA 12JAN2027 CE 16400,1,1,DHANIYA12JAN27CE16400FJAN27
NCDEX,81200,2,GUARGUM5,GUARGUM525SEP26CE10000FOCT26,OPTFUT,GUARGUM5-OPTFUT,21626800081200,2853,1419.5,250,0.5,5,10,21628900080898,,2026-09-25T00:00:00,10000,3,GUARGUM5 25SEP2026 CE 10000,1,1,GUARGUM525SEP26CE10000FOCT26
NCDEX,83069,2,GUARGUM5,GUARGUM529JAN27PE9800FFEB27,OPTFUT,GUARGUM5-OPTFUT,21702900083069,81,10.5,250,0.5,5,1,21705000082905,,2027-01-29T00:00:00,9800,4,GUARGUM5 29JAN2027 PE 9800,1,1,GUARGUM529JAN27PE9800FFEB27
NCDEX,81159,2,GUARGUM5,GUARGUM525SEP26PE8800FOCT26,OPTFUT,GUARGUM5-OPTFUT,21626800081159,5,0.5,250,0.5,5,1,21628900080898,,2026-09-25T00:00:00,8800,4,GUARGUM5 25SEP2026 PE 8800,1,1,GUARGUM525SEP26PE8800FOCT26
NCDEX,83279,2,GUARGUM5,GUARGUM529JAN27PE16200FFEB27,OPTFUT,GUARGUM5-OPTFUT,21702900083279,3645,2299.5,250,0.5,5,1,21705000082905,,2027-01-29T00:00:00,16200,4,GUARGUM5 29JAN2027 PE 16200,1,1,GUARGUM529JAN27PE16200FFEB27
NCDEX,82447,2,GUARGUM5,GUARGUM524DEC26PE9800FJAN27,OPTFUT,GUARGUM5-OPTFUT,21635800082447,23,1,250,0.5,5,1,21702000082351,,2026-12-24T00:00:00,9800,4,GUARGUM5 24DEC2026 PE 9800,1,1,GUARGUM524DEC26PE9800FJAN27
NCDEX,82320,2,DHANIYA,DHANIYA10DEC26CE15700FDEC26,OPTFUT,DHANIYA-OPTFUT,21634400082320,2601,1226,500,1,5,10,21635200081790,,2026-12-10T00:00:00,15700,3,DHANIYA 10DEC2026 CE 15700,1,1,DHANIYA10DEC26CE15700FDEC26
NCDEX,81693,2,GUARSEED10,GUARSEED1030OCT26CE5000FNOV26,OPTFUT,GUARSEED10-OPTFUT,21630300081693,1672.5,942,500,0.5,5,1,21632400081456,,2026-10-30T00:00:00,5000,3,GUARSEED10 30OCT2026 CE 5000,1,1,GUARSEED1030OCT26CE5000FNOV26
NCDEX,80680,2,GUARSEED10,GUARSEED1028AUG26CE4200FSEP26,OPTFUT,GUARSEED10-OPTFUT,21624000080680,2401.5,1656,500,0.5,5,1,21626100080559,,2026-08-28T00:00:00,4200,3,GUARSEED10 28AUG2026 CE 4200,1,1,GUARSEED1028AUG26CE4200FSEP26
NCDEX,81279,2,GUARGUM5,GUARGUM525SEP26CE8000FOCT26,OPTFUT,GUARGUM5-OPTFUT,21626800081279,4835.5,3391,250,0.5,5,1,21628900080898,,2026-09-25T00:00:00,8000,3,GUARGUM5 25SEP2026 CE 8000,1,1,GUARGUM525SEP26CE8000FOCT26
NCDEX,81232,2,GUARGUM5,GUARGUM525SEP26PE13000FOCT26,OPTFUT,GUARGUM5-OPTFUT,21626800081232,1633.5,459,250,0.5,5,10,21628900080898,,2026-09-25T00:00:00,13000,4,GUARGUM5 25SEP2026 PE 13000,1,1,GUARGUM525SEP26PE13000FOCT26
NCDEX,81978,2,JEERAUNJHA,JEERAUNJHA09OCT26CE14800FOCT26,OPTFUT,JEERAUNJHA-OPTFUT,21628200081978,7686,5164,150,2,3,1,21629200081796,,2026-10-09T00:00:00,14800,3,JEERAUNJHA 09OCT2026 CE 14800,1,1,JEERAUNJHA09OCT26CE14800FOCT26
NCDEX,82171,2,DHANIYA,DHANIYA10DEC26PE11400FDEC26,OPTFUT,DHANIYA-OPTFUT,21634400082171,90,15,500,1,5,1,21635200081790,,2026-12-10T00:00:00,11400,4,DHANIYA 10DEC2026 PE 11400,1,1,DHANIYA10DEC26PE11400FDEC26
NCDEX,80799,2,GUARSEED10,GUARSEED1028AUG26CE5400FSEP26,OPTFUT,GUARSEED10-OPTFUT,21624000080799,1205,459.5,500,0.5,5,10,21626100080559,,2026-08-28T00:00:00,5400,3,GUARSEED10 28AUG2026 CE 5400,1,1,GUARSEED1028AUG26CE5400FSEP26
NCDEX,82705,2,DHANIYA,DHANIYA09OCT26PE17300FOCT26,OPTFUT,DHANIYA-OPTFUT,21628200082705,2129,787,500,1,5,10,21629200080896,,2026-10-09T00:00:00,17300,4,DHANIYA 09OCT2026 PE 17300,1,1,DHANIYA09OCT26PE17300FOCT26
NCDEX,82635,2,GUARGUM5,GUARGUM524DEC26CE14400FJAN27,OPTFUT,GUARGUM5-OPTFUT,21635800082635,640,103,250,0.5,5,10,21702000082351,,2026-12-24T00:00:00,14400,3,GUARGUM5 24DEC2026 CE 14400,1,1,GUARGUM524DEC26CE14400FJAN27
NCDEX,81554,2,GUARSEED10,GUARSEED1030OCT26PE5400FNOV26,OPTFUT,GUARSEED10-OPTFUT,21630300081554,99.5,8,500,0.5,5,10,21632400081456,,2026-10-30T00:00:00,5400,4,GUARSEED10 30OCT2026 PE 5400,1,1,GUARSEED1030OCT26PE5400FNOV26
NCDEX,81708,2,GUARSEED10,GUARSEED1030OCT26PE7000FNOV26,OPTFUT,GUARSEED10-OPTFUT,21630300081708,1089,483,500,0.5,5,10,21632400081456,,2026-10-30T00:00:00,7000,4,GUARSEED10 30OCT2026 PE 7000,1,1,GUARSEED1030OCT26PE7000FNOV26
NCDEX,82791,2,TMCFGRNZM,TMCFGRNZM10DEC26PE22400FDEC26,OPTFUT,TMCFGRNZM-OPTFUT,21634400082791,3756,2279,250,1,5,10,21635200081800,,2026-12-10T00:00:00,22400,4,TMCFGRNZM 10DEC2026 PE 22400,1,1,TMCFGRNZM10DEC26PE22400FDEC26
NCDEX,82764,2,TMCFGRNZM,TMCFGRNZM08OCT26CE21400FOCT26,OPTFUT,TMCFGRNZM-OPTFUT,21628100082764,1771,458,250,1,5,10,21628900080907,,2026-10-08T00:00:00,21400,3,TMCFGRNZM 08OCT2026 CE 21400,1,1,TMCFGRNZM08OCT26CE21400FOCT26
NCDEX,82331,2,DHANIYA,DHANIYA09OCT26CE16400FOCT26,OPTFUT,DHANIYA-OPTFUT,21628200082331,1485,361,500,1,5,10,21629200080896,,2026-10-09T00:00:00,16400,3,DHANIYA 09OCT2026 CE 16400,1,1,DHANIYA09OCT26CE16400FOCT26
NCDEX,81601,2,JEERAUNJHA,JEERAUNJHA09SEP26PE21600FSEP26,OPTFUT,JEERAUNJHA-OPTFUT,21625200081601,1968,76,150,2,3,10,21626100081459,,2026-09-09T00:00:00,21600,4,JEERAUNJHA 09SEP2026 PE 21600,1,1,JEERAUNJHA09SEP26PE21600FSEP26
NCDEX,82279,2,DHANIYA,DHANIYA09OCT26CE15900FOCT26,OPTFUT,DHANIYA-OPTFUT,21628200082279,1819,522,500,1,5,10,21629200080896,,2026-10-09T00:00:00,15900,3,DHANIYA 09OCT2026 CE 15900,1,1,DHANIYA09OCT26CE15900FOCT26
NCDEX,81659,2,GUARSEED10,GUARSEED1030OCT26CE6200FNOV26,OPTFUT,GUARSEED10-OPTFUT,21630300081659,629,163,500,0.5,5,10,21632400081456,,2026-10-30T00:00:00,6200,3,GUARSEED10 30OCT2026 CE 6200,1,1,GUARSEED1030OCT26CE6200FNOV26
NCDEX,83292,2,GUARSEED10,GUARSEED1029JAN27PE7100FFEB27,OPTFUT,GUARSEED10-OPTFUT,21702900083292,1191.5,626,500,0.5,5,10,21705000082907,,2027-01-29T00:00:00,7100,4,GUARSEED10 29JAN2027 PE 7100,1,1,GUARSEED1029JAN27PE7100FFEB27
NCDEX,82305,2,DHANIYA,DHANIYA10DEC26CE14800FDEC26,OPTFUT,DHANIYA-OPTFUT,21634400082305,3230,1681,500,1,5,10,21635200081790,,2026-12-10T00:00:00,14800,3,DHANIYA 10DEC2026 CE 14800,1,1,DHANIYA10DEC26CE14800FDEC26
NCDEX,81259,2,GUARSEED10,GUARSEED1025SEP26CE4900FOCT26,OPTFUT,GUARSEED10-OPTFUT,21626800081259,1779.5,1030.5,500,0.5,5,1,21628900080899,,2026-09-25T00:00:00,4900,3,GUARSEED10 25SEP2026 CE 4900,1,1,GUARSEED1025SEP26CE4900FOCT26
NCDEX,82293,2,DHANIYA,DHANIYA09OCT26CE16200FOCT26,OPTFUT,DHANIYA-OPTFUT,21628200082293,1614,420,500,1,5,10,21629200080896,,2026-10-09T00:00:00,16200,3,DHANIYA 09OCT2026 CE 16200,1,1,DHANIYA09OCT26CE16200FOCT26
NCDEX,81752,2,JEERAUNJHA,JEERAUNJHA09SEP26CE27600FSEP26,OPTFUT,JEERAUNJHA-OPTFUT,21625200081752,20,2,150,2,3,1,21626100081459,,2026-09-09T00:00:00,27600,3,JEERAUNJHA 09SEP2026 CE 27600,1,1,JEERAUNJHA09SEP26CE27600FSEP26
NCDEX,81959,2,GUARGUM5,GUARGUM527NOV26CE10000FDEC26,OPTFUT,GUARGUM5-OPTFUT,21633100081959,3245,1856,250,0.5,5,10,21635200081792,,2026-11-27T00:00:00,10000,3,GUARGUM5 27NOV2026 CE 10000,1,1,GUARGUM527NOV26CE10000FDEC26
NCDEX,81239,2,DHANIYA,DHANIYA09OCT26PE12100FOCT26,OPTFUT,DHANIYA-OPTFUT,21628200081239,31,1,500,1,5,10,21629200080896,,2026-10-09T00:00:00,12100,4,DHANIYA 09OCT2026 PE 12100,1,1,DHANIYA09OCT26PE12100FOCT26
NCDEX,82168,2,GUARGUM5,GUARGUM527NOV26PE16200FDEC26,OPTFUT,GUARGUM5-OPTFUT,21633100082168,4371,2973,250,0.5,5,1,21635200081792,,2026-11-27T00:00:00,16200,4,GUARGUM5 27NOV2026 PE 16200,1,1,GUARGUM527NOV26PE16200FDEC26
NCDEX,83105,2,GUARGUM5,GUARGUM529JAN27CE9600FFEB27,OPTFUT,GUARGUM5-OPTFUT,21702900083105,4381.5,2869,250,0.5,5,1,21705000082905,,2027-01-29T00:00:00,9600,3,GUARGUM5 29JAN2027 CE 9600,1,1,GUARGUM529JAN27CE9600FFEB27
NCDEX,83108,2,JEERAUNJHA,JEERAUNJHA10DEC26PE16000FDEC26,OPTFUT,JEERAUNJHA-OPTFUT,21634400083108,20,2,150,2,3,1,21635200082910,,2026-12-10T00:00:00,16000,4,JEERAUNJHA 10DEC2026 PE 16000,1,1,JEERAUNJHA10DEC26PE16000FDEC26
NCDEX,81234,2,TMCFGRNZM,TMCFGRNZM08OCT26CE17000FOCT26,OPTFUT,TMCFGRNZM-OPTFUT,21628100081234,5131,2788,250,1,5,10,21628900080907,,2026-10-08T00:00:00,17000,3,TMCFGRNZM 08OCT2026 CE 17000,1,1,TMCFGRNZM08OCT26CE17000FOCT26
NCDEX,81106,2,DHANIYA,DHANIYA09OCT26CE12900FOCT26,OPTFUT,DHANIYA-OPTFUT,21628200081106,4437,2533,500,1,5,10,21629200080896,,2026-10-09T00:00:00,12900,3,DHANIYA 09OCT2026 CE 12900,1,1,DHANIYA09OCT26CE12900FOCT26
NCDEX,81672,2,GUARGUM5,GUARGUM530OCT26CE11600FNOV26,OPTFUT,GUARGUM5-OPTFUT,21630300081672,1632.5,547,250,0.5,5,10,21632400081455,,2026-10-30T00:00:00,11600,3,GUARGUM5 30OCT2026 CE 11600,1,1,GUARGUM530OCT26CE11600FNOV26
NCDEX,83269,2,GUARSEED10,GUARSEED1029JAN27PE6400FFEB27,OPTFUT,GUARSEED10-OPTFUT,21702900083269,646.5,254,500,0.5,5,10,21705000082907,,2027-01-29T00:00:00,6400,4,GUARSEED10 29JAN2027 PE 6400,1,1,GUARSEED1029JAN27PE6400FFEB27
NCDEX,81960,2,JEERAUNJHA,JEERAUNJHA09OCT26CE25200FOCT26,OPTFUT,JEERAUNJHA-OPTFUT,21628200081960,88,2,150,2,3,10,21629200081796,,2026-10-09T00:00:00,25200,3,JEERAUNJHA 09OCT2026 CE 25200,1,1,JEERAUNJHA09OCT26CE25200FOCT26
NCDEX,83142,2,GUARSEED10,GUARSEED1029JAN27CE5800FFEB27,OPTFUT,GUARSEED10-OPTFUT,21702900083142,961.5,410,500,0.5,5,10,21705000082907,,2027-01-29T00:00:00,5800,3,GUARSEED10 29JAN2027 CE 5800,1,1,GUARSEED1029JAN27CE5800FFEB27
NCDEX,81983,2,DHANIYA,DHANIYA10DEC26CE13200FDEC26,OPTFUT,DHANIYA-OPTFUT,21634400081983,4529,2743,500,1,5,10,21635200081790,,2026-12-10T00:00:00,13200,3,DHANIYA 10DEC2026 CE 13200,1,1,DHANIYA10DEC26CE13200FDEC26
NCDEX,83067,2,GUARSEED10,GUARSEED1029JAN27PE6000FFEB27,OPTFUT,GUARSEED10-OPTFUT,21702900083067,400.5,125,500,0.5,5,10,21705000082907,,2027-01-29T00:00:00,6000,4,GUARSEED10 29JAN2027 PE 6000,1,1,GUARSEED1029JAN27PE6000FFEB27
NCDEX,80703,2,GUARGUM5,GUARGUM528AUG26CE12400FSEP26,OPTFUT,GUARGUM5-OPTFUT,21624000080703,563.5,0.5,250,0.5,5,10,21626100080558,,2026-08-28T00:00:00,12400,3,GUARGUM5 28AUG2026 CE 12400,1,1,GUARGUM528AUG26CE12400FSEP26
NCDEX,83124,2,GUARSEED10,GUARSEED1029JAN27PE4900FFEB27,OPTFUT,GUARSEED10-OPTFUT,21702900083124,47.5,6,500,0.5,5,1,21705000082907,,2027-01-29T00:00:00,4900,4,GUARSEED10 29JAN2027 PE 4900,1,1,GUARSEED1029JAN27PE4900FFEB27
NCDEX,82287,2,DHANIYA,DHANIYA09OCT26PE16300FOCT26,OPTFUT,DHANIYA-OPTFUT,21628200082287,1383,377,500,1,5,10,21629200080896,,2026-10-09T00:00:00,16300,4,DHANIYA 09OCT2026 PE 16300,1,1,DHANIYA09OCT26PE16300FOCT26
NCDEX,82303,2,DHANIYA,DHANIYA10DEC26CE14900FDEC26,OPTFUT,DHANIYA-OPTFUT,21634400082303,3157,1625,500,1,5,10,21635200081790,,2026-12-10T00:00:00,14900,3,DHANIYA 10DEC2026 CE 14900,1,1,DHANIYA10DEC26CE14900FDEC26
NCDEX,82611,2,GUARSEED10,GUARSEED1024DEC26PE6300FJAN27,OPTFUT,GUARSEED10-OPTFUT,21635800082611,609.5,241,500,0.5,5,10,21702000082352,,2026-12-24T00:00:00,6300,4,GUARSEED10 24DEC2026 PE 6300,1,1,GUARSEED1024DEC26PE6300FJAN27
NCDEX,80774,2,GUARSEED10,GUARSEED1028AUG26PE7000FSEP26,OPTFUT,GUARSEED10-OPTFUT,21624000080774,1138,395,500,0.5,5,10,21626100080559,,2026-08-28T00:00:00,7000,4,GUARSEED10 28AUG2026 PE 7000,1,1,GUARSEED1028AUG26PE7000FSEP26
NCDEX,81568,2,GUARSEED10,GUARSEED1030OCT26PE5100FNOV26,OPTFUT,GUARSEED10-OPTFUT,21630300081568,42.5,2,500,0.5,5,10,21632400081456,,2026-10-30T00:00:00,5100,4,GUARSEED10 30OCT2026 PE 5100,1,1,GUARSEED1030OCT26PE5100FNOV26
NCDEX,83057,2,JEERAUNJHA,JEERAUNJHA10DEC26CE26000FDEC26,OPTFUT,JEERAUNJHA-OPTFUT,21634400083057,210,6,150,2,3,10,21635200082910,,2026-12-10T00:00:00,26000,3,JEERAUNJHA 10DEC2026 CE 26000,1,1,JEERAUNJHA10DEC26CE26000FDEC26
NCDEX,82534,2,JEERAUNJHA,JEERAUNJHA12NOV26PE22400FNOV26,OPTFUT,JEERAUNJHA-OPTFUT,21631600082534,2162,484,150,2,3,10,21632400082355,,2026-11-12T00:00:00,22400,4,JEERAUNJHA 12NOV2026 PE 22400,1,1,JEERAUNJHA12NOV26PE22400FNOV26
NCDEX,81638,2,GUARGUM5,GUARGUM530OCT26CE8800FNOV26,OPTFUT,GUARGUM5-OPTFUT,21630300081638,4212,2759,250,0.5,5,1,21632400081455,,2026-10-30T00:00:00,8800,3,GUARGUM5 30OCT2026 CE 8800,1,1,GUARGUM530OCT26CE8800FNOV26
NCDEX,81925,2,JEERAUNJHA,JEERAUNJHA09OCT26CE24000FOCT26,OPTFUT,JEERAUNJHA-OPTFUT,21628200081925,262,2,150,2,3,10,21629200081796,,2026-10-09T00:00:00,24000,3,JEERAUNJHA 09OCT2026 CE 24000,1,1,JEERAUNJHA09OCT26CE24000FOCT26
NCDEX,82691,2,TMCFGRNZM,TMCFGRNZM10DEC26PE19800FDEC26,OPTFUT,TMCFGRNZM-OPTFUT,21634400082691,2104,1089,250,1,5,10,21635200081800,,2026-12-10T00:00:00,19800,4,TMCFGRNZM 10DEC2026 PE 19800,1,1,TMCFGRNZM10DEC26PE19800FDEC26
NCDEX,80707,2,GUARSEED10,GUARSEED1028AUG26CE6300FSEP26,OPTFUT,GUARSEED10-OPTFUT,21624000080707,382,1.5,500,0.5,5,10,21626100080559,,2026-08-28T00:00:00,6300,3,GUARSEED10 28AUG2026 CE 6300,1,1,GUARSEED1028AUG26CE6300FSEP26
NCDEX,82203,2,GUARGUM5,GUARGUM527NOV26PE14400FDEC26,OPTFUT,GUARGUM5-OPTFUT,21633100082203,2705,1499,250,0.5,5,10,21635200081792,,2026-11-27T00:00:00,14400,4,GUARGUM5 27NOV2026 PE 14400,1,1,GUARGUM527NOV26PE14400FDEC26
NCDEX,82470,2,GUARGUM5,GUARGUM524DEC26CE14600FJAN27,OPTFUT,GUARGUM5-OPTFUT,21635800082470,562.5,82.5,250,0.5,5,10,21702000082351,,2026-12-24T00:00:00,14600,3,GUARGUM5 24DEC2026 CE 14600,1,1,GUARGUM524DEC26CE14600FJAN27
NCDEX,81933,2,GUARSEED10,GUARSEED1027NOV26PE6100FDEC26,OPTFUT,GUARSEED10-OPTFUT,21633100081933,442,129.5,500,0.5,5,10,21635200081793,,2026-11-27T00:00:00,6100,4,GUARSEED10 27NOV2026 PE 6100,1,1,GUARSEED1027NOV26PE6100FDEC26
NCDEX,82722,2,DHANIYA,DHANIYA10DEC26CE17000FDEC26,OPTFUT,DHANIYA-OPTFUT,21634400082722,1839,741,500,1,5,10,21635200081790,,2026-12-10T00:00:00,17000,3,DHANIYA 10DEC2026 CE 17000,1,1,DHANIYA10DEC26CE17000FDEC26
NCDEX,81562,2,GUARSEED10,GUARSEED1030OCT26CE6500FNOV26,OPTFUT,GUARSEED10-OPTFUT,21630300081562,442,86,500,0.5,5,10,21632400081456,,2026-10-30T00:00:00,6500,3,GUARSEED10 30OCT2026 CE 6500,1,1,GUARSEED1030OCT26CE6500FNOV26
NCDEX,83188,2,DHANIYA,DHANIYA12JAN27PE17700FJAN27,OPTFUT,DHANIYA-OPTFUT,21701200083188,2945,1743,500,1,5,10,21702000082903,,2027-01-12T00:00:00,17700,4,DHANIYA 12JAN2027 PE 17700,1,1,DHANIYA12JAN27PE17700FJAN27
NCDEX,82871,2,DHANIYA,DHANIYA10DEC26CE17900FDEC26,OPTFUT,DHANIYA-OPTFUT,21634400082871,1415,507,500,1,5,10,21635200081790,,2026-12-10T00:00:00,17900,3,DHANIYA 10DEC2026 CE 17900,1,1,DHANIYA10DEC26CE17900FDEC26
NCDEX,82482,2,GUARSEED10,GUARSEED1024DEC26PE7200FJAN27,OPTFUT,GUARSEED10-OPTFUT,21635800082482,1303,723,500,0.5,5,10,21702000082352,,2026-12-24T00:00:00,7200,4,GUARSEED10 24DEC2026 PE 7200,1,1,GUARSEED1024DEC26PE7200FJAN27
NCDEX,81170,2,TMCFGRNZM,TMCFGRNZM08OCT26PE12800FOCT26,OPTFUT,TMCFGRNZM-OPTFUT,21628100081170,10,1,250,1,5,1,21628900080907,,2026-10-08T00:00:00,12800,4,TMCFGRNZM 08OCT2026 PE 12800,1,1,TMCFGRNZM08OCT26PE12800FOCT26
NCDEX,81760,2,DHANIYA,DHANIYA09OCT26PE14300FOCT26,OPTFUT,DHANIYA-OPTFUT,21628200081760,382,42,500,1,5,10,21629200080896,,2026-10-09T00:00:00,14300,4,DHANIYA 09OCT2026 PE 14300,1,1,DHANIYA09OCT26PE14300FOCT26
NCDEX,81198,2,TMCFGRNZM,TMCFGRNZM08OCT26PE17200FOCT26,OPTFUT,TMCFGRNZM-OPTFUT,21628100081198,346,39,250,1,5,10,21628900080907,,2026-10-08T00:00:00,17200,4,TMCFGRNZM 08OCT2026 PE 17200,1,1,TMCFGRNZM08OCT26PE17200FOCT26
NCDEX,80842,2,GUARGUM5,GUARGUM528AUG26CE12600FSEP26,OPTFUT,GUARGUM5-OPTFUT,21624000080842,454,0.5,250,0.5,5,10,21626100080558,,2026-08-28T00:00:00,12600,3,GUARGUM5 28AUG2026 CE 12600,1,1,GUARGUM528AUG26CE12600FSEP26
NCDEX,82160,2,DHANIYA,DHANIYA10DEC26PE12600FDEC26,OPTFUT,DHANIYA-OPTFUT,21634400082160,246,55,500,1,5,10,21635200081790,,2026-12-10T00:00:00,12600,4,DHANIYA 10DEC2026 PE 12600,1,1,DHANIYA10DEC26PE12600FDEC26
NCDEX,82167,2,GUARGUM5,GUARGUM527NOV26CE10200FDEC26,OPTFUT,GUARGUM5-OPTFUT,21633100082167,3062,1695,250,0.5,5,10,21635200081792,,2026-11-27T00:00:00,10200,3,GUARGUM5 27NOV2026 CE 10200,1,1,GUARGUM527NOV26CE10200FDEC26
NCDEX,81737,2,JEERAUNJHA,JEERAUNJHA09SEP26CE29200FSEP26,OPTFUT,JEERAUNJHA-OPTFUT,21625200081737,20,2,150,2,3,1,21626100081459,,2026-09-09T00:00:00,29200,3,JEERAUNJHA 09SEP2026 CE 29200,1,1,JEERAUNJHA09SEP26CE29200FSEP26
NCDEX,83278,2,JEERAUNJHA,JEERAUNJHA10DEC26CE29600FDEC26,OPTFUT,JEERAUNJHA-OPTFUT,21634400083278,20,2,150,2,3,1,21635200082910,,2026-12-10T00:00:00,29600,3,JEERAUNJHA 10DEC2026 CE 29600,1,1,JEERAUNJHA10DEC26CE29600FDEC26
NCDEX,83134,2,GUARGUM5,GUARGUM529JAN27CE17400FFEB27,OPTFUT,GUARGUM5-OPTFUT,21702900083134,173.5,23.5,250,0.5,5,1,21705000082905,,2027-01-29T00:00:00,17400,3,GUARGUM5 29JAN2027 CE 17400,1,1,GUARGUM529JAN27CE17400FFEB27
NCDEX,82260,2,DHANIYA,DHANIYA09OCT26PE15500FOCT26,OPTFUT,DHANIYA-OPTFUT,21628200082260,895,179,500,1,5,10,21629200080896,,2026-10-09T00:00:00,15500,4,DHANIYA 09OCT2026 PE 15500,1,1,DHANIYA09OCT26PE15500FOCT26
NCDEX,82451,2,GUARGUM5,GUARGUM524DEC26CE11800FJAN27,OPTFUT,GUARGUM5-OPTFUT,21635800082451,2341.5,1000,250,0.5,5,10,21702000082351,,2026-12-24T00:00:00,11800,3,GUARGUM5 24DEC2026 CE 11800,1,1,GUARGUM524DEC26CE11800FJAN27
NCDEX,82074,2,DHANIYA,DHANIYA10DEC26PE14100FDEC26,OPTFUT,DHANIYA-OPTFUT,21634400082074,636,201,500,1,5,10,21635200081790,,2026-12-10T00:00:00,14100,4,DHANIYA 10DEC2026 PE 14100,1,1,DHANIYA10DEC26PE14100FDEC26
NCDEX,83164,2,GUARGUM5,GUARGUM529JAN27CE13000FFEB27,OPTFUT,GUARGUM5-OPTFUT,21702900083164,1591,619.5,250,0.5,5,10,21705000082905,,2027-01-29T00:00:00,13000,3,GUARGUM5 29JAN2027 CE 13000,1,1,GUARGUM529JAN27CE13000FFEB27
NCDEX,81055,2,GUARSEED10,GUARSEED1025SEP26CE6400FOCT26,OPTFUT,GUARSEED10-OPTFUT,21626800081055,435,43,500,0.5,5,10,21628900080899,,2026-09-25T00:00:00,6400,3,GUARSEED10 25SEP2026 CE 6400,1,1,GUARSEED1025SEP26CE6400FOCT26
NCDEX,81136,2,GUARSEED10,GUARSEED1025SEP26CE7200FOCT26,OPTFUT,GUARSEED10-OPTFUT,21626800081136,97.5,1.5,500,0.5,5,10,21628900080899,,2026-09-25T00:00:00,7200,3,GUARSEED10 25SEP2026 CE 7200,1,1,GUARSEED1025SEP26CE7200FOCT26
NCDEX,80702,2,GUARGUM5,GUARGUM528AUG26PE10400FSEP26,OPTFUT,GUARGUM5-OPTFUT,21624000080702,83.5,0.5,250,0.5,5,10,21626100080558,,2026-08-28T00:00:00,10400,4,GUARGUM5 28AUG2026 PE 10400,1,1,GUARGUM528AUG26PE10400FSEP26
NCDEX,81961,2,DHANIYA,DHANIYA10DEC26CE14000FDEC26,OPTFUT,DHANIYA-OPTFUT,21634400081961,3854,2172,500,1,5,10,21635200081790,,2026-12-10T00:00:00,14000,3,DHANIYA 10DEC2026 CE 14000,1,1,DHANIYA10DEC26CE14000FDEC26
NCDEX,82872,2,DHANIYA,DHANIYA10DEC26PE17900FDEC26,OPTFUT,DHANIYA-OPTFUT,21634400082872,2756,1496,500,1,5,10,21635200081790,,2026-12-10T00:00:00,17900,4,DHANIYA 10DEC2026 PE 17900,1,1,DHANIYA10DEC26PE17900FDEC26
NCDEX,81208,2,GUARSEED10,GUARSEED1025SEP26CE6300FOCT26,OPTFUT,GUARSEED10-OPTFUT,21626800081208,502,61.5,500,0.5,5,10,21628900080899,,2026-09-25T00:00:00,6300,3,GUARSEED10 25SEP2026 CE 6300,1,1,GUARSEED1025SEP26CE6300FOCT26
NCDEX,82308,2,DHANIYA,DHANIYA10DEC26PE14800FDEC26,OPTFUT,DHANIYA-OPTFUT,21634400082308,905,325,500,1,5,10,21635200081790,,2026-12-10T00:00:00,14800,4,DHANIYA 10DEC2026 PE 14800,1,1,DHANIYA10DEC26PE14800FDEC26
NCDEX,81278,2,DHANIYA,DHANIYA09OCT26PE10600FOCT26,OPTFUT,DHANIYA-OPTFUT,21628200081278,10,1,500,1,5,1,21629200080896,,2026-10-09T00:00:00,10600,4,DHANIYA 09OCT2026 PE 10600,1,1,DHANIYA09OCT26PE10600FOCT26
NCDEX,81906,2,TMCFGRNZM,TMCFGRNZM10DEC26PE15200FDEC26,OPTFUT,TMCFGRNZM-OPTFUT,21634400081906,397,131,250,1,5,10,21635200081800,,2026-12-10T00:00:00,15200,4,TMCFGRNZM 10DEC2026 PE 15200,1,1,TMCFGRNZM10DEC26PE15200FDEC26
NCDEX,82677,2,DHANIYA,DHANIYA10DEC26CE16100FDEC26,OPTFUT,DHANIYA-OPTFUT,21634400082677,2347,1056,500,1,5,10,21635200081790,,2026-12-10T00:00:00,16100,3,DHANIYA 10DEC2026 CE 16100,1,1,DHANIYA10DEC26CE16100FDEC26
NCDEX,83186,2,JEERAUNJHA,JEERAUNJHA10DEC26CE28000FDEC26,OPTFUT,JEERAUNJHA-OPTFUT,21634400083186,46,2,150,2,3,1,21635200082910,,2026-12-10T00:00:00,28000,3,JEERAUNJHA 10DEC2026 CE 28000,1,1,JEERAUNJHA10DEC26CE28000FDEC26
NCDEX,83285,2,DHANIYA,DHANIYA12JAN27CE18800FJAN27,OPTFUT,DHANIYA-OPTFUT,21701200083285,1126,414,500,1,5,1,21702000082903,,2027-01-12T00:00:00,18800,3,DHANIYA 12JAN2027 CE 18800,1,1,DHANIYA12JAN27CE18800FJAN27
NCDEX,82165,2,DHANIYA,DHANIYA10DEC26CE13600FDEC26,OPTFUT,DHANIYA-OPTFUT,21634400082165,4186,2448,500,1,5,10,21635200081790,,2026-12-10T00:00:00,13600,3,DHANIYA 10DEC2026 CE 13600,1,1,DHANIYA10DEC26CE13600FDEC26
NCDEX,81646,2,GUARGUM5,GUARGUM530OCT26PE12800FNOV26,OPTFUT,GUARGUM5-OPTFUT,21630300081646,1423,490,250,0.5,5,10,21632400081455,,2026-10-30T00:00:00,12800,4,GUARGUM5 30OCT2026 PE 12800,1,1,GUARGUM530OCT26PE12800FNOV26
NCDEX,81883,2,JEERAUNJHA,JEERAUNJHA09OCT26CE12400FOCT26,OPTFUT,JEERAUNJHA-OPTFUT,21628200081883,10062,7540,150,2,3,1,21629200081796,,2026-10-09T00:00:00,12400,3,JEERAUNJHA 09OCT2026 CE 12400,1,1,JEERAUNJHA09OCT26CE12400FOCT26
NCDEX,82075,2,JEERAUNJHA,JEERAUNJHA09OCT26PE20000FOCT26,OPTFUT,JEERAUNJHA-OPTFUT,21628200082075,658,20,150,2,3,10,21629200081796,,2026-10-09T00:00:00,20000,4,JEERAUNJHA 09OCT2026 PE 20000,1,1,JEERAUNJHA09OCT26PE20000FOCT26
NCDEX,83071,2,GUARGUM5,GUARGUM529JAN27PE14400FFEB27,OPTFUT,GUARGUM5-OPTFUT,21702900083071,2117.5,1069,250,0.5,5,10,21705000082905,,2027-01-29T00:00:00,14400,4,GUARGUM5 29JAN2027 PE 14400,1,1,GUARGUM529JAN27PE14400FFEB27
NCDEX,81148,2,GUARGUM5,GUARGUM525SEP26PE14800FOCT26,OPTFUT,GUARGUM5-OPTFUT,21626800081148,3361,1928,250,0.5,5,10,21628900080898,,2026-09-25T00:00:00,14800,4,GUARGUM5 25SEP2026 PE 14800,1,1,GUARGUM525SEP26PE14800FOCT26
NCDEX,81774,2,DHANIYA,DHANIYA09OCT26CE14500FOCT26,OPTFUT,DHANIYA-OPTFUT,21628200081774,2941,1245,500,1,5,10,21629200080896,,2026-10-09T00:00:00,14500,3,DHANIYA 09OCT2026 CE 14500,1,1,DHANIYA09OCT26CE14500FOCT26
NCDEX,82726,2,DHANIYA,DHANIYA10DEC26PE17100FDEC26,OPTFUT,DHANIYA-OPTFUT,21634400082726,2187,1091,500,1,5,10,21635200081790,,2026-12-10T00:00:00,17100,4,DHANIYA 10DEC2026 PE 17100,1,1,DHANIYA10DEC26PE17100FDEC26
NCDEX,82874,2,DHANIYA,DHANIYA10DEC26CE18100FDEC26,OPTFUT,DHANIYA-OPTFUT,21634400082874,1331,465,500,1,5,10,21635200081790,,2026-12-10T00:00:00,18100,3,DHANIYA 10DEC2026 CE 18100,1,1,DHANIYA10DEC26CE18100FDEC26
NCDEX,81627,2,JEERAUNJHA,JEERAUNJHA09SEP26PE18800FSEP26,OPTFUT,JEERAUNJHA-OPTFUT,21625200081627,138,2,150,2,3,10,21626100081459,,2026-09-09T00:00:00,18800,4,JEERAUNJHA 09SEP2026 PE 18800,1,1,JEERAUNJHA09SEP26PE18800FSEP26
NCDEX,81967,2,GUARGUM5,GUARGUM527NOV26CE11400FDEC26,OPTFUT,GUARGUM5-OPTFUT,21633100081967,2043,892,250,0.5,5,10,21635200081792,,2026-11-27T00:00:00,11400,3,GUARGUM5 27NOV2026 CE 11400,1,1,GUARGUM527NOV26CE11400FDEC26
NCDEX,80662,2,GUARGUM5,GUARGUM528AUG26CE7200FSEP26,OPTFUT,GUARGUM5-OPTFUT,21624000080662,5459,4029,250,0.5,5,1,21626100080558,,2026-08-28T00:00:00,7200,3,GUARGUM5 28AUG2026 CE 7200,1,1,GUARGUM528AUG26CE7200FSEP26
NCDEX,83091,2,JEERAUNJHA,JEERAUNJHA10DEC26PE15200FDEC26,OPTFUT,JEERAUNJHA-OPTFUT,21634400083091,20,2,150,2,3,1,21635200082910,,2026-12-10T00:00:00,15200,4,JEERAUNJHA 10DEC2026 PE 15200,1,1,JEERAUNJHA10DEC26PE15200FDEC26
NCDEX,80647,2,GUARSEED10,GUARSEED1028AUG26PE6300FSEP26,OPTFUT,GUARSEED10-OPTFUT,21624000080647,478,8,500,0.5,5,10,21626100080559,,2026-08-28T00:00:00,6300,4,GUARSEED10 28AUG2026 PE 6300,1,1,GUARSEED1028AUG26PE6300FSEP26
NCDEX,81612,2,GUARGUM5,GUARGUM530OCT26PE15400FNOV26,OPTFUT,GUARGUM5-OPTFUT,21630300081612,3767.5,2364.5,250,0.5,5,1,21632400081455,,2026-10-30T00:00:00,15400,4,GUARGUM5 30OCT2026 PE 15400,1,1,GUARGUM530OCT26PE15400FNOV26
NCDEX,83139,2,DHANIYA,DHANIYA12JAN27CE18300FJAN27,OPTFUT,DHANIYA-OPTFUT,21701200083139,1295,502,500,1,5,1,21702000082903,,2027-01-12T00:00:00,18300,3,DHANIYA 12JAN2027 CE 18300,1,1,DHANIYA12JAN27CE18300FJAN27
NCDEX,82654,2,JEERAUNJHA,JEERAUNJHA12NOV26CE18000FNOV26,OPTFUT,JEERAUNJHA-OPTFUT,21631600082654,4906,2392,150,2,3,10,21632400082355,,2026-11-12T00:00:00,18000,3,JEERAUNJHA 12NOV2026 CE 18000,1,1,JEERAUNJHA12NOV26CE18000FNOV26
NCDEX,82521,2,JEERAUNJHA,JEERAUNJHA12NOV26CE18400FNOV26,OPTFUT,JEERAUNJHA-OPTFUT,21631600082521,4516,2034,150,2,3,10,21632400082355,,2026-11-12T00:00:00,18400,3,JEERAUNJHA 12NOV2026 CE 18400,1,1,JEERAUNJHA12NOV26CE18400FNOV26
NCDEX,83277,2,JEERAUNJHA,JEERAUNJHA10DEC26PE30800FDEC26,OPTFUT,JEERAUNJHA-OPTFUT,21634400083277,9816,7238,150,2,3,1,21635200082910,,2026-12-10T00:00:00,30800,4,JEERAUNJHA 10DEC2026 PE 30800,1,1,JEERAUNJHA10DEC26PE30800FDEC26
NCDEX,80747,2,GUARSEED10,GUARSEED1028AUG26CE6800FSEP26,OPTFUT,GUARSEED10-OPTFUT,21624000080747,116.5,0.5,500,0.5,5,10,21626100080559,,2026-08-28T00:00:00,6800,3,GUARSEED10 28AUG2026 CE 6800,1,1,GUARSEED1028AUG26CE6800FSEP26
NCDEX,82007,2,GUARGUM5,GUARGUM527NOV26CE15800FDEC26,OPTFUT,GUARGUM5-OPTFUT,21633100082007,191.5,22,250,0.5,5,1,21635200081792,,2026-11-27T00:00:00,15800,3,GUARGUM5 27NOV2026 CE 15800,1,1,GUARGUM527NOV26CE15800FDEC26
NCDEX,83068,2,GUARGUM5,GUARGUM529JAN27PE14800FFEB27,OPTFUT,GUARGUM5-OPTFUT,21702900083068,2436,1305.5,250,0.5,5,10,21705000082905,,2027-01-29T00:00:00,14800,4,GUARGUM5 29JAN2027 PE 14800,1,1,GUARGUM529JAN27PE14800FFEB27
NCDEX,82179,2,JEERAUNJHA,JEERAUNJHA09OCT26CE12000FOCT26,OPTFUT,JEERAUNJHA-OPTFUT,21628200082179,10458,7936,150,2,3,1,21629200081796,,2026-10-09T00:00:00,12000,3,JEERAUNJHA 09OCT2026 CE 12000,1,1,JEERAUNJHA09OCT26CE12000FOCT26
NCDEX,80636,2,GUARGUM5,GUARGUM528AUG26PE12800FSEP26,OPTFUT,GUARGUM5-OPTFUT,21624000080636,1581.5,249,250,0.5,5,10,21626100080558,,2026-08-28T00:00:00,12800,4,GUARGUM5 28AUG2026 PE 12800,1,1,GUARGUM528AUG26PE12800FSEP26
NCDEX,82719,2,TMCFGRNZM,TMCFGRNZM10DEC26CE19600FDEC26,OPTFUT,TMCFGRNZM-OPTFUT,21634400082719,3684,1975,250,1,5,10,21635200081800,,2026-12-10T00:00:00,19600,3,TMCFGRNZM 10DEC2026 CE 19600,1,1,TMCFGRNZM10DEC26CE19600FDEC26
NCDEX,82998,2,GUARSEED10,GUARSEED1029JAN27CE7000FFEB27,OPTFUT,GUARSEED10-OPTFUT,21702900082998,292,64.5,500,0.5,5,10,21705000082907,,2027-01-29T00:00:00,7000,3,GUARSEED10 29JAN2027 CE 7000,1,1,GUARSEED1029JAN27CE7000FFEB27
NCDEX,81678,2,GUARSEED10,GUARSEED1030OCT26CE4500FNOV26,OPTFUT,GUARSEED10-OPTFUT,21630300081678,2162.5,1418.5,500,0.5,5,1,21632400081456,,2026-10-30T00:00:00,4500,3,GUARSEED10 30OCT2026 CE 4500,1,1,GUARSEED1030OCT26CE4500FNOV26
NCDEX,83275,2,JEERAUNJHA,JEERAUNJHA10DEC26CE24800FDEC26,OPTFUT,JEERAUNJHA-OPTFUT,21634400083275,452,22,150,2,3,10,21635200082910,,2026-12-10T00:00:00,24800,3,JEERAUNJHA 10DEC2026 CE 24800,1,1,JEERAUNJHA10DEC26CE24800FDEC26
NCDEX,81680,2,GUARSEED10,GUARSEED1030OCT26PE6000FNOV26,OPTFUT,GUARSEED10-OPTFUT,21630300081680,338,65,500,0.5,5,10,21632400081456,,2026-10-30T00:00:00,6000,4,GUARSEED10 30OCT2026 PE 6000,1,1,GUARSEED1030OCT26PE6000FNOV26
NCDEX,81687,2,GUARGUM5,GUARGUM530OCT26PE8000FNOV26,OPTFUT,GUARGUM5-OPTFUT,21630300081687,5,0.5,250,0.5,5,1,21632400081455,,2026-10-30T00:00:00,8000,4,GUARGUM5 30OCT2026 PE 8000,1,1,GUARGUM530OCT26PE8000FNOV26
NCDEX,82680,2,DHANIYA,DHANIYA10DEC26PE16200FDEC26,OPTFUT,DHANIYA-OPTFUT,21634400082680,1617,722,500,1,5,10,21635200081790,,2026-12-10T00:00:00,16200,4,DHANIYA 10DEC2026 PE 16200,1,1,DHANIYA10DEC26PE16200FDEC26
NCDEX,81186,2,GUARSEED10,GUARSEED1025SEP26CE5100FOCT26,OPTFUT,GUARSEED10-OPTFUT,21626800081186,1581.5,835,500,0.5,5,10,21628900080899,,2026-09-25T00:00:00,5100,3,GUARSEED10 25SEP2026 CE 5100,1,1,GUARSEED1025SEP26CE5100FOCT26
NCDEX,80805,2,GUARSEED10,GUARSEED1028AUG26CE6500FSEP26,OPTFUT,GUARSEED10-OPTFUT,21624000080805,252,0.5,500,0.5,5,10,21626100080559,,2026-08-28T00:00:00,6500,3,GUARSEED10 28AUG2026 CE 6500,1,1,GUARSEED1028AUG26CE6500FSEP26
NCDEX,81695,2,GUARSEED10,GUARSEED1030OCT26PE5000FNOV26,OPTFUT,GUARSEED10-OPTFUT,21630300081695,30.5,1.5,500,0.5,5,1,21632400081456,,2026-10-30T00:00:00,5000,4,GUARSEED10 30OCT2026 PE 5000,1,1,GUARSEED1030OCT26PE5000FNOV26
NCDEX,82059,2,DHANIYA,DHANIYA10DEC26CE12800FDEC26,OPTFUT,DHANIYA-OPTFUT,21634400082059,4882,3055,500,1,5,10,21635200081790,,2026-12-10T00:00:00,12800,3,DHANIYA 10DEC2026 CE 12800,1,1,DHANIYA10DEC26CE12800FDEC26
NCDEX,82245,2,DHANIYA,DHANIYA09OCT26PE15300FOCT26,OPTFUT,DHANIYA-OPTFUT,21628200082245,791,144,500,1,5,10,21629200080896,,2026-10-09T00:00:00,15300,4,DHANIYA 09OCT2026 PE 15300,1,1,DHANIYA09OCT26PE15300FOCT26
NCDEX,82006,2,GUARGUM5,GUARGUM527NOV26CE14200FDEC26,OPTFUT,GUARGUM5-OPTFUT,21633100082006,529,104.5,250,0.5,5,10,21635200081792,,2026-11-27T00:00:00,14200,3,GUARGUM5 27NOV2026 CE 14200,1,1,GUARGUM527NOV26CE14200FDEC26
NCDEX,81220,2,DHANIYA,DHANIYA09OCT26CE12400FOCT26,OPTFUT,DHANIYA-OPTFUT,21628200081220,4925,2999,500,1,5,10,21629200080896,,2026-10-09T00:00:00,12400,3,DHANIYA 09OCT2026 CE 12400,1,1,DHANIYA09OCT26CE12400FOCT26
NCDEX,81927,2,TMCFGRNZM,TMCFGRNZM10DEC26PE18000FDEC26,OPTFUT,TMCFGRNZM-OPTFUT,21634400081927,1240,554,250,1,5,10,21635200081800,,2026-12-10T00:00:00,18000,4,TMCFGRNZM 10DEC2026 PE 18000,1,1,TMCFGRNZM10DEC26PE18000FDEC26
NCDEX,81536,2,JEERAUNJHA,JEERAUNJHA09SEP26CE26400FSEP26,OPTFUT,JEERAUNJHA-OPTFUT,21625200081536,20,2,150,2,3,1,21626100081459,,2026-09-09T00:00:00,26400,3,JEERAUNJHA 09SEP2026 CE 26400,1,1,JEERAUNJHA09SEP26CE26400FSEP26
NCDEX,81321,2,GUARGUM5,GUARGUM525SEP26PE7200FOCT26,OPTFUT,GUARGUM5-OPTFUT,21626800081321,5,0.5,250,0.5,5,1,21628900080898,,2026-09-25T00:00:00,7200,4,GUARGUM5 25SEP2026 PE 7200,1,1,GUARGUM525SEP26PE7200FOCT26
NCDEX,82875,2,DHANIYA,DHANIYA10DEC26PE18100FDEC26,OPTFUT,DHANIYA-OPTFUT,21634400082875,2907,1608,500,1,5,10,21635200081790,,2026-12-10T00:00:00,18100,4,DHANIYA 10DEC2026 PE 18100,1,1,DHANIYA10DEC26PE18100FDEC26
NCDEX,81977,2,TMCFGRNZM,TMCFGRNZM10DEC26PE14200FDEC26,OPTFUT,TMCFGRNZM-OPTFUT,21634400081977,232,66,250,1,5,1,21635200081800,,2026-12-10T00:00:00,14200,4,TMCFGRNZM 10DEC2026 PE 14200,1,1,TMCFGRNZM10DEC26PE14200FDEC26
NCDEX,82246,2,DHANIYA,DHANIYA09OCT26CE14900FOCT26,OPTFUT,DHANIYA-OPTFUT,21628200082246,2596,996,500,1,5,10,21629200080896,,2026-10-09T00:00:00,14900,3,DHANIYA 09OCT2026 CE 14900,1,1,DHANIYA09OCT26CE14900FOCT26
NCDEX,81893,2,JEERAUNJHA,JEERAUNJHA09OCT26CE14000FOCT26,OPTFUT,JEERAUNJHA-OPTFUT,21628200081893,8478,5956,150,2,3,1,21629200081796,,2026-10-09T00:00:00,14000,3,JEERAUNJHA 09OCT2026 CE 14000,1,1,JEERAUNJHA09OCT26CE14000FOCT26
NCDEX,82525,2,GUARSEED10,GUARSEED1024DEC26PE7600FJAN27,OPTFUT,GUARSEED10-OPTFUT,21635800082525,1659,1019,500,0.5,5,1,21702000082352,,2026-12-24T00:00:00,7600,4,GUARSEED10 24DEC2026 PE 7600,1,1,GUARSEED1024DEC26PE7600FJAN27
NCDEX,82215,2,TMCFGRNZM,TMCFGRNZM10DEC26PE17600FDEC26,OPTFUT,TMCFGRNZM-OPTFUT,21634400082215,1082,466,250,1,5,10,21635200081800,,2026-12-10T00:00:00,17600,4,TMCFGRNZM 10DEC2026 PE 17600,1,1,TMCFGRNZM10DEC26PE17600FDEC26
NCDEX,82638,2,GUARGUM5,GUARGUM524DEC26CE15200FJAN27,OPTFUT,GUARGUM5-OPTFUT,21635800082638,372.5,41,250,0.5,5,10,21702000082351,,2026-12-24T00:00:00,15200,3,GUARGUM5 24DEC2026 CE 15200,1,1,GUARGUM524DEC26CE15200FJAN27
NCDEX,82281,2,DHANIYA,DHANIYA09OCT26PE16000FOCT26,OPTFUT,DHANIYA-OPTFUT,21628200082281,1187,290,500,1,5,10,21629200080896,,2026-10-09T00:00:00,16000,4,DHANIYA 09OCT2026 PE 16000,1,1,DHANIYA09OCT26PE16000FOCT26
NCDEX,82135,2,GUARSEED10,GUARSEED1027NOV26CE5300FDEC26,OPTFUT,GUARSEED10-OPTFUT,21633100082135,1389,712,500,0.5,5,10,21635200081793,,2026-11-27T00:00:00,5300,3,GUARSEED10 27NOV2026 CE 5300,1,1,GUARSEED1027NOV26CE5300FDEC26
NCDEX,82593,2,GUARGUM5,GUARGUM524DEC26CE10600FJAN27,OPTFUT,GUARGUM5-OPTFUT,21635800082593,3442.5,1929.5,250,0.5,5,10,21702000082351,,2026-12-24T00:00:00,10600,3,GUARGUM5 24DEC2026 CE 10600,1,1,GUARGUM524DEC26CE10600FJAN27
NCDEX,82603,2,JEERAUNJHA,JEERAUNJHA12NOV26CE14800FNOV26,OPTFUT,JEERAUNJHA-OPTFUT,21631600082603,8048,5494,150,2,3,1,21632400082355,,2026-11-12T00:00:00,14800,3,JEERAUNJHA 12NOV2026 CE 14800,1,1,JEERAUNJHA12NOV26CE14800FNOV26
NCDEX,81314,2,DHANIYA,DHANIYA09OCT26CE12600FOCT26,OPTFUT,DHANIYA-OPTFUT,21628200081314,4729,2810,500,1,5,10,21629200080896,,2026-10-09T00:00:00,12600,3,DHANIYA 09OCT2026 CE 12600,1,1,DHANIYA09OCT26CE12600FOCT26
NCDEX,81981,2,JEERAUNJHA,JEERAUNJHA09OCT26PE22400FOCT26,OPTFUT,JEERAUNJHA-OPTFUT,21628200081981,2436,514,150,2,3,10,21629200081796,,2026-10-09T00:00:00,22400,4,JEERAUNJHA 09OCT2026 PE 22400,1,1,JEERAUNJHA09OCT26PE22400FOCT26
NCDEX,82629,2,GUARGUM5,GUARGUM524DEC26PE15800FJAN27,OPTFUT,GUARGUM5-OPTFUT,21635800082629,3232,1813,250,0.5,5,1,21702000082351,,2026-12-24T00:00:00,15800,4,GUARGUM5 24DEC2026 PE 15800,1,1,GUARGUM524DEC26PE15800FJAN27
NCDEX,81098,2,TMCFGRNZM,TMCFGRNZM08OCT26PE12000FOCT26,OPTFUT,TMCFGRNZM-OPTFUT,21628100081098,10,1,250,1,5,1,21628900080907,,2026-10-08T00:00:00,12000,4,TMCFGRNZM 08OCT2026 PE 12000,1,1,TMCFGRNZM08OCT26PE12000FOCT26
NCDEX,82151,2,GUARSEED10,GUARSEED1027NOV26PE7700FDEC26,OPTFUT,GUARSEED10-OPTFUT,21633100082151,1746,1066,500,0.5,5,1,21635200081793,,2026-11-27T00:00:00,7700,4,GUARSEED10 27NOV2026 PE 7700,1,1,GUARSEED1027NOV26PE7700FDEC26
NCDEX,81164,2,GUARSEED10,GUARSEED1025SEP26CE5200FOCT26,OPTFUT,GUARSEED10-OPTFUT,21626800081164,1483,739.5,500,0.5,5,10,21628900080899,,2026-09-25T00:00:00,5200,3,GUARSEED10 25SEP2026 CE 5200,1,1,GUARSEED1025SEP26CE5200FOCT26
NCDEX,81275,2,TMCFGRNZM,TMCFGRNZM08OCT26CE13600FOCT26,OPTFUT,TMCFGRNZM-OPTFUT,21628100081275,8431,5959,250,1,5,10,21628900080907,,2026-10-08T00:00:00,13600,3,TMCFGRNZM 08OCT2026 CE 13600,1,1,TMCFGRNZM08OCT26CE13600FOCT26
NCDEX,83159,2,JEERAUNJHA,JEERAUNJHA10DEC26CE16800FDEC26,OPTFUT,JEERAUNJHA-OPTFUT,21634400083159,6452,3878,150,2,3,1,21635200082910,,2026-12-10T00:00:00,16800,3,JEERAUNJHA 10DEC2026 CE 16800,1,1,JEERAUNJHA10DEC26CE16800FDEC26
NCDEX,83196,2,DHANIYA,DHANIYA12JAN27CE18000FJAN27,OPTFUT,DHANIYA-OPTFUT,21701200083196,1406,561,500,1,5,10,21702000082903,,2027-01-12T00:00:00,18000,3,DHANIYA 12JAN2027 CE 18000,1,1,DHANIYA12JAN27CE18000FJAN27
NCDEX,82294,2,DHANIYA,DHANIYA09OCT26CE16100FOCT26,OPTFUT,DHANIYA-OPTFUT,21628200082294,1680,452,500,1,5,10,21629200080896,,2026-10-09T00:00:00,16100,3,DHANIYA 09OCT2026 CE 16100,1,1,DHANIYA09OCT26CE16100FOCT26
NCDEX,81441,2,DHANIYA,DHANIYA09OCT26CE14100FOCT26,OPTFUT,DHANIYA-OPTFUT,21628200081441,3300,1527,500,1,5,10,21629200080896,,2026-10-09T00:00:00,14100,3,DHANIYA 09OCT2026 CE 14100,1,1,DHANIYA09OCT26CE14100FOCT26
NCDEX,82855,2,DHANIYA,DHANIYA10DEC26CE17800FDEC26,OPTFUT,DHANIYA-OPTFUT,21634400082855,1458,529,500,1,5,10,21635200081790,,2026-12-10T00:00:00,17800,3,DHANIYA 10DEC2026 CE 17800,1,1,DHANIYA10DEC26CE17800FDEC26
NCDEX,82101,2,GUARSEED10,GUARSEED1027NOV26CE6900FDEC26,OPTFUT,GUARSEED10-OPTFUT,21633100082101,309,60.5,500,0.5,5,10,21635200081793,,2026-11-27T00:00:00,6900,3,GUARSEED10 27NOV2026 CE 6900,1,1,GUARSEED1027NOV26CE6900FDEC26
NCDEX,81753,2,GUARGUM5,GUARGUM530OCT26PE8200FNOV26,OPTFUT,GUARGUM5-OPTFUT,21630300081753,5,0.5,250,0.5,5,1,21632400081455,,2026-10-30T00:00:00,8200,4,GUARGUM5 30OCT2026 PE 8200,1,1,GUARGUM530OCT26PE8200FNOV26
NCDEX,83198,2,JEERAUNJHA,JEERAUNJHA10DEC26PE24800FDEC26,OPTFUT,JEERAUNJHA-OPTFUT,21634400083198,3992,1716,150,2,3,10,21635200082910,,2026-12-10T00:00:00,24800,4,JEERAUNJHA 10DEC2026 PE 24800,1,1,JEERAUNJHA10DEC26PE24800FDEC26
NCDEX,82565,2,GUARSEED10,GUARSEED1024DEC26CE6400FJAN27,OPTFUT,GUARSEED10-OPTFUT,21635800082565,594.5,199.5,500,0.5,5,10,21702000082352,,2026-12-24T00:00:00,6400,3,GUARSEED10 24DEC2026 CE 6400,1,1,GUARSEED1024DEC26CE6400FJAN27
NCDEX,82554,2,JEERAUNJHA,JEERAUNJHA12NOV26CE27600FNOV26,OPTFUT,JEERAUNJHA-OPTFUT,21631600082554,26,2,150,2,3,1,21632400082355,,2026-11-12T00:00:00,27600,3,JEERAUNJHA 12NOV2026 CE 27600,1,1,JEERAUNJHA12NOV26CE27600FNOV26
NCDEX,81303,2,GUARSEED10,GUARSEED1025SEP26PE5500FOCT26,OPTFUT,GUARSEED10-OPTFUT,21626800081303,76,1,500,0.5,5,10,21628900080899,,2026-09-25T00:00:00,5500,4,GUARSEED10 25SEP2026 PE 5500,1,1,GUARSEED1025SEP26PE5500FOCT26
NCDEX,83146,2,GUARSEED10,GUARSEED1029JAN27PE4800FFEB27,OPTFUT,GUARSEED10-OPTFUT,21702900083146,35.5,4,500,0.5,5,1,21705000082907,,2027-01-29T00:00:00,4800,4,GUARSEED10 29JAN2027 PE 4800,1,1,GUARSEED1029JAN27PE4800FFEB27
NCDEX,81780,2,TMCFGRNZM,TMCFGRNZM08OCT26CE18400FOCT26,OPTFUT,TMCFGRNZM-OPTFUT,21628100081780,3883,1755,250,1,5,10,21628900080907,,2026-10-08T00:00:00,18400,3,TMCFGRNZM 08OCT2026 CE 18400,1,1,TMCFGRNZM08OCT26CE18400FOCT26
NCDEX,82292,2,DHANIYA,DHANIYA09OCT26CE16300FOCT26,OPTFUT,DHANIYA-OPTFUT,21628200082292,1548,390,500,1,5,10,21629200080896,,2026-10-09T00:00:00,16300,3,DHANIYA 09OCT2026 CE 16300,1,1,DHANIYA09OCT26CE16300FOCT26
NCDEX,83148,2,GUARSEED10,GUARSEED1029JAN27CE6100FFEB27,OPTFUT,GUARSEED10-OPTFUT,21702900083148,746.5,275,500,0.5,5,10,21705000082907,,2027-01-29T00:00:00,6100,3,GUARSEED10 29JAN2027 CE 6100,1,1,GUARSEED1029JAN27CE6100FFEB27
NCDEX,81334,2,GUARSEED10,GUARSEED1025SEP26CE6100FOCT26,OPTFUT,GUARSEED10-OPTFUT,21626800081334,652.5,116.5,500,0.5,5,10,21628900080899,,2026-09-25T00:00:00,6100,3,GUARSEED10 25SEP2026 CE 6100,1,1,GUARSEED1025SEP26CE6100FOCT26
NCDEX,80782,2,GUARSEED10,GUARSEED1028AUG26PE4200FSEP26,OPTFUT,GUARSEED10-OPTFUT,21624000080782,5,0.5,500,0.5,5,1,21626100080559,,2026-08-28T00:00:00,4200,4,GUARSEED10 28AUG2026 PE 4200,1,1,GUARSEED1028AUG26PE4200FSEP26
NCDEX,81943,2,JEERAUNJHA,JEERAUNJHA09OCT26PE25600FOCT26,OPTFUT,JEERAUNJHA-OPTFUT,21628200081943,5530,3024,150,2,3,10,21629200081796,,2026-10-09T00:00:00,25600,4,JEERAUNJHA 09OCT2026 PE 25600,1,1,JEERAUNJHA09OCT26PE25600FOCT26
NCDEX,82009,2,GUARGUM5,GUARGUM527NOV26CE12000FDEC26,OPTFUT,GUARGUM5-OPTFUT,21633100082009,1605.5,606.5,250,0.5,5,10,21635200081792,,2026-11-27T00:00:00,12000,3,GUARGUM5 27NOV2026 CE 12000,1,1,GUARGUM527NOV26CE12000FDEC26
NCDEX,82309,2,DHANIYA,DHANIYA10DEC26PE15000FDEC26,OPTFUT,DHANIYA-OPTFUT,21634400082309,993,370,500,1,5,10,21635200081790,,2026-12-10T00:00:00,15000,4,DHANIYA 10DEC2026 PE 15000,1,1,DHANIYA10DEC26PE15000FDEC26
NCDEX,80719,2,GUARSEED10,GUARSEED1028AUG26PE6000FSEP26,OPTFUT,GUARSEED10-OPTFUT,21624000080719,253.5,0.5,500,0.5,5,10,21626100080559,,2026-08-28T00:00:00,6000,4,GUARSEED10 28AUG2026 PE 6000,1,1,GUARSEED1028AUG26PE6000FSEP26
NCDEX,81999,2,GUARSEED10,GUARSEED1027NOV26PE7800FDEC26,OPTFUT,GUARSEED10-OPTFUT,21633100081999,1840.5,1151,500,0.5,5,1,21635200081793,,2026-11-27T00:00:00,7800,4,GUARSEED10 27NOV2026 PE 7800,1,1,GUARSEED1027NOV26PE7800FDEC26
NCDEX,82727,2,DHANIYA,DHANIYA10DEC26CE17500FDEC26,OPTFUT,DHANIYA-OPTFUT,21634400082727,1593,602,500,1,5,10,21635200081790,,2026-12-10T00:00:00,17500,3,DHANIYA 10DEC2026 CE 17500,1,1,DHANIYA10DEC26CE17500FDEC26
NCDEX,80759,2,GUARGUM5,GUARGUM528AUG26PE12000FSEP26,OPTFUT,GUARGUM5-OPTFUT,21624000080759,876,11.5,250,0.5,5,10,21626100080558,,2026-08-28T00:00:00,12000,4,GUARGUM5 28AUG2026 PE 12000,1,1,GUARGUM528AUG26PE12000FSEP26
NCDEX,82202,2,GUARGUM5,GUARGUM527NOV26PE16400FDEC26,OPTFUT,GUARGUM5-OPTFUT,21633100082202,4562.5,3153.5,250,0.5,5,1,21635200081792,,2026-11-27T00:00:00,16400,4,GUARGUM5 27NOV2026 PE 16400,1,1,GUARGUM527NOV26PE16400FDEC26
NCDEX,82557,2,GUARSEED10,GUARSEED1024DEC26PE4600FJAN27,OPTFUT,GUARSEED10-OPTFUT,21635800082557,26.5,3,500,0.5,5,1,21702000082352,,2026-12-24T00:00:00,4600,4,GUARSEED10 24DEC2026 PE 4600,1,1,GUARSEED1024DEC26PE4600FJAN27
NCDEX,82093,2,JEERAUNJHA,JEERAUNJHA09OCT26CE15600FOCT26,OPTFUT,JEERAUNJHA-OPTFUT,21628200082093,6894,4372,150,2,3,10,21629200081796,,2026-10-09T00:00:00,15600,3,JEERAUNJHA 09OCT2026 CE 15600,1,1,JEERAUNJHA09OCT26CE15600FOCT26
NCDEX,81439,2,DHANIYA,DHANIYA09OCT26CE14000FOCT26,OPTFUT,DHANIYA-OPTFUT,21628200081439,3392,1603,500,1,5,10,21629200080896,,2026-10-09T00:00:00,14000,3,DHANIYA 09OCT2026 CE 14000,1,1,DHANIYA09OCT26CE14000FOCT26
NCDEX,83157,2,GUARGUM5,GUARGUM529JAN27CE15800FFEB27,OPTFUT,GUARGUM5-OPTFUT,21702900083157,433,88.5,250,0.5,5,1,21705000082905,,2027-01-29T00:00:00,15800,3,GUARGUM5 29JAN2027 CE 15800,1,1,GUARGUM529JAN27CE15800FFEB27
NCDEX,81143,2,GUARGUM5,GUARGUM525SEP26CE9400FOCT26,OPTFUT,GUARGUM5-OPTFUT,21626800081143,3446.5,2002.5,250,0.5,5,10,21628900080898,,2026-09-25T00:00:00,9400,3,GUARGUM5 25SEP2026 CE 9400,1,1,GUARGUM525SEP26CE9400FOCT26
NCDEX,82115,2,JEERAUNJHA,JEERAUNJHA09OCT26PE14000FOCT26,OPTFUT,JEERAUNJHA-OPTFUT,21628200082115,20,2,150,2,3,1,21629200081796,,2026-10-09T00:00:00,14000,4,JEERAUNJHA 09OCT2026 PE 14000,1,1,JEERAUNJHA09OCT26PE14000FOCT26
NCDEX,82879,2,DHANIYA,DHANIYA10DEC26PE18200FDEC26,OPTFUT,DHANIYA-OPTFUT,21634400082879,2983,1666,500,1,5,10,21635200081790,,2026-12-10T00:00:00,18200,4,DHANIYA 10DEC2026 PE 18200,1,1,DHANIYA10DEC26PE18200FDEC26
NCDEX,81613,2,GUARSEED10,GUARSEED1030OCT26PE7200FNOV26,OPTFUT,GUARSEED10-OPTFUT,21630300081613,1271,624.5,500,0.5,5,10,21632400081456,,2026-10-30T00:00:00,7200,4,GUARSEED10 30OCT2026 PE 7200,1,1,GUARSEED1030OCT26PE7200FNOV26
NCDEX,82030,2,GUARSEED10,GUARSEED1027NOV26PE7600FDEC26,OPTFUT,GUARSEED10-OPTFUT,21633100082030,1652,982.5,500,0.5,5,1,21635200081793,,2026-11-27T00:00:00,7600,4,GUARSEED10 27NOV2026 PE 7600,1,1,GUARSEED1027NOV26PE7600FDEC26
NCDEX,81073,2,GUARGUM5,GUARGUM525SEP26CE15000FOCT26,OPTFUT,GUARGUM5-OPTFUT,21626800081073,42.5,0.5,250,0.5,5,1,21628900080898,,2026-09-25T00:00:00,15000,3,GUARGUM5 25SEP2026 CE 15000,1,1,GUARGUM525SEP26CE15000FOCT26
NCDEX,81932,2,GUARSEED10,GUARSEED1027NOV26PE6700FDEC26,OPTFUT,GUARSEED10-OPTFUT,21633100081932,861,364.5,500,0.5,5,10,21635200081793,,2026-11-27T00:00:00,6700,4,GUARSEED10 27NOV2026 PE 6700,1,1,GUARSEED1027NOV26PE6700FDEC26
NCDEX,82162,2,DHANIYA,DHANIYA10DEC26PE14200FDEC26,OPTFUT,DHANIYA-OPTFUT,21634400082162,671,216,500,1,5,10,21635200081790,,2026-12-10T00:00:00,14200,4,DHANIYA 10DEC2026 PE 14200,1,1,DHANIYA10DEC26PE14200FDEC26
NCDEX,81026,2,DHANIYA,DHANIYA09OCT26PE12700FOCT26,OPTFUT,DHANIYA-OPTFUT,21628200081026,72,3,500,1,5,10,21629200080896,,2026-10-09T00:00:00,12700,4,DHANIYA 09OCT2026 PE 12700,1,1,DHANIYA09OCT26PE12700FOCT26
NCDEX,82622,2,GUARGUM5,GUARGUM524DEC26PE14000FJAN27,OPTFUT,GUARGUM5-OPTFUT,21635800082622,1654,615.5,250,0.5,5,10,21702000082351,,2026-12-24T00:00:00,14000,4,GUARGUM5 24DEC2026 PE 14000,1,1,GUARGUM524DEC26PE14000FJAN27
NCDEX,81607,2,GUARSEED10,GUARSEED1030OCT26PE6200FNOV26,OPTFUT,GUARSEED10-OPTFUT,21630300081607,458,110,500,0.5,5,10,21632400081456,,2026-10-30T00:00:00,6200,4,GUARSEED10 30OCT2026 PE 6200,1,1,GUARSEED1030OCT26PE6200FNOV26
NCDEX,83263,2,GUARSEED10,GUARSEED1029JAN27CE6800FFEB27,OPTFUT,GUARSEED10-OPTFUT,21702900083263,368,92,500,0.5,5,10,21705000082907,,2027-01-29T00:00:00,6800,3,GUARSEED10 29JAN2027 CE 6800,1,1,GUARSEED1029JAN27CE6800FFEB27
NCDEX,82679,2,DHANIYA,DHANIYA10DEC26CE15800FDEC26,OPTFUT,DHANIYA-OPTFUT,21634400082679,2536,1182,500,1,5,10,21635200081790,,2026-12-10T00:00:00,15800,3,DHANIYA 10DEC2026 CE 15800,1,1,DHANIYA10DEC26CE15800FDEC26
NCDEX,81550,2,GUARGUM5,GUARGUM530OCT26CE8200FNOV26,OPTFUT,GUARGUM5-OPTFUT,21630300081550,4803,3346.5,250,0.5,5,1,21632400081455,,2026-10-30T00:00:00,8200,3,GUARGUM5 30OCT2026 CE 8200,1,1,GUARGUM530OCT26CE8200FNOV26
NCDEX,80780,2,GUARGUM5,GUARGUM528AUG26CE7800FSEP26,OPTFUT,GUARGUM5-OPTFUT,21624000080780,4860.5,3430.5,250,0.5,5,1,21626100080558,,2026-08-28T00:00:00,7800,3,GUARGUM5 28AUG2026 CE 7800,1,1,GUARGUM528AUG26CE7800FSEP26
NCDEX,81091,2,GUARSEED10,GUARSEED1025SEP26CE7400FOCT26,OPTFUT,GUARSEED10-OPTFUT,21626800081091,61,0.5,500,0.5,5,1,21628900080899,,2026-09-25T00:00:00,7400,3,GUARSEED10 25SEP2026 CE 7400,1,1,GUARSEED1025SEP26CE7400FOCT26
NCDEX,81962,2,GUARSEED10,GUARSEED1027NOV26PE6300FDEC26,OPTFUT,GUARSEED10-OPTFUT,21633100081962,567.5,191,500,0.5,5,10,21635200081793,,2026-11-27T00:00:00,6300,4,GUARSEED10 27NOV2026 PE 6300,1,1,GUARSEED1027NOV26PE6300FDEC26
NCDEX,81994,2,GUARSEED10,GUARSEED1027NOV26PE6600FDEC26,OPTFUT,GUARSEED10-OPTFUT,21633100081994,783,314.5,500,0.5,5,10,21635200081793,,2026-11-27T00:00:00,6600,4,GUARSEED10 27NOV2026 PE 6600,1,1,GUARSEED1027NOV26PE6600FDEC26
NCDEX,82208,2,DHANIYA,DHANIYA10DEC26PE13400FDEC26,OPTFUT,DHANIYA-OPTFUT,21634400082208,423,115,500,1,5,10,21635200081790,,2026-12-10T00:00:00,13400,4,DHANIYA 10DEC2026 PE 13400,1,1,DHANIYA10DEC26PE13400FDEC26
NCDEX,81558,2,JEERAUNJHA,JEERAUNJHA09SEP26PE22800FSEP26,OPTFUT,JEERAUNJHA-OPTFUT,21625200081558,3142,712,150,2,3,10,21626100081459,,2026-09-09T00:00:00,22800,4,JEERAUNJHA 09SEP2026 PE 22800,1,1,JEERAUNJHA09SEP26PE22800FSEP26
NCDEX,83031,2,GUARGUM5,GUARGUM529JAN27CE11800FFEB27,OPTFUT,GUARGUM5-OPTFUT,21702900083031,2438.5,1188,250,0.5,5,10,21705000082905,,2027-01-29T00:00:00,11800,3,GUARGUM5 29JAN2027 CE 11800,1,1,GUARGUM529JAN27CE11800FFEB27
NCDEX,81650,2,GUARSEED10,GUARSEED1030OCT26PE6600FNOV26,OPTFUT,GUARSEED10-OPTFUT,21630300081650,748.5,256,500,0.5,5,10,21632400081456,,2026-10-30T00:00:00,6600,4,GUARSEED10 30OCT2026 PE 6600,1,1,GUARSEED1030OCT26PE6600FNOV26
NCDEX,83214,2,GUARGUM5,GUARGUM529JAN27PE12200FFEB27,OPTFUT,GUARGUM5-OPTFUT,21702900083214,723,228.5,250,0.5,5,10,21705000082905,,2027-01-29T00:00:00,12200,4,GUARGUM5 29JAN2027 PE 12200,1,1,GUARGUM529JAN27PE12200FFEB27
NCDEX,81262,2,GUARGUM5,GUARGUM525SEP26CE12800FOCT26,OPTFUT,GUARGUM5-OPTFUT,21626800081262,559.5,27.5,250,0.5,5,10,21628900080898,,2026-09-25T00:00:00,12800,3,GUARGUM5 25SEP2026 CE 12800,1,1,GUARGUM525SEP26CE12800FOCT26
NCDEX,81102,2,GUARSEED10,GUARSEED1025SEP26CE7500FOCT26,OPTFUT,GUARSEED10-OPTFUT,21626800081102,47.5,0.5,500,0.5,5,1,21628900080899,,2026-09-25T00:00:00,7500,3,GUARSEED10 25SEP2026 CE 7500,1,1,GUARSEED1025SEP26CE7500FOCT26
NCDEX,80822,2,GUARGUM5,GUARGUM528AUG26PE11000FSEP26,OPTFUT,GUARGUM5-OPTFUT,21624000080822,259.5,0.5,250,0.5,5,10,21626100080558,,2026-08-28T00:00:00,11000,4,GUARGUM5 28AUG2026 PE 11000,1,1,GUARGUM528AUG26PE11000FSEP26
NCDEX,81732,2,GUARSEED10,GUARSEED1030OCT26CE5100FNOV26,OPTFUT,GUARSEED10-OPTFUT,21630300081732,1575.5,852.5,500,0.5,5,10,21632400081456,,2026-10-30T00:00:00,5100,3,GUARSEED10 30OCT2026 CE 5100,1,1,GUARSEED1030OCT26CE5100FNOV26
NCDEX,82762,2,TMCFGRNZM,TMCFGRNZM08OCT26PE20800FOCT26,OPTFUT,TMCFGRNZM-OPTFUT,21628100082762,1961,642,250,1,5,10,21628900080907,,2026-10-08T00:00:00,20800,4,TMCFGRNZM 08OCT2026 PE 20800,1,1,TMCFGRNZM08OCT26PE20800FOCT26
NCDEX,82734,2,TMCFGRNZM,TMCFGRNZM10DEC26PE20400FDEC26,OPTFUT,TMCFGRNZM-OPTFUT,21634400082734,2446,1320,250,1,5,10,21635200081800,,2026-12-10T00:00:00,20400,4,TMCFGRNZM 10DEC2026 PE 20400,1,1,TMCFGRNZM10DEC26PE20400FDEC26
NCDEX,82700,2,TMCFGRNZM,TMCFGRNZM10DEC26CE19800FDEC26,OPTFUT,TMCFGRNZM-OPTFUT,21634400082700,3562,1887,250,1,5,10,21635200081800,,2026-12-10T00:00:00,19800,3,TMCFGRNZM 10DEC2026 CE 19800,1,1,TMCFGRNZM10DEC26CE19800FDEC26
NCDEX,83092,2,GUARGUM5,GUARGUM529JAN27CE16600FFEB27,OPTFUT,GUARGUM5-OPTFUT,21702900083092,278,46.5,250,0.5,5,1,21705000082905,,2027-01-29T00:00:00,16600,3,GUARGUM5 29JAN2027 CE 16600,1,1,GUARGUM529JAN27CE16600FFEB27
NCDEX,82487,2,GUARSEED10,GUARSEED1024DEC26CE5000FJAN27,OPTFUT,GUARSEED10-OPTFUT,21635800082487,1668,975,500,0.5,5,1,21702000082352,,2026-12-24T00:00:00,5000,3,GUARSEED10 24DEC2026 CE 5000,1,1,GUARSEED1024DEC26CE5000FJAN27
NCDEX,80681,2,GUARGUM5,GUARGUM528AUG26CE9800FSEP26,OPTFUT,GUARGUM5-OPTFUT,21624000080681,2865.5,1435.5,250,0.5,5,10,21626100080558,,2026-08-28T00:00:00,9800,3,GUARGUM5 28AUG2026 CE 9800,1,1,GUARGUM528AUG26CE9800FSEP26
NCDEX,80723,2,GUARGUM5,GUARGUM528AUG26CE10200FSEP26,OPTFUT,GUARGUM5-OPTFUT,21624000080723,2468,1037,250,0.5,5,10,21626100080558,,2026-08-28T00:00:00,10200,3,GUARGUM5 28AUG2026 CE 10200,1,1,GUARGUM528AUG26CE10200FSEP26
NCDEX,82701,2,DHANIYA,DHANIYA10DEC26PE16600FDEC26,OPTFUT,DHANIYA-OPTFUT,21634400082701,1861,874,500,1,5,10,21635200081790,,2026-12-10T00:00:00,16600,4,DHANIYA 10DEC2026 PE 16600,1,1,DHANIYA10DEC26PE16600FDEC26
NCDEX,83005,2,GUARSEED10,GUARSEED1029JAN27PE7000FFEB27,OPTFUT,GUARSEED10-OPTFUT,21702900083005,1107,562,500,0.5,5,10,21705000082907,,2027-01-29T00:00:00,7000,4,GUARSEED10 29JAN2027 PE 7000,1,1,GUARSEED1029JAN27PE7000FFEB27
NCDEX,82672,2,JEERAUNJHA,JEERAUNJHA12NOV26CE25600FNOV26,OPTFUT,JEERAUNJHA-OPTFUT,21631600082672,156,2,150,2,3,10,21632400082355,,2026-11-12T00:00:00,25600,3,JEERAUNJHA 12NOV2026 CE 25600,1,1,JEERAUNJHA12NOV26CE25600FNOV26
NCDEX,80828,2,GUARGUM5,GUARGUM528AUG26PE7600FSEP26,OPTFUT,GUARGUM5-OPTFUT,21624000080828,5,0.5,250,0.5,5,1,21626100080558,,2026-08-28T00:00:00,7600,4,GUARGUM5 28AUG2026 PE 7600,1,1,GUARGUM528AUG26PE7600FSEP26
NCDEX,81884,2,GUARGUM5,GUARGUM527NOV26PE16600FDEC26,OPTFUT,GUARGUM5-OPTFUT,21633100081884,4755,3336.5,250,0.5,5,1,21635200081792,,2026-11-27T00:00:00,16600,4,GUARGUM5 27NOV2026 PE 16600,1,1,GUARGUM527NOV26PE16600FDEC26
NCDEX,80766,2,GUARGUM5,GUARGUM528AUG26PE7400FSEP26,OPTFUT,GUARGUM5-OPTFUT,21624000080766,5,0.5,250,0.5,5,1,21626100080558,,2026-08-28T00:00:00,7400,4,GUARGUM5 28AUG2026 PE 7400,1,1,GUARGUM528AUG26PE7400FSEP26
NCDEX,80863,2,GUARGUM5,GUARGUM528AUG26PE12400FSEP26,OPTFUT,GUARGUM5-OPTFUT,21624000080863,1214,72,250,0.5,5,10,21626100080558,,2026-08-28T00:00:00,12400,4,GUARGUM5 28AUG2026 PE 12400,1,1,GUARGUM528AUG26PE12400FSEP26
NCDEX,80741,2,GUARGUM5,GUARGUM528AUG26CE7400FSEP26,OPTFUT,GUARGUM5-OPTFUT,21624000080741,5259.5,3829.5,250,0.5,5,1,21626100080558,,2026-08-28T00:00:00,7400,3,GUARGUM5 28AUG2026 CE 7400,1,1,GUARGUM528AUG26CE7400FSEP26
NCDEX,81092,2,TMCFGRNZM,TMCFGRNZM08OCT26CE13800FOCT26,OPTFUT,TMCFGRNZM-OPTFUT,21628100081092,8234,5762,250,1,5,10,21628900080907,,2026-10-08T00:00:00,13800,3,TMCFGRNZM 08OCT2026 CE 13800,1,1,TMCFGRNZM08OCT26CE13800FOCT26
NCDEX,83003,2,JEERAUNJHA,JEERAUNJHA10DEC26PE28400FDEC26,OPTFUT,JEERAUNJHA-OPTFUT,21634400083003,7470,4904,150,2,3,1,21635200082910,,2026-12-10T00:00:00,28400,4,JEERAUNJHA 10DEC2026 PE 28400,1,1,JEERAUNJHA10DEC26PE28400FDEC26
NCDEX,82088,2,DHANIYA,DHANIYA10DEC26PE13700FDEC26,OPTFUT,DHANIYA-OPTFUT,21634400082088,508,147,500,1,5,10,21635200081790,,2026-12-10T00:00:00,13700,4,DHANIYA 10DEC2026 PE 13700,1,1,DHANIYA10DEC26PE13700FDEC26
NCDEX,80814,2,GUARSEED10,GUARSEED1028AUG26CE4700FSEP26,OPTFUT,GUARSEED10-OPTFUT,21624000080814,1903,1157.5,500,0.5,5,1,21626100080559,,2026-08-28T00:00:00,4700,3,GUARSEED10 28AUG2026 CE 4700,1,1,GUARSEED1028AUG26CE4700FSEP26
NCDEX,81097,2,DHANIYA,DHANIYA09OCT26PE12200FOCT26,OPTFUT,DHANIYA-OPTFUT,21628200081097,36,1,500,1,5,10,21629200080896,,2026-10-09T00:00:00,12200,4,DHANIYA 09OCT2026 PE 12200,1,1,DHANIYA09OCT26PE12200FOCT26
NCDEX,82150,2,JEERAUNJHA,JEERAUNJHA09OCT26CE19200FOCT26,OPTFUT,JEERAUNJHA-OPTFUT,21628200082150,3350,1018,150,2,3,10,21629200081796,,2026-10-09T00:00:00,19200,3,JEERAUNJHA 09OCT2026 CE 19200,1,1,JEERAUNJHA09OCT26CE19200FOCT26
NCDEX,82491,2,GUARSEED10,GUARSEED1024DEC26PE5200FJAN27,OPTFUT,GUARSEED10-OPTFUT,21635800082491,117.5,22.5,500,0.5,5,1,21702000082352,,2026-12-24T00:00:00,5200,4,GUARSEED10 24DEC2026 PE 5200,1,1,GUARSEED1024DEC26PE5200FJAN27
NCDEX,81255,2,DHANIYA,DHANIYA09OCT26CE12200FOCT26,OPTFUT,DHANIYA-OPTFUT,21628200081255,5122,3190,500,1,5,10,21629200080896,,2026-10-09T00:00:00,12200,3,DHANIYA 09OCT2026 CE 12200,1,1,DHANIYA09OCT26CE12200FOCT26
NCDEX,81956,2,GUARSEED10,GUARSEED1027NOV26CE5800FDEC26,OPTFUT,GUARSEED10-OPTFUT,21633100081956,961,388,500,0.5,5,10,21635200081793,,2026-11-27T00:00:00,5800,3,GUARSEED10 27NOV2026 CE 5800,1,1,GUARSEED1027NOV26CE5800FDEC26
NCDEX,82058,2,JEERAUNJHA,JEERAUNJHA09OCT26PE15600FOCT26,OPTFUT,JEERAUNJHA-OPTFUT,21628200082058,20,2,150,2,3,10,21629200081796,,2026-10-09T00:00:00,15600,4,JEERAUNJHA 09OCT2026 PE 15600,1,1,JEERAUNJHA09OCT26PE15600FOCT26
NCDEX,83274,2,JEERAUNJHA,JEERAUNJHA10DEC26PE28000FDEC26,OPTFUT,JEERAUNJHA-OPTFUT,21634400083274,7080,4520,150,2,3,1,21635200082910,,2026-12-10T00:00:00,28000,4,JEERAUNJHA 10DEC2026 PE 28000,1,1,JEERAUNJHA10DEC26PE28000FDEC26
NCDEX,83261,2,GUARGUM5,GUARGUM529JAN27CE14400FFEB27,OPTFUT,GUARGUM5-OPTFUT,21702900083261,873.5,250.5,250,0.5,5,10,21705000082905,,2027-01-29T00:00:00,14400,3,GUARGUM5 29JAN2027 CE 14400,1,1,GUARGUM529JAN27CE14400FFEB27
NCDEX,82033,2,DHANIYA,DHANIYA10DEC26PE13900FDEC26,OPTFUT,DHANIYA-OPTFUT,21634400082033,569,172,500,1,5,10,21635200081790,,2026-12-10T00:00:00,13900,4,DHANIYA 10DEC2026 PE 13900,1,1,DHANIYA10DEC26PE13900FDEC26
NCDEX,82733,2,DHANIYA,DHANIYA10DEC26PE17400FDEC26,OPTFUT,DHANIYA-OPTFUT,21634400082733,2394,1235,500,1,5,10,21635200081790,,2026-12-10T00:00:00,17400,4,DHANIYA 10DEC2026 PE 17400,1,1,DHANIYA10DEC26PE17400FDEC26
NCDEX,80718,2,GUARGUM5,GUARGUM528AUG26PE9800FSEP26,OPTFUT,GUARGUM5-OPTFUT,21624000080718,17.5,0.5,250,0.5,5,10,21626100080558,,2026-08-28T00:00:00,9800,4,GUARGUM5 28AUG2026 PE 9800,1,1,GUARGUM528AUG26PE9800FSEP26
NCDEX,81690,2,JEERAUNJHA,JEERAUNJHA09SEP26CE20000FSEP26,OPTFUT,JEERAUNJHA-OPTFUT,21625200081690,2152,102,150,2,3,10,21626100081459,,2026-09-09T00:00:00,20000,3,JEERAUNJHA 09SEP2026 CE 20000,1,1,JEERAUNJHA09SEP26CE20000FSEP26
NCDEX,83015,2,DHANIYA,DHANIYA12JAN27CE18700FJAN27,OPTFUT,DHANIYA-OPTFUT,21701200083015,1158,431,500,1,5,1,21702000082903,,2027-01-12T00:00:00,18700,3,DHANIYA 12JAN2027 CE 18700,1,1,DHANIYA12JAN27CE18700FJAN27
NCDEX,82769,2,TMCFGRNZM,TMCFGRNZM08OCT26PE21200FOCT26,OPTFUT,TMCFGRNZM-OPTFUT,21628100082769,2235,794,250,1,5,10,21628900080907,,2026-10-08T00:00:00,21200,4,TMCFGRNZM 08OCT2026 PE 21200,1,1,TMCFGRNZM08OCT26PE21200FOCT26
NCDEX,81324,2,DHANIYA,DHANIYA09OCT26PE13200FOCT26,OPTFUT,DHANIYA-OPTFUT,21628200081324,131,7,500,1,5,10,21629200080896,,2026-10-09T00:00:00,13200,4,DHANIYA 09OCT2026 PE 13200,1,1,DHANIYA09OCT26PE13200FOCT26
NCDEX,81984,2,JEERAUNJHA,JEERAUNJHA09OCT26CE22000FOCT26,OPTFUT,JEERAUNJHA-OPTFUT,21628200081984,1054,50,150,2,3,10,21629200081796,,2026-10-09T00:00:00,22000,3,JEERAUNJHA 09OCT2026 CE 22000,1,1,JEERAUNJHA09OCT26CE22000FOCT26
NCDEX,82704,2,DHANIYA,DHANIYA10DEC26CE16500FDEC26,OPTFUT,DHANIYA-OPTFUT,21634400082704,2111,905,500,1,5,10,21635200081790,,2026-12-10T00:00:00,16500,3,DHANIYA 10DEC2026 CE 16500,1,1,DHANIYA10DEC26CE16500FDEC26
NCDEX,81270,2,DHANIYA,DHANIYA09OCT26CE11900FOCT26,OPTFUT,DHANIYA-OPTFUT,21628200081270,5417,3481,500,1,5,10,21629200080896,,2026-10-09T00:00:00,11900,3,DHANIYA 09OCT2026 CE 11900,1,1,DHANIYA09OCT26CE11900FOCT26
NCDEX,81622,2,GUARGUM5,GUARGUM530OCT26PE11400FNOV26,OPTFUT,GUARGUM5-OPTFUT,21630300081622,537,93.5,250,0.5,5,10,21632400081455,,2026-10-30T00:00:00,11400,4,GUARGUM5 30OCT2026 PE 11400,1,1,GUARGUM530OCT26PE11400FNOV26
NCDEX,80672,2,GUARSEED10,GUARSEED1028AUG26CE7100FSEP26,OPTFUT,GUARSEED10-OPTFUT,21624000080672,44.5,0.5,500,0.5,5,10,21626100080559,,2026-08-28T00:00:00,7100,3,GUARSEED10 28AUG2026 CE 7100,1,1,GUARSEED1028AUG26CE7100FSEP26
NCDEX,83106,2,DHANIYA,DHANIYA12JAN27PE17400FJAN27,OPTFUT,DHANIYA-OPTFUT,21701200083106,2729,1579,500,1,5,10,21702000082903,,2027-01-12T00:00:00,17400,4,DHANIYA 12JAN2027 PE 17400,1,1,DHANIYA12JAN27PE17400FJAN27
NCDEX,82526,2,GUARGUM5,GUARGUM524DEC26PE9400FJAN27,OPTFUT,GUARGUM5-OPTFUT,21635800082526,10,0.5,250,0.5,5,1,21702000082351,,2026-12-24T00:00:00,9400,4,GUARGUM5 24DEC2026 PE 9400,1,1,GUARGUM524DEC26PE9400FJAN27
NCDEX,81151,2,DHANIYA,DHANIYA09OCT26PE13300FOCT26,OPTFUT,DHANIYA-OPTFUT,21628200081151,147,9,500,1,5,10,21629200080896,,2026-10-09T00:00:00,13300,4,DHANIYA 09OCT2026 PE 13300,1,1,DHANIYA09OCT26PE13300FOCT26
NCDEX,82192,2,GUARSEED10,GUARSEED1027NOV26PE5600FDEC26,OPTFUT,GUARSEED10-OPTFUT,21633100082192,201.5,38.5,500,0.5,5,10,21635200081793,,2026-11-27T00:00:00,5600,4,GUARSEED10 27NOV2026 PE 5600,1,1,GUARSEED1027NOV26PE5600FDEC26
NCDEX,82630,2,GUARSEED10,GUARSEED1024DEC26PE6200FJAN27,OPTFUT,GUARSEED10-OPTFUT,21635800082630,546.5,205.5,500,0.5,5,10,21702000082352,,2026-12-24T00:00:00,6200,4,GUARSEED10 24DEC2026 PE 6200,1,1,GUARSEED1024DEC26PE6200FJAN27
NCDEX,81600,2,GUARGUM5,GUARGUM530OCT26PE14400FNOV26,OPTFUT,GUARGUM5-OPTFUT,21630300081600,2812.5,1506,250,0.5,5,10,21632400081455,,2026-10-30T00:00:00,14400,4,GUARGUM5 30OCT2026 PE 14400,1,1,GUARGUM530OCT26PE14400FNOV26
NCDEX,82668,2,GUARGUM5,GUARGUM524DEC26PE13600FJAN27,OPTFUT,GUARGUM5-OPTFUT,21635800082668,1350.5,440,250,0.5,5,10,21702000082351,,2026-12-24T00:00:00,13600,4,GUARGUM5 24DEC2026 PE 13600,1,1,GUARGUM524DEC26PE13600FJAN27
NCDEX,82256,2,DHANIYA,DHANIYA09OCT26PE15100FOCT26,OPTFUT,DHANIYA-OPTFUT,21628200082256,694,115,500,1,5,10,21629200080896,,2026-10-09T00:00:00,15100,4,DHANIYA 09OCT2026 PE 15100,1,1,DHANIYA09OCT26PE15100FOCT26
NCDEX,81064,2,TMCFGRNZM,TMCFGRNZM08OCT26PE14000FOCT26,OPTFUT,TMCFGRNZM-OPTFUT,21628100081064,17,1,250,1,5,10,21628900080907,,2026-10-08T00:00:00,14000,4,TMCFGRNZM 08OCT2026 PE 14000,1,1,TMCFGRNZM08OCT26PE14000FOCT26
NCDEX,82328,2,DHANIYA,DHANIYA09OCT26CE16600FOCT26,OPTFUT,DHANIYA-OPTFUT,21628200082328,1362,309,500,1,5,10,21629200080896,,2026-10-09T00:00:00,16600,3,DHANIYA 09OCT2026 CE 16600,1,1,DHANIYA09OCT26CE16600FOCT26
NCDEX,81086,2,TMCFGRNZM,TMCFGRNZM08OCT26CE16200FOCT26,OPTFUT,TMCFGRNZM-OPTFUT,21628100081086,5887,3477,250,1,5,10,21628900080907,,2026-10-08T00:00:00,16200,3,TMCFGRNZM 08OCT2026 CE 16200,1,1,TMCFGRNZM08OCT26CE16200FOCT26
NCDEX,82767,2,TMCFGRNZM,TMCFGRNZM08OCT26CE21000FOCT26,OPTFUT,TMCFGRNZM-OPTFUT,21628100082767,1997,563,250,1,5,10,21628900080907,,2026-10-08T00:00:00,21000,3,TMCFGRNZM 08OCT2026 CE 21000,1,1,TMCFGRNZM08OCT26CE21000FOCT26
NCDEX,82368,2,DHANIYA,DHANIYA09OCT26PE17000FOCT26,OPTFUT,DHANIYA-OPTFUT,21628200082368,1892,644,500,1,5,10,21629200080896,,2026-10-09T00:00:00,17000,4,DHANIYA 09OCT2026 PE 17000,1,1,DHANIYA09OCT26PE17000FOCT26
NCDEX,82124,2,GUARGUM5,GUARGUM527NOV26CE13200FDEC26,OPTFUT,GUARGUM5-OPTFUT,21633100082124,915.5,247.5,250,0.5,5,10,21635200081792,,2026-11-27T00:00:00,13200,3,GUARGUM5 27NOV2026 CE 13200,1,1,GUARGUM527NOV26CE13200FDEC26
NCDEX,82019,2,GUARGUM5,GUARGUM527NOV26CE9800FDEC26,OPTFUT,GUARGUM5-OPTFUT,21633100082019,3431.5,2023,250,0.5,5,1,21635200081792,,2026-11-27T00:00:00,9800,3,GUARGUM5 27NOV2026 CE 9800,1,1,GUARGUM527NOV26CE9800FDEC26
NCDEX,82632,2,GUARSEED10,GUARSEED1024DEC26CE5900FJAN27,OPTFUT,GUARSEED10-OPTFUT,21635800082632,915,386.5,500,0.5,5,10,21702000082352,,2026-12-24T00:00:00,5900,3,GUARSEED10 24DEC2026 CE 5900,1,1,GUARSEED1024DEC26CE5900FJAN27
NCDEX,82568,2,GUARSEED10,GUARSEED1024DEC26CE6500FJAN27,OPTFUT,GUARSEED10-OPTFUT,21635800082568,541,172.5,500,0.5,5,10,21702000082352,,2026-12-24T00:00:00,6500,3,GUARSEED10 24DEC2026 CE 6500,1,1,GUARSEED1024DEC26CE6500FJAN27
NCDEX,82042,2,JEERAUNJHA,JEERAUNJHA09OCT26CE15200FOCT26,OPTFUT,JEERAUNJHA-OPTFUT,21628200082042,7290,4768,150,2,3,1,21629200081796,,2026-10-09T00:00:00,15200,3,JEERAUNJHA 09OCT2026 CE 15200,1,1,JEERAUNJHA09OCT26CE15200FOCT26
NCDEX,82170,2,JEERAUNJHA,JEERAUNJHA09OCT26PE16800FOCT26,OPTFUT,JEERAUNJHA-OPTFUT,21628200082170,20,2,150,2,3,10,21629200081796,,2026-10-09T00:00:00,16800,4,JEERAUNJHA 09OCT2026 PE 16800,1,1,JEERAUNJHA09OCT26PE16800FOCT26
NCDEX,82480,2,GUARGUM5,GUARGUM524DEC26PE16200FJAN27,OPTFUT,GUARGUM5-OPTFUT,21635800082480,3608.5,2148,250,0.5,5,1,21702000082351,,2026-12-24T00:00:00,16200,4,GUARGUM5 24DEC2026 PE 16200,1,1,GUARGUM524DEC26PE16200FJAN27
NCDEX,81310,2,GUARSEED10,GUARSEED1025SEP26CE5400FOCT26,OPTFUT,GUARSEED10-OPTFUT,21626800081310,1287,557,500,0.5,5,10,21628900080899,,2026-09-25T00:00:00,5400,3,GUARSEED10 25SEP2026 CE 5400,1,1,GUARSEED1025SEP26CE5400FOCT26
NCDEX,81133,2,GUARSEED10,GUARSEED1025SEP26PE7600FOCT26,OPTFUT,GUARSEED10-OPTFUT,21626800081133,1652,912.5,500,0.5,5,1,21628900080899,,2026-09-25T00:00:00,7600,4,GUARSEED10 25SEP2026 PE 7600,1,1,GUARSEED1025SEP26PE7600FOCT26
NCDEX,82001,2,JEERAUNJHA,JEERAUNJHA09OCT26PE25200FOCT26,OPTFUT,JEERAUNJHA-OPTFUT,21628200082001,5134,2642,150,2,3,10,21629200081796,,2026-10-09T00:00:00,25200,4,JEERAUNJHA 09OCT2026 PE 25200,1,1,JEERAUNJHA09OCT26PE25200FOCT26
NCDEX,81729,2,JEERAUNJHA,JEERAUNJHA09SEP26PE27200FSEP26,OPTFUT,JEERAUNJHA-OPTFUT,21625200081729,7520,5032,150,2,3,1,21626100081459,,2026-09-09T00:00:00,27200,4,JEERAUNJHA 09SEP2026 PE 27200,1,1,JEERAUNJHA09SEP26PE27200FSEP26
NCDEX,73347,16,YELLOWP,YELLOWP-COMDTY,COMDTY,YELLOWP-COMDTY,21100100073347,9999.99,9999.99,500,1,1,1,-1,,,0,0,YELLOWP,1,1,YELLOWP
NCDEX,63931,16,ISABGOL,ISABGOL-COMDTY,COMDTY,ISABGOL-COMDTY,21100100063931,9999.99,9999.99,150,5,1,1,-1,,,0,0,ISABGOL,1,1,ISABGOL
NCDEX,28643,16,PEPPER,PEPPER-COMDTY,COMDTY,PEPPER-COMDTY,21100100028643,9999.99,9999.99,50,0.1,1,1,-1,,,0,0,PEPPER,1,1,PEPPER
NCDEX,54667,16,CASTOROIL,CASTOROIL-COMDTY,COMDTY,CASTOROIL-COMDTY,21100100054667,9999.99,9999.99,200,0.5,1,1,-1,,,0,0,CASTOROIL,1,1,CASTOROIL
NCDEX,82,16,JEERAUNJHA,JEERAUNJHA-COMDTY,COMDTY,JEERAUNJHA-COMDTY,21100100000082,9999.99,9999.99,150,5,1,1,-1,,,0,0,JEERAUNJHA,1,1,JEERAUNJHA
NCDEX,81768,16,RAINMUMBAI,RAINMUMBAI-COMDTY,COMDTY,RAINMUMBAI-COMDTY,21100100081768,9999.99,9999.99,50,1,1,1,-1,,,0,0,RAINMUMBAI,1,1,RAINMUMBAI
NCDEX,70636,16,SUNOIL,SUNOIL-COMDTY,COMDTY,SUNOIL-COMDTY,21100100070636,9999.99,9999.99,500,0.1,1,1,-1,,,0,0,SUNOIL,1,1,SUNOIL
NCDEX,30050,16,KAPAS,KAPAS-COMDTY,COMDTY,KAPAS-COMDTY,21100100030050,9999.99,9999.99,50,0.5,1,1,-1,,,0,0,KAPAS,1,1,KAPAS
NCDEX,40523,16,SESAMESEED,SESAMESEED-COMDTY,COMDTY,SESAMESEED-COMDTY,21100100040523,9999.99,9999.99,250,5,1,1,-1,,,0,0,SESAMESEED,1,1,SESAMESEED
NCDEX,44649,16,STEEL,STEEL-COMDTY,COMDTY,STEEL-COMDTY,21100100044649,9999.99,9999.99,500,10,1,1,-1,,,0,0,STEEL,1,1,STEEL
NCDEX,486,16,GUARSEED10,GUARSEED10-COMDTY,COMDTY,GUARSEED10-COMDTY,21100100000486,9999.99,9999.99,500,1,1,1,-1,,,0,0,GUARSEED10,1,1,GUARSEED10
NCDEX,393,16,COCUDAKL,COCUDAKL-COMDTY,COMDTY,COCUDAKL-COMDTY,21100100000393,9999.99,9999.99,500,1,1,1,-1,,,0,0,COCUDAKL,1,1,COCUDAKL
NCDEX,496,16,BAJRA,BAJRA-COMDTY,COMDTY,BAJRA-COMDTY,21100100000496,9999.99,9999.99,500,1,1,1,-1,,,0,0,BAJRA,1,1,BAJRA
NCDEX,28124,16,CASTOR,CASTOR-COMDTY,COMDTY,CASTOR-COMDTY,21100100028124,9999.99,9999.99,500,1,1,1,-1,,,0,0,CASTOR,1,1,CASTOR
NCDEX,36639,16,MAIZE,MAIZE-COMDTY,COMDTY,MAIZE-COMDTY,21100100036639,9999.99,9999.99,500,1,1,1,-1,,,0,0,MAIZE,1,1,MAIZE
NCDEX,233,16,BARLEYJPR,BARLEYJPR-COMDTY,COMDTY,BARLEYJPR-COMDTY,21100100000233,9999.99,9999.99,500,0.5,1,1,-1,,,0,0,BARLEYJPR,1,1,BARLEYJPR
NCDEX,73063,16,COTWASOIL,COTWASOIL-COMDTY,COMDTY,COTWASOIL-COMDTY,21100100073063,9999.99,9999.99,500,0.1,1,1,-1,,,0,0,COTWASOIL,1,1,COTWASOIL
NCDEX,82869,16,GUARKORMA,GUARKORMA-COMDTY,COMDTY,GUARKORMA-COMDTY,21100100082869,9999.99,9999.99,500,1,1,1,-1,,,0,0,GUARKORMA,1,1,GUARKORMA
NCDEX,350,16,DHANIYA,DHANIYA-COMDTY,COMDTY,DHANIYA-COMDTY,21100100000350,9999.99,9999.99,500,2,1,1,-1,,,0,0,DHANIYA,1,1,DHANIYA
NCDEX,71208,16,JEERAMINI,JEERAMINI-COMDTY,COMDTY,JEERAMINI-COMDTY,21100100071208,9999.99,9999.99,50,5,1,1,-1,,,0,0,JEERAMINI,1,1,JEERAMINI
NCDEX,478,16,COTTON,COTTON-COMDTY,COMDTY,COTTON-COMDTY,21100100000478,9999.99,9999.99,50,10,1,1,-1,,,0,0,COTTON,1,1,COTTON
NCDEX,58,16,TMCFGRNZM,TMCFGRNZM-COMDTY,COMDTY,TMCFGRNZM-COMDTY,21100100000058,9999.99,9999.99,250,2,1,1,-1,,,0,0,TMCFGRNZM,1,1,TMCFGRNZM
NCDEX,65281,16,GROUNDNUT,GROUNDNUT-COMDTY,COMDTY,GROUNDNUT-COMDTY,21100100065281,9999.99,9999.99,500,1,1,1,-1,,,0,0,GROUNDNUT,1,1,GROUNDNUT
NCDEX,537,16,GUARGUM5,GUARGUM5-COMDTY,COMDTY,GUARGUM5-COMDTY,21100100000537,9999.99,9999.99,250,1,1,1,-1,,,0,0,GUARGUM5,1,1,GUARGUM5
NCDEX,20590728,4,TMCFGRNZM,TMCFGRNZMAUGDEC2026,FUTCOM,TMCFGRNZM-FUTCOM,21100120590728,NaN,NaN,250,2,5,10,-1,,2026-08-20T00:00:00,0,0,TMCFGRNZM 20AUG18DEC SPD,1,1,TMCFGRNZMAUGDEC2026
NCDEX,21163219,4,CASTOR,CASTORNOVDEC2026,FUTCOM,CASTOR-FUTCOM,21100121163219,NaN,NaN,500,1,5,10,-1,,2026-11-20T00:00:00,0,0,CASTOR 20NOV18DEC SPD,1,1,CASTORNOVDEC2026
NCDEX,21021874,4,JEERAMINI,JEERAMINIOCTNOV2026,FUTCOM,JEERAMINI-FUTCOM,21100121021874,NaN,NaN,50,5,1,10,-1,,2026-10-19T00:00:00,0,0,JEERAMINI 19OCT20NOV SPD,1,1,JEERAMINIOCTNOV2026
NCDEX,20789547,4,CASTOROIL,CASTOROILAUGSEP2026,FUTCOM,CASTOROIL-FUTCOM,21100120789547,NaN,NaN,200,0.5,2,100,-1,,2026-08-20T00:00:00,0,0,CASTOROIL 20AUG18SEP SPD,1,1,CASTOROILAUGSEP2026
NCDEX,21019602,4,BARLEYJPR,BARLEYJPROCTDEC2026,FUTCOM,BARLEYJPR-FUTCOM,21100121019602,NaN,NaN,500,0.5,10,10,-1,,2026-10-19T00:00:00,0,0,BARLEYJPR 19OCT18DEC SPD,1,1,BARLEYJPROCTDEC2026
NCDEX,20934786,4,ISABGOL,ISABGOLSEPOCT2026,FUTCOM,ISABGOL-FUTCOM,21100120934786,NaN,NaN,150,5,3,10,-1,,2026-09-18T00:00:00,0,0,ISABGOL 18SEP19OCT SPD,1,1,ISABGOLSEPOCT2026
NCDEX,21163476,4,CASTOROIL,CASTOROILNOVDEC2026,FUTCOM,CASTOROIL-FUTCOM,21100121163476,NaN,NaN,200,0.5,2,100,-1,,2026-11-20T00:00:00,0,0,CASTOROIL 20NOV18DEC SPD,1,1,CASTOROILNOVDEC2026
NCDEX,20791166,4,DHANIYA,DHANIYAOCTDEC2026,FUTCOM,DHANIYA-FUTCOM,21100120791166,NaN,NaN,500,2,5,10,-1,,2026-10-19T00:00:00,0,0,DHANIYA 19OCT18DEC SPD,1,1,DHANIYAOCTDEC2026
NCDEX,21022429,4,JEERAMINI,JEERAMINIOCTDEC2026,FUTCOM,JEERAMINI-FUTCOM,21100121022429,NaN,NaN,50,5,1,10,-1,,2026-10-19T00:00:00,0,0,JEERAMINI 19OCT18DEC SPD,1,1,JEERAMINIOCTDEC2026
NCDEX,21165790,4,JEERAUNJHA,JEERAUNJHANOVDEC2026,FUTCOM,JEERAUNJHA-FUTCOM,21100121165790,NaN,NaN,150,5,3,10,-1,,2026-11-20T00:00:00,0,0,JEERAUNJHA 20NOV18DEC SPD,1,1,JEERAUNJHANOVDEC2026
NCDEX,20704640,4,GUARGUM5,GUARGUM5SEPDEC2026,FUTCOM,GUARGUM5-FUTCOM,21100120704640,NaN,NaN,250,1,5,10,-1,,2026-09-18T00:00:00,0,0,GUARGUM5 18SEP18DEC SPD,1,1,GUARGUM5SEPDEC2026
NCDEX,21301189,4,GUARKORMA,GUARKORMANOVDEC2026,FUTCOM,GUARKORMA-FUTCOM,21100121301189,NaN,NaN,500,1,5,10,-1,,2026-11-20T00:00:00,0,0,GUARKORMA 20NOV18DEC SPD,1,1,GUARKORMANOVDEC2026
NCDEX,21300698,4,GUARKORMA,GUARKORMASEPFEB2027,FUTCOM,GUARKORMA-FUTCOM,21100121300698,NaN,NaN,500,1,5,10,-1,,2026-09-18T00:00:00,0,0,GUARKORMA 18SEP19FEB SPD,1,1,GUARKORMASEPFEB2027
NCDEX,20936585,4,YELLOWP,YELLOWPSEPOCT2026,FUTCOM,YELLOWP-FUTCOM,21100120936585,NaN,NaN,500,1,5,10,-1,,2026-09-18T00:00:00,0,0,YELLOWP 18SEP19OCT SPD,1,1,YELLOWPSEPOCT2026
NCDEX,20935300,4,JEERAUNJHA,JEERAUNJHASEPOCT2026,FUTCOM,JEERAUNJHA-FUTCOM,21100120935300,NaN,NaN,150,5,3,10,-1,,2026-09-18T00:00:00,0,0,JEERAUNJHA 18SEP19OCT SPD,1,1,JEERAUNJHASEPOCT2026
NCDEX,21020846,4,GROUNDNUT,GROUNDNUTSEPOCT2026,FUTCOM,GROUNDNUT-FUTCOM,21100121020846,NaN,NaN,500,1,5,10,-1,,2026-09-18T00:00:00,0,0,GROUNDNUT 18SEP19OCT SPD,1,1,GROUNDNUTSEPOCT2026
NCDEX,20790699,4,COCUDAKL,COCUDAKLAUGJAN2027,FUTCOM,COCUDAKL-FUTCOM,21100120790699,NaN,NaN,500,1,10,10,-1,,2026-08-20T00:00:00,0,0,COCUDAKL 20AUG20JAN SPD,1,1,COCUDAKLAUGJAN2027
NCDEX,20704003,4,GUARSEED10,GUARSEED10SEPOCT2026,FUTCOM,GUARSEED10-FUTCOM,21100120704003,NaN,NaN,500,1,5,10,-1,,2026-09-18T00:00:00,0,0,GUARSEED10 18SEP16OCT SPD,1,1,GUARSEED10SEPOCT2026
NCDEX,20791600,4,GUARSEED10,GUARSEED10OCTNOV2026,FUTCOM,GUARSEED10-FUTCOM,21100120791600,NaN,NaN,500,1,5,10,-1,,2026-10-16T00:00:00,0,0,GUARSEED10 16OCT20NOV SPD,1,1,GUARSEED10OCTNOV2026
NCDEX,20935859,4,JEERAUNJHA,JEERAUNJHASEPNOV2026,FUTCOM,JEERAUNJHA-FUTCOM,21100120935859,NaN,NaN,150,5,3,10,-1,,2026-09-18T00:00:00,0,0,JEERAUNJHA 18SEP20NOV SPD,1,1,JEERAUNJHASEPNOV2026
NCDEX,20588417,4,GUARSEED10,GUARSEED10AUGDEC2026,FUTCOM,GUARSEED10-FUTCOM,21100120588417,NaN,NaN,500,1,5,10,-1,,2026-08-20T00:00:00,0,0,GUARSEED10 20AUG18DEC SPD,1,1,GUARSEED10AUGDEC2026
NCDEX,20793912,4,YELLOWP,YELLOWPAUGSEP2026,FUTCOM,YELLOWP-FUTCOM,21100120793912,NaN,NaN,500,1,5,10,-1,,2026-08-20T00:00:00,0,0,YELLOWP 20AUG18SEP SPD,1,1,YELLOWPAUGSEP2026
NCDEX,20589531,4,GUARSEED10,GUARSEED10AUGFEB2027,FUTCOM,GUARSEED10-FUTCOM,21100120589531,NaN,NaN,500,1,5,10,-1,,2026-08-20T00:00:00,0,0,GUARSEED10 20AUG19FEB SPD,1,1,GUARSEED10AUGFEB2027
NCDEX,20194428,4,COTTON,COTTONNOVDEC2026,FUTCOM,COTTON-FUTCOM,21100120194428,NaN,NaN,50,10,1,25,-1,,2026-11-20T00:00:00,0,0,COTTON 20NOV18DEC SPD,1,1,COTTONNOVDEC2026
NCDEX,20704303,4,GUARGUM5,GUARGUM5SEPNOV2026,FUTCOM,GUARGUM5-FUTCOM,21100120704303,NaN,NaN,250,1,5,10,-1,,2026-09-18T00:00:00,0,0,GUARGUM5 18SEP20NOV SPD,1,1,GUARGUM5SEPNOV2026
NCDEX,20937144,4,YELLOWP,YELLOWPSEPNOV2026,FUTCOM,YELLOWP-FUTCOM,21100120937144,NaN,NaN,500,1,5,10,-1,,2026-09-18T00:00:00,0,0,YELLOWP 18SEP20NOV SPD,1,1,YELLOWPSEPNOV2026
NCDEX,20792496,4,GUARSEED10,GUARSEED10OCTJAN2027,FUTCOM,GUARSEED10-FUTCOM,21100120792496,NaN,NaN,500,1,5,10,-1,,2026-10-16T00:00:00,0,0,GUARSEED10 16OCT20JAN SPD,1,1,GUARSEED10OCTJAN2027
NCDEX,20789804,4,COCUDAKL,COCUDAKLAUGSEP2026,FUTCOM,COCUDAKL-FUTCOM,21100120789804,NaN,NaN,500,1,10,10,-1,,2026-08-20T00:00:00,0,0,COCUDAKL 20AUG18SEP SPD,1,1,COCUDAKLAUGSEP2026
NCDEX,21018791,4,BAJRA,BAJRAOCTNOV2026,FUTCOM,BAJRA-FUTCOM,21100121018791,NaN,NaN,500,1,10,10,-1,,2026-10-19T00:00:00,0,0,BAJRA 19OCT20NOV SPD,1,1,BAJRAOCTNOV2026
NCDEX,21281504,4,PEPPER,PEPPERSEPDEC2026,FUTCOM,PEPPER-FUTCOM,21100121281504,NaN,NaN,50,0.1,1,1000,-1,,2026-09-18T00:00:00,0,0,PEPPER 18SEP18DEC SPD,1,1,PEPPERSEPDEC2026
NCDEX,21019345,4,BAJRA,BAJRAOCTDEC2026,FUTCOM,BAJRA-FUTCOM,21100121019345,NaN,NaN,500,1,10,10,-1,,2026-10-19T00:00:00,0,0,BAJRA 19OCT18DEC SPD,1,1,BAJRAOCTDEC2026
NCDEX,20936630,4,STEEL,STEELAUGOCT2026,FUTCOM,STEEL-FUTCOM,21100120936630,NaN,NaN,500,10,10,1,-1,,2026-08-20T00:00:00,0,0,STEEL 20AUG19OCT SPD,1,1,STEELAUGOCT2026
NCDEX,20935043,4,JEERAMINI,JEERAMINISEPOCT2026,FUTCOM,JEERAMINI-FUTCOM,21100120935043,NaN,NaN,50,5,1,10,-1,,2026-09-18T00:00:00,0,0,JEERAMINI 18SEP19OCT SPD,1,1,JEERAMINISEPOCT2026
NCDEX,21022686,4,JEERAUNJHA,JEERAUNJHAOCTDEC2026,FUTCOM,JEERAUNJHA-FUTCOM,21100121022686,NaN,NaN,150,5,3,10,-1,,2026-10-19T00:00:00,0,0,JEERAUNJHA 19OCT18DEC SPD,1,1,JEERAUNJHAOCTDEC2026
NCDEX,21021915,4,GUARSEED10,GUARSEED10DECFEB2027,FUTCOM,GUARSEED10-FUTCOM,21100121021915,NaN,NaN,500,1,5,10,-1,,2026-12-18T00:00:00,0,0,GUARSEED10 18DEC19FEB SPD,1,1,GUARSEED10DECFEB2027
NCDEX,20195251,4,KAPAS,KAPASNOVAPR2027,FUTCOM,KAPAS-FUTCOM,21100120195251,NaN,NaN,50,0.5,1,200,-1,,2026-11-30T00:00:00,0,0,KAPAS 30NOV30APR SPD,1,1,KAPASNOVAPR2027
NCDEX,20790396,4,COTTON,COTTONOCTDEC2026,FUTCOM,COTTON-FUTCOM,21100120790396,NaN,NaN,50,10,1,25,-1,,2026-10-19T00:00:00,0,0,COTTON 19OCT18DEC SPD,1,1,COTTONOCTDEC2026
NCDEX,20193534,4,COTTON,COTTONNOVAPR2027,FUTCOM,COTTON-FUTCOM,21100120193534,NaN,NaN,50,10,1,25,-1,,2026-11-20T00:00:00,0,0,COTTON 20NOV20APR SPD,1,1,COTTONNOVAPR2027
NCDEX,20936070,4,STEEL,STEELAUGSEP2026,FUTCOM,STEEL-FUTCOM,21100120936070,NaN,NaN,500,10,10,1,-1,,2026-08-20T00:00:00,0,0,STEEL 20AUG18SEP SPD,1,1,STEELAUGSEP2026
NCDEX,21021360,4,GUARSEED10,GUARSEED10DECJAN2027,FUTCOM,GUARSEED10-FUTCOM,21100121021360,NaN,NaN,500,1,5,10,-1,,2026-12-18T00:00:00,0,0,GUARSEED10 18DEC20JAN SPD,1,1,GUARSEED10DECJAN2027
NCDEX,20588759,4,DHANIYA,DHANIYAAUGJAN2027,FUTCOM,DHANIYA-FUTCOM,21100120588759,NaN,NaN,500,2,5,10,-1,,2026-08-20T00:00:00,0,0,DHANIYA 20AUG20JAN SPD,1,1,DHANIYAAUGJAN2027
NCDEX,20937443,4,SUNOIL,SUNOILAUGNOV2026,FUTCOM,SUNOIL-FUTCOM,21100120937443,NaN,NaN,500,0.1,5,100,-1,,2026-08-31T00:00:00,0,0,SUNOIL 31AUG30NOV SPD,1,1,SUNOILAUGNOV2026
NCDEX,20934356,4,CASTOROIL,CASTOROILSEPDEC2026,FUTCOM,CASTOROIL-FUTCOM,21100120934356,NaN,NaN,200,0.5,2,100,-1,,2026-09-18T00:00:00,0,0,CASTOROIL 18SEP18DEC SPD,1,1,CASTOROILSEPDEC2026
NCDEX,21020116,4,CASTOROIL,CASTOROILOCTDEC2026,FUTCOM,CASTOROIL-FUTCOM,21100121020116,NaN,NaN,200,0.5,2,100,-1,,2026-10-19T00:00:00,0,0,CASTOROIL 19OCT18DEC SPD,1,1,CASTOROILOCTDEC2026
NCDEX,21023202,4,STEEL,STEELSEPNOV2026,FUTCOM,STEEL-FUTCOM,21100121023202,NaN,NaN,500,10,10,1,-1,,2026-09-18T00:00:00,0,0,STEEL 18SEP20NOV SPD,1,1,STEELSEPNOV2026
NCDEX,21281248,4,PEPPER,PEPPERAUGDEC2026,FUTCOM,PEPPER-FUTCOM,21100121281248,NaN,NaN,50,0.1,1,1000,-1,,2026-08-20T00:00:00,0,0,PEPPER 20AUG18DEC SPD,1,1,PEPPERAUGDEC2026
NCDEX,20588719,4,GUARGUM5,GUARGUM5AUGJAN2027,FUTCOM,GUARGUM5-FUTCOM,21100120588719,NaN,NaN,250,1,5,10,-1,,2026-08-20T00:00:00,0,0,GUARGUM5 20AUG20JAN SPD,1,1,GUARGUM5AUGJAN2027
NCDEX,20790573,4,COTWASOIL,COTWASOILAUGSEP2026,FUTCOM,COTWASOIL-FUTCOM,21100120790573,NaN,NaN,500,0.1,1,100,-1,,2026-08-20T00:00:00,0,0,COTWASOIL 20AUG18SEP SPD,1,1,COTWASOILAUGSEP2026
NCDEX,20194796,4,KAPAS,KAPASNOVFEB2027,FUTCOM,KAPAS-FUTCOM,21100120194796,NaN,NaN,50,0.5,1,200,-1,,2026-11-30T00:00:00,0,0,KAPAS 30NOV26FEB SPD,1,1,KAPASNOVFEB2027
NCDEX,21300676,4,GUARKORMA,GUARKORMASEPNOV2026,FUTCOM,GUARKORMA-FUTCOM,21100121300676,NaN,NaN,500,1,5,10,-1,,2026-09-18T00:00:00,0,0,GUARKORMA 18SEP20NOV SPD,1,1,GUARKORMASEPNOV2026
NCDEX,20792451,4,JEERAMINI,JEERAMINIAUGOCT2026,FUTCOM,JEERAMINI-FUTCOM,21100120792451,NaN,NaN,50,5,1,10,-1,,2026-08-20T00:00:00,0,0,JEERAMINI 20AUG19OCT SPD,1,1,JEERAMINIAUGOCT2026
NCDEX,20933842,4,BARLEYJPR,BARLEYJPRSEPDEC2026,FUTCOM,BARLEYJPR-FUTCOM,21100120933842,NaN,NaN,500,0.5,10,10,-1,,2026-09-18T00:00:00,0,0,BARLEYJPR 18SEP18DEC SPD,1,1,BARLEYJPRSEPDEC2026
NCDEX,20789290,4,CASTOR,CASTORAUGSEP2026,FUTCOM,CASTOR-FUTCOM,21100120789290,NaN,NaN,500,1,5,10,-1,,2026-08-20T00:00:00,0,0,CASTOR 20AUG18SEP SPD,1,1,CASTORAUGSEP2026
NCDEX,20792279,4,DHANIYA,DHANIYAOCTJAN2027,FUTCOM,DHANIYA-FUTCOM,21100120792279,NaN,NaN,500,2,5,10,-1,,2026-10-19T00:00:00,0,0,DHANIYA 19OCT20JAN SPD,1,1,DHANIYAOCTJAN2027
NCDEX,20936671,4,MAIZE,MAIZESEPDEC2026,FUTCOM,MAIZE-FUTCOM,21100120936671,NaN,NaN,500,1,10,10,-1,,2026-09-18T00:00:00,0,0,MAIZE 18SEP18DEC SPD,1,1,MAIZESEPDEC2026
NCDEX,21022388,4,MAIZE,MAIZEOCTNOV2026,FUTCOM,MAIZE-FUTCOM,21100121022388,NaN,NaN,500,1,10,10,-1,,2026-10-19T00:00:00,0,0,MAIZE 19OCT20NOV SPD,1,1,MAIZEOCTNOV2026
NCDEX,20589835,4,TMCFGRNZM,TMCFGRNZMAUGOCT2026,FUTCOM,TMCFGRNZM-FUTCOM,21100120589835,NaN,NaN,250,2,5,10,-1,,2026-08-20T00:00:00,0,0,TMCFGRNZM 20AUG16OCT SPD,1,1,TMCFGRNZMAUGOCT2026
NCDEX,20790185,4,CASTOR,CASTORAUGNOV2026,FUTCOM,CASTOR-FUTCOM,21100120790185,NaN,NaN,500,1,5,10,-1,,2026-08-20T00:00:00,0,0,CASTOR 20AUG20NOV SPD,1,1,CASTORAUGNOV2026
NCDEX,21167076,4,YELLOWP,YELLOWPNOVDEC2026,FUTCOM,YELLOWP-FUTCOM,21100121167076,NaN,NaN,500,1,5,10,-1,,2026-11-20T00:00:00,0,0,YELLOWP 20NOV18DEC SPD,1,1,YELLOWPNOVDEC2026
NCDEX,20790442,4,CASTOROIL,CASTOROILAUGNOV2026,FUTCOM,CASTOROIL-FUTCOM,21100120790442,NaN,NaN,200,0.5,2,100,-1,,2026-08-20T00:00:00,0,0,CASTOROIL 20AUG20NOV SPD,1,1,CASTOROILAUGNOV2026
NCDEX,21021103,4,GUARGUM5,GUARGUM5DECJAN2027,FUTCOM,GUARGUM5-FUTCOM,21100121021103,NaN,NaN,250,1,5,10,-1,,2026-12-18T00:00:00,0,0,GUARGUM5 18DEC20JAN SPD,1,1,GUARGUM5DECJAN2027
NCDEX,20789671,4,BAJRA,BAJRAAUGNOV2026,FUTCOM,BAJRA-FUTCOM,21100120789671,NaN,NaN,500,1,10,10,-1,,2026-08-20T00:00:00,0,0,BAJRA 20AUG20NOV SPD,1,1,BAJRAAUGNOV2026
NCDEX,21301722,4,GUARKORMA,GUARKORMAJANFEB2027,FUTCOM,GUARKORMA-FUTCOM,21100121301722,NaN,NaN,500,1,5,10,-1,,2027-01-20T00:00:00,0,0,GUARKORMA 20JAN19FEB SPD,1,1,GUARKORMAJANFEB2027
NCDEX,20792753,4,ISABGOL,ISABGOLAUGNOV2026,FUTCOM,ISABGOL-FUTCOM,21100120792753,NaN,NaN,150,5,3,10,-1,,2026-08-20T00:00:00,0,0,ISABGOL 20AUG20NOV SPD,1,1,ISABGOLAUGNOV2026
NCDEX,21162962,4,BARLEYJPR,BARLEYJPRNOVDEC2026,FUTCOM,BARLEYJPR-FUTCOM,21100121162962,NaN,NaN,500,0.5,10,10,-1,,2026-11-20T00:00:00,0,0,BARLEYJPR 20NOV18DEC SPD,1,1,BARLEYJPRNOVDEC2026
NCDEX,20588080,4,GUARSEED10,GUARSEED10AUGNOV2026,FUTCOM,GUARSEED10-FUTCOM,21100120588080,NaN,NaN,500,1,5,10,-1,,2026-08-20T00:00:00,0,0,GUARSEED10 20AUG20NOV SPD,1,1,GUARSEED10AUGNOV2026
NCDEX,20793992,4,TMCFGRNZM,TMCFGRNZMOCTDEC2026,FUTCOM,TMCFGRNZM-FUTCOM,21100120793992,NaN,NaN,250,2,5,10,-1,,2026-10-16T00:00:00,0,0,TMCFGRNZM 16OCT18DEC SPD,1,1,TMCFGRNZMOCTDEC2026
NCDEX,20793822,4,JEERAUNJHA,JEERAUNJHAAUGDEC2026,FUTCOM,JEERAUNJHA-FUTCOM,21100120793822,NaN,NaN,150,5,3,10,-1,,2026-08-20T00:00:00,0,0,JEERAUNJHA 20AUG18DEC SPD,1,1,JEERAUNJHAAUGDEC2026
NCDEX,20933031,4,BAJRA,BAJRASEPNOV2026,FUTCOM,BAJRA-FUTCOM,21100120933031,NaN,NaN,500,1,10,10,-1,,2026-09-18T00:00:00,0,0,BAJRA 18SEP20NOV SPD,1,1,BAJRASEPNOV2026
NCDEX,20788707,4,COTTON,COTTONOCTFEB2027,FUTCOM,COTTON-FUTCOM,21100120788707,NaN,NaN,50,10,1,25,-1,,2026-10-19T00:00:00,0,0,COTTON 19OCT19FEB SPD,1,1,COTTONOCTFEB2027
NCDEX,20793524,4,MAIZE,MAIZEAUGNOV2026,FUTCOM,MAIZE-FUTCOM,21100120793524,NaN,NaN,500,1,10,10,-1,,2026-08-20T00:00:00,0,0,MAIZE 20AUG20NOV SPD,1,1,MAIZEAUGNOV2026
NCDEX,20933585,4,BAJRA,BAJRASEPDEC2026,FUTCOM,BAJRA-FUTCOM,21100120933585,NaN,NaN,500,1,10,10,-1,,2026-09-18T00:00:00,0,0,BAJRA 18SEP18DEC SPD,1,1,BAJRASEPDEC2026
NCDEX,21301446,4,GUARKORMA,GUARKORMADECJAN2027,FUTCOM,GUARKORMA-FUTCOM,21100121301446,NaN,NaN,500,1,5,10,-1,,2026-12-18T00:00:00,0,0,GUARKORMA 18DEC20JAN SPD,1,1,GUARKORMADECJAN2027
NCDEX,20789625,4,CASTOR,CASTORAUGOCT2026,FUTCOM,CASTOR-FUTCOM,21100120789625,NaN,NaN,500,1,5,10,-1,,2026-08-20T00:00:00,0,0,CASTOR 20AUG16OCT SPD,1,1,CASTORAUGOCT2026
NCDEX,20793308,4,ISABGOL,ISABGOLAUGDEC2026,FUTCOM,ISABGOL-FUTCOM,21100120793308,NaN,NaN,150,5,3,10,-1,,2026-08-20T00:00:00,0,0,ISABGOL 20AUG18DEC SPD,1,1,ISABGOLAUGDEC2026
NCDEX,21018622,4,COTTON,COTTONDECAPR2027,FUTCOM,COTTON-FUTCOM,21100121018622,NaN,NaN,50,10,1,25,-1,,2026-12-18T00:00:00,0,0,COTTON 18DEC20APR SPD,1,1,COTTONDECAPR2027
NCDEX,20789928,4,BARLEYJPR,BARLEYJPRAUGNOV2026,FUTCOM,BARLEYJPR-FUTCOM,21100120789928,NaN,NaN,500,0.5,10,10,-1,,2026-08-20T00:00:00,0,0,BARLEYJPR 20AUG20NOV SPD,1,1,BARLEYJPRAUGNOV2026
NCDEX,21281144,4,PEPPER,PEPPERAUGOCT2026,FUTCOM,PEPPER-FUTCOM,21100121281144,NaN,NaN,50,0.1,1,1000,-1,,2026-08-20T00:00:00,0,0,PEPPER 20AUG19OCT SPD,1,1,PEPPERAUGOCT2026
NCDEX,20791253,4,COCUDAKL,COCUDAKLAUGFEB2027,FUTCOM,COCUDAKL-FUTCOM,21100120791253,NaN,NaN,500,1,10,10,-1,,2026-08-20T00:00:00,0,0,COCUDAKL 20AUG19FEB SPD,1,1,COCUDAKLAUGFEB2027
NCDEX,20932471,4,BAJRA,BAJRASEPOCT2026,FUTCOM,BAJRA-FUTCOM,21100120932471,NaN,NaN,500,1,10,10,-1,,2026-09-18T00:00:00,0,0,BAJRA 18SEP19OCT SPD,1,1,BAJRASEPOCT2026
NCDEX,21164504,4,GROUNDNUT,GROUNDNUTOCTNOV2026,FUTCOM,GROUNDNUT-FUTCOM,21100121164504,NaN,NaN,500,1,5,10,-1,,2026-10-19T00:00:00,0,0,GROUNDNUT 19OCT20NOV SPD,1,1,GROUNDNUTOCTNOV2026
NCDEX,20936414,4,JEERAUNJHA,JEERAUNJHASEPDEC2026,FUTCOM,JEERAUNJHA-FUTCOM,21100120936414,NaN,NaN,150,5,3,10,-1,,2026-09-18T00:00:00,0,0,JEERAUNJHA 18SEP18DEC SPD,1,1,JEERAUNJHASEPDEC2026
NCDEX,20934272,4,GUARGUM5,GUARGUM5NOVDEC2026,FUTCOM,GUARGUM5-FUTCOM,21100120934272,NaN,NaN,250,1,5,10,-1,,2026-11-20T00:00:00,0,0,GUARGUM5 20NOV18DEC SPD,1,1,GUARGUM5NOVDEC2026
NCDEX,20934317,4,COTWASOIL,COTWASOILSEPJAN2027,FUTCOM,COTWASOIL-FUTCOM,21100120934317,NaN,NaN,500,0.1,1,100,-1,,2026-09-18T00:00:00,0,0,COTWASOIL 18SEP20JAN SPD,1,1,COTWASOILSEPJAN2027
NCDEX,21281145,4,PEPPER,PEPPERAUGNOV2026,FUTCOM,PEPPER-FUTCOM,21100121281145,NaN,NaN,50,0.1,1,1000,-1,,2026-08-20T00:00:00,0,0,PEPPER 20AUG20NOV SPD,1,1,PEPPERAUGNOV2026
NCDEX,20793565,4,JEERAMINI,JEERAMINIAUGDEC2026,FUTCOM,JEERAMINI-FUTCOM,21100120793565,NaN,NaN,50,5,1,10,-1,,2026-08-20T00:00:00,0,0,JEERAMINI 20AUG18DEC SPD,1,1,JEERAMINIAUGDEC2026
NCDEX,20789368,4,BARLEYJPR,BARLEYJPRAUGOCT2026,FUTCOM,BARLEYJPR-FUTCOM,21100120789368,NaN,NaN,500,0.5,10,10,-1,,2026-08-20T00:00:00,0,0,BARLEYJPR 20AUG19OCT SPD,1,1,BARLEYJPRAUGOCT2026
NCDEX,21021617,4,ISABGOL,ISABGOLOCTNOV2026,FUTCOM,ISABGOL-FUTCOM,21100121021617,NaN,NaN,150,5,3,10,-1,,2026-10-19T00:00:00,0,0,ISABGOL 19OCT20NOV SPD,1,1,ISABGOLOCTNOV2026
NCDEX,21020373,4,COCUDAKL,COCUDAKLDECFEB2027,FUTCOM,COCUDAKL-FUTCOM,21100121020373,NaN,NaN,500,1,10,10,-1,,2026-12-18T00:00:00,0,0,COCUDAKL 18DEC19FEB SPD,1,1,COCUDAKLDECFEB2027
NCDEX,21019859,4,CASTOR,CASTOROCTDEC2026,FUTCOM,CASTOR-FUTCOM,21100121019859,NaN,NaN,500,1,5,10,-1,,2026-10-16T00:00:00,0,0,CASTOR 16OCT18DEC SPD,1,1,CASTOROCTDEC2026
NCDEX,20790139,4,COCUDAKL,COCUDAKLAUGDEC2026,FUTCOM,COCUDAKL-FUTCOM,21100120790139,NaN,NaN,500,1,10,10,-1,,2026-08-20T00:00:00,0,0,COCUDAKL 20AUG18DEC SPD,1,1,COCUDAKLAUGDEC2026
NCDEX,20935385,4,GUARGUM5,GUARGUM5NOVFEB2027,FUTCOM,GUARGUM5-FUTCOM,21100120935385,NaN,NaN,250,1,5,10,-1,,2026-11-20T00:00:00,0,0,GUARGUM5 20NOV19FEB SPD,1,1,GUARGUM5NOVFEB2027
NCDEX,20935088,4,GUARSEED10,GUARSEED10NOVJAN2027,FUTCOM,GUARSEED10-FUTCOM,21100120935088,NaN,NaN,500,1,5,10,-1,,2026-11-20T00:00:00,0,0,GUARSEED10 20NOV20JAN SPD,1,1,GUARSEED10NOVJAN2027
NCDEX,21021143,4,DHANIYA,DHANIYADECJAN2027,FUTCOM,DHANIYA-FUTCOM,21100121021143,NaN,NaN,500,2,5,10,-1,,2026-12-18T00:00:00,0,0,DHANIYA 18DEC20JAN SPD,1,1,DHANIYADECJAN2027
NCDEX,20792371,4,JEERAUNJHA,JEERAUNJHAAUGSEP2026,FUTCOM,JEERAUNJHA-FUTCOM,21100120792371,NaN,NaN,150,5,3,10,-1,,2026-08-20T00:00:00,0,0,JEERAUNJHA 20AUG18SEP SPD,1,1,JEERAUNJHAAUGSEP2026
NCDEX,20935900,4,ISABGOL,ISABGOLSEPDEC2026,FUTCOM,ISABGOL-FUTCOM,21100120935900,NaN,NaN,150,5,3,10,-1,,2026-09-18T00:00:00,0,0,ISABGOL 18SEP18DEC SPD,1,1,ISABGOLSEPDEC2026
NCDEX,21022172,4,ISABGOL,ISABGOLOCTDEC2026,FUTCOM,ISABGOL-FUTCOM,21100121022172,NaN,NaN,150,5,3,10,-1,,2026-10-19T00:00:00,0,0,ISABGOL 19OCT18DEC SPD,1,1,ISABGOLOCTDEC2026
NCDEX,20934613,4,COCUDAKL,COCUDAKLSEPFEB2027,FUTCOM,COCUDAKL-FUTCOM,21100120934613,NaN,NaN,500,1,10,10,-1,,2026-09-18T00:00:00,0,0,COCUDAKL 18SEP19FEB SPD,1,1,COCUDAKLSEPFEB2027
NCDEX,20791469,4,COTWASOIL,COTWASOILAUGJAN2027,FUTCOM,COTWASOIL-FUTCOM,21100120791469,NaN,NaN,500,0.1,1,100,-1,,2026-08-20T00:00:00,0,0,COTWASOIL 20AUG20JAN SPD,1,1,COTWASOILAUGJAN2027
NCDEX,21019562,4,CASTOROIL,CASTOROILOCTNOV2026,FUTCOM,CASTOROIL-FUTCOM,21100121019562,NaN,NaN,200,0.5,2,100,-1,,2026-10-19T00:00:00,0,0,CASTOROIL 19OCT20NOV SPD,1,1,CASTOROILOCTNOV2026
NCDEX,20588160,4,GUARGUM5,GUARGUM5AUGDEC2026,FUTCOM,GUARGUM5-FUTCOM,21100120588160,NaN,NaN,250,1,5,10,-1,,2026-08-20T00:00:00,0,0,GUARGUM5 20AUG18DEC SPD,1,1,GUARGUM5AUGDEC2026
NCDEX,20934099,4,CASTOR,CASTORSEPDEC2026,FUTCOM,CASTOR-FUTCOM,21100120934099,NaN,NaN,500,1,5,10,-1,,2026-09-18T00:00:00,0,0,CASTOR 18SEP18DEC SPD,1,1,CASTORSEPDEC2026
NCDEX,20586752,4,DHANIYA,DHANIYAAUGOCT2026,FUTCOM,DHANIYA-FUTCOM,21100120586752,NaN,NaN,500,2,5,10,-1,,2026-08-20T00:00:00,0,0,DHANIYA 20AUG19OCT SPD,1,1,DHANIYAAUGOCT2026
NCDEX,21023459,4,SUNOIL,SUNOILSEPNOV2026,FUTCOM,SUNOIL-FUTCOM,21100121023459,NaN,NaN,500,0.1,5,100,-1,,2026-09-30T00:00:00,0,0,SUNOIL 30SEP30NOV SPD,1,1,SUNOILSEPNOV2026
NCDEX,21022943,4,MAIZE,MAIZEOCTDEC2026,FUTCOM,MAIZE-FUTCOM,21100121022943,NaN,NaN,500,1,10,10,-1,,2026-10-19T00:00:00,0,0,MAIZE 19OCT18DEC SPD,1,1,MAIZEOCTDEC2026
NCDEX,20792965,4,MAIZE,MAIZEAUGOCT2026,FUTCOM,MAIZE-FUTCOM,21100120792965,NaN,NaN,500,1,10,10,-1,,2026-08-20T00:00:00,0,0,MAIZE 20AUG19OCT SPD,1,1,MAIZEAUGOCT2026
NCDEX,20589273,4,GUARGUM5,GUARGUM5AUGFEB2027,FUTCOM,GUARGUM5-FUTCOM,21100120589273,NaN,NaN,250,1,5,10,-1,,2026-08-20T00:00:00,0,0,GUARGUM5 20AUG19FEB SPD,1,1,GUARGUM5AUGFEB2027
NCDEX,20936887,4,SUNOIL,SUNOILAUGOCT2026,FUTCOM,SUNOIL-FUTCOM,21100120936887,NaN,NaN,500,0.1,5,100,-1,,2026-08-31T00:00:00,0,0,SUNOIL 31AUG30OCT SPD,1,1,SUNOILAUGOCT2026
NCDEX,21301210,4,GUARKORMA,GUARKORMANOVFEB2027,FUTCOM,GUARKORMA-FUTCOM,21100121301210,NaN,NaN,500,1,5,10,-1,,2026-11-20T00:00:00,0,0,GUARKORMA 20NOV19FEB SPD,1,1,GUARKORMANOVFEB2027
NCDEX,20790225,4,BAJRA,BAJRAAUGDEC2026,FUTCOM,BAJRA-FUTCOM,21100120790225,NaN,NaN,500,1,10,10,-1,,2026-08-20T00:00:00,0,0,BAJRA 20AUG18DEC SPD,1,1,BAJRAAUGDEC2026
NCDEX,20932985,4,CASTOR,CASTORSEPOCT2026,FUTCOM,CASTOR-FUTCOM,21100120932985,NaN,NaN,500,1,5,10,-1,,2026-09-18T00:00:00,0,0,CASTOR 18SEP16OCT SPD,1,1,CASTORSEPOCT2026
NCDEX,20933545,4,CASTOR,CASTORSEPNOV2026,FUTCOM,CASTOR-FUTCOM,21100120933545,NaN,NaN,500,1,5,10,-1,,2026-09-18T00:00:00,0,0,CASTOR 18SEP20NOV SPD,1,1,CASTORSEPNOV2026
NCDEX,20934831,4,GUARGUM5,GUARGUM5NOVJAN2027,FUTCOM,GUARGUM5-FUTCOM,21100120934831,NaN,NaN,250,1,5,10,-1,,2026-11-20T00:00:00,0,0,GUARGUM5 20NOV20JAN SPD,1,1,GUARGUM5NOVJAN2027
NCDEX,20934870,4,COTWASOIL,COTWASOILSEPFEB2027,FUTCOM,COTWASOIL-FUTCOM,21100120934870,NaN,NaN,500,0.1,1,100,-1,,2026-09-18T00:00:00,0,0,COTWASOIL 18SEP19FEB SPD,1,1,COTWASOILSEPFEB2027
NCDEX,20792793,4,GUARGUM5,GUARGUM5OCTFEB2027,FUTCOM,GUARGUM5-FUTCOM,21100120792793,NaN,NaN,250,1,5,10,-1,,2026-10-16T00:00:00,0,0,GUARGUM5 16OCT19FEB SPD,1,1,GUARGUM5OCTFEB2027
NCDEX,20795364,4,YELLOWP,YELLOWPAUGDEC2026,FUTCOM,YELLOWP-FUTCOM,21100120795364,NaN,NaN,500,1,5,10,-1,,2026-08-20T00:00:00,0,0,YELLOWP 20AUG18DEC SPD,1,1,YELLOWPAUGDEC2026
NCDEX,20789111,4,BAJRA,BAJRAAUGOCT2026,FUTCOM,BAJRA-FUTCOM,21100120789111,NaN,NaN,500,1,10,10,-1,,2026-08-20T00:00:00,0,0,BAJRA 20AUG19OCT SPD,1,1,BAJRAAUGOCT2026
NCDEX,20935557,4,MAIZE,MAIZESEPOCT2026,FUTCOM,MAIZE-FUTCOM,21100120935557,NaN,NaN,500,1,10,10,-1,,2026-09-18T00:00:00,0,0,MAIZE 18SEP19OCT SPD,1,1,MAIZESEPOCT2026
NCDEX,21301466,4,GUARKORMA,GUARKORMADECFEB2027,FUTCOM,GUARKORMA-FUTCOM,21100121301466,NaN,NaN,500,1,5,10,-1,,2026-12-18T00:00:00,0,0,GUARKORMA 18DEC19FEB SPD,1,1,GUARKORMADECFEB2027
NCDEX,20704560,4,GUARSEED10,GUARSEED10SEPNOV2026,FUTCOM,GUARSEED10-FUTCOM,21100120704560,NaN,NaN,500,1,5,10,-1,,2026-09-18T00:00:00,0,0,GUARSEED10 18SEP20NOV SPD,1,1,GUARSEED10SEPNOV2026
NCDEX,20791343,4,GUARGUM5,GUARGUM5OCTNOV2026,FUTCOM,GUARGUM5-FUTCOM,21100120791343,NaN,NaN,250,1,5,10,-1,,2026-10-16T00:00:00,0,0,GUARGUM5 16OCT20NOV SPD,1,1,GUARGUM5OCTNOV2026
NCDEX,20936327,4,SUNOIL,SUNOILAUGSEP2026,FUTCOM,SUNOIL-FUTCOM,21100120936327,NaN,NaN,500,0.1,5,100,-1,,2026-08-31T00:00:00,0,0,SUNOIL 31AUG30SEP SPD,1,1,SUNOILAUGSEP2026
NCDEX,20705456,4,GUARSEED10,GUARSEED10SEPJAN2027,FUTCOM,GUARSEED10-FUTCOM,21100120705456,NaN,NaN,500,1,5,10,-1,,2026-09-18T00:00:00,0,0,GUARSEED10 18SEP20JAN SPD,1,1,GUARSEED10SEPJAN2027
NCDEX,20588976,4,GUARSEED10,GUARSEED10AUGJAN2027,FUTCOM,GUARSEED10-FUTCOM,21100120588976,NaN,NaN,500,1,5,10,-1,,2026-08-20T00:00:00,0,0,GUARSEED10 20AUG20JAN SPD,1,1,GUARSEED10AUGJAN2027
NCDEX,20194988,4,COTTON,COTTONNOVJAN2027,FUTCOM,COTTON-FUTCOM,21100120194988,NaN,NaN,50,10,1,25,-1,,2026-11-20T00:00:00,0,0,COTTON 20NOV20JAN SPD,1,1,COTTONNOVJAN2027
NCDEX,21300934,4,GUARKORMA,GUARKORMAOCTJAN2027,FUTCOM,GUARKORMA-FUTCOM,21100121300934,NaN,NaN,500,1,5,10,-1,,2026-10-16T00:00:00,0,0,GUARKORMA 16OCT20JAN SPD,1,1,GUARKORMAOCTJAN2027
NCDEX,21300678,4,GUARKORMA,GUARKORMASEPJAN2027,FUTCOM,GUARKORMA-FUTCOM,21100121300678,NaN,NaN,500,1,5,10,-1,,2026-09-18T00:00:00,0,0,GUARKORMA 18SEP20JAN SPD,1,1,GUARKORMASEPJAN2027
NCDEX,21162705,4,BAJRA,BAJRANOVDEC2026,FUTCOM,BAJRA-FUTCOM,21100121162705,NaN,NaN,500,1,10,10,-1,,2026-11-20T00:00:00,0,0,BAJRA 20NOV18DEC SPD,1,1,BAJRANOVDEC2026
NCDEX,21166047,4,MAIZE,MAIZENOVDEC2026,FUTCOM,MAIZE-FUTCOM,21100121166047,NaN,NaN,500,1,10,10,-1,,2026-11-20T00:00:00,0,0,MAIZE 20NOV18DEC SPD,1,1,MAIZENOVDEC2026
NCDEX,20933288,4,BARLEYJPR,BARLEYJPRSEPNOV2026,FUTCOM,BARLEYJPR-FUTCOM,21100120933288,NaN,NaN,500,0.5,10,10,-1,,2026-09-18T00:00:00,0,0,BARLEYJPR 18SEP20NOV SPD,1,1,BARLEYJPRSEPNOV2026
NCDEX,20705199,4,GUARGUM5,GUARGUM5SEPJAN2027,FUTCOM,GUARGUM5-FUTCOM,21100120705199,NaN,NaN,250,1,5,10,-1,,2026-09-18T00:00:00,0,0,GUARGUM5 18SEP20JAN SPD,1,1,GUARGUM5SEPJAN2027
NCDEX,21161982,4,COTTON,COTTONJANAPR2027,FUTCOM,COTTON-FUTCOM,21100121161982,NaN,NaN,50,10,1,25,-1,,2027-01-20T00:00:00,0,0,COTTON 20JAN20APR SPD,1,1,COTTONJANAPR2027
NCDEX,20793051,4,GUARSEED10,GUARSEED10OCTFEB2027,FUTCOM,GUARSEED10-FUTCOM,21100120793051,NaN,NaN,500,1,5,10,-1,,2026-10-16T00:00:00,0,0,GUARSEED10 16OCT19FEB SPD,1,1,GUARSEED10OCTFEB2027
NCDEX,21300675,4,GUARKORMA,GUARKORMASEPOCT2026,FUTCOM,GUARKORMA-FUTCOM,21100121300675,NaN,NaN,500,1,5,10,-1,,2026-09-18T00:00:00,0,0,GUARKORMA 18SEP16OCT SPD,1,1,GUARKORMASEPOCT2026
NCDEX,21017827,4,COTTON,COTTONDECFEB2027,FUTCOM,COTTON-FUTCOM,21100121017827,NaN,NaN,50,10,1,25,-1,,2026-12-18T00:00:00,0,0,COTTON 18DEC19FEB SPD,1,1,COTTONDECFEB2027
NCDEX,21165533,4,JEERAMINI,JEERAMININOVDEC2026,FUTCOM,JEERAMINI-FUTCOM,21100121165533,NaN,NaN,50,5,1,10,-1,,2026-11-20T00:00:00,0,0,JEERAMINI 20NOV18DEC SPD,1,1,JEERAMININOVDEC2026
NCDEX,20792239,4,GUARGUM5,GUARGUM5OCTJAN2027,FUTCOM,GUARGUM5-FUTCOM,21100120792239,NaN,NaN,250,1,5,10,-1,,2026-10-16T00:00:00,0,0,GUARGUM5 16OCT20JAN SPD,1,1,GUARGUM5OCTJAN2027
NCDEX,20788776,4,BAJRA,BAJRAAUGSEP2026,FUTCOM,BAJRA-FUTCOM,21100120788776,NaN,NaN,500,1,10,10,-1,,2026-08-20T00:00:00,0,0,BAJRA 20AUG18SEP SPD,1,1,BAJRAAUGSEP2026
NCDEX,20790909,4,COTWASOIL,COTWASOILAUGDEC2026,FUTCOM,COTWASOIL-FUTCOM,21100120790909,NaN,NaN,500,0.1,1,100,-1,,2026-08-20T00:00:00,0,0,COTWASOIL 20AUG18DEC SPD,1,1,COTWASOILAUGDEC2026
NCDEX,20792194,4,ISABGOL,ISABGOLAUGOCT2026,FUTCOM,ISABGOL-FUTCOM,21100120792194,NaN,NaN,150,5,3,10,-1,,2026-08-20T00:00:00,0,0,ISABGOL 20AUG19OCT SPD,1,1,ISABGOLAUGOCT2026
NCDEX,20936116,4,MAIZE,MAIZESEPNOV2026,FUTCOM,MAIZE-FUTCOM,21100120936116,NaN,NaN,500,1,10,10,-1,,2026-09-18T00:00:00,0,0,MAIZE 18SEP20NOV SPD,1,1,MAIZESEPNOV2026
NCDEX,20794808,4,YELLOWP,YELLOWPAUGNOV2026,FUTCOM,YELLOWP-FUTCOM,21100120794808,NaN,NaN,500,1,5,10,-1,,2026-08-20T00:00:00,0,0,YELLOWP 20AUG20NOV SPD,1,1,YELLOWPAUGNOV2026
NCDEX,21166305,4,SESAMESEED,SESAMESEEDOCTNOV2026,FUTCOM,SESAMESEED-FUTCOM,21100121166305,NaN,NaN,250,5,5,10,-1,,2026-10-19T00:00:00,0,0,SESAMESEED 19OCT20NOV SPD,1,1,SESAMESEEDOCTNOV2026
NCDEX,21281143,4,PEPPER,PEPPERAUGSEP2026,FUTCOM,PEPPER-FUTCOM,21100121281143,NaN,NaN,50,0.1,1,1000,-1,,2026-08-20T00:00:00,0,0,PEPPER 20AUG18SEP SPD,1,1,PEPPERAUGSEP2026
NCDEX,21281760,4,PEPPER,PEPPEROCTDEC2026,FUTCOM,PEPPER-FUTCOM,21100121281760,NaN,NaN,50,0.1,1,1000,-1,,2026-10-19T00:00:00,0,0,PEPPER 19OCT18DEC SPD,1,1,PEPPEROCTDEC2026
NCDEX,20937700,4,YELLOWP,YELLOWPSEPDEC2026,FUTCOM,YELLOWP-FUTCOM,21100120937700,NaN,NaN,500,1,5,10,-1,,2026-09-18T00:00:00,0,0,YELLOWP 18SEP18DEC SPD,1,1,YELLOWPSEPDEC2026
NCDEX,21020333,4,COTWASOIL,COTWASOILDECJAN2027,FUTCOM,COTWASOIL-FUTCOM,21100121020333,NaN,NaN,500,0.1,1,100,-1,,2026-12-18T00:00:00,0,0,COTWASOIL 18DEC20JAN SPD,1,1,COTWASOILDECJAN2027
NCDEX,21022646,4,STEEL,STEELSEPOCT2026,FUTCOM,STEEL-FUTCOM,21100121022646,NaN,NaN,500,10,10,1,-1,,2026-09-18T00:00:00,0,0,STEEL 18SEP19OCT SPD,1,1,STEELSEPOCT2026
NCDEX,21301190,4,GUARKORMA,GUARKORMANOVJAN2027,FUTCOM,GUARKORMA-FUTCOM,21100121301190,NaN,NaN,500,1,5,10,-1,,2026-11-20T00:00:00,0,0,GUARKORMA 20NOV20JAN SPD,1,1,GUARKORMANOVJAN2027
NCDEX,21021400,4,GROUNDNUT,GROUNDNUTSEPNOV2026,FUTCOM,GROUNDNUT-FUTCOM,21100121021400,NaN,NaN,500,1,5,10,-1,,2026-09-18T00:00:00,0,0,GROUNDNUT 18SEP20NOV SPD,1,1,GROUNDNUTSEPNOV2026
NCDEX,20934015,4,GROUNDNUT,GROUNDNUTAUGSEP2026,FUTCOM,GROUNDNUT-FUTCOM,21100120934015,NaN,NaN,500,1,5,10,-1,,2026-08-20T00:00:00,0,0,GROUNDNUT 20AUG18SEP SPD,1,1,GROUNDNUTAUGSEP2026
NCDEX,20587823,4,GUARGUM5,GUARGUM5AUGNOV2026,FUTCOM,GUARGUM5-FUTCOM,21100120587823,NaN,NaN,250,1,5,10,-1,,2026-08-20T00:00:00,0,0,GUARGUM5 20AUG20NOV SPD,1,1,GUARGUM5AUGNOV2026
NCDEX,20935345,4,ISABGOL,ISABGOLSEPNOV2026,FUTCOM,ISABGOL-FUTCOM,21100120935345,NaN,NaN,150,5,3,10,-1,,2026-09-18T00:00:00,0,0,ISABGOL 18SEP20NOV SPD,1,1,ISABGOLSEPNOV2026
NCDEX,20935602,4,JEERAMINI,JEERAMINISEPNOV2026,FUTCOM,JEERAMINI-FUTCOM,21100120935602,NaN,NaN,50,5,1,10,-1,,2026-09-18T00:00:00,0,0,JEERAMINI 18SEP20NOV SPD,1,1,JEERAMINISEPNOV2026
NCDEX,20706011,4,GUARSEED10,GUARSEED10SEPFEB2027,FUTCOM,GUARSEED10-FUTCOM,21100120706011,NaN,NaN,500,1,5,10,-1,,2026-09-18T00:00:00,0,0,GUARSEED10 18SEP19FEB SPD,1,1,GUARSEED10SEPFEB2027
NCDEX,20933757,4,COTWASOIL,COTWASOILSEPDEC2026,FUTCOM,COTWASOIL-FUTCOM,21100120933757,NaN,NaN,500,0.1,1,100,-1,,2026-09-18T00:00:00,0,0,COTWASOIL 18SEP18DEC SPD,1,1,COTWASOILSEPDEC2026
NCDEX,20790996,4,CASTOROIL,CASTOROILAUGDEC2026,FUTCOM,CASTOROIL-FUTCOM,21100120790996,NaN,NaN,200,0.5,2,100,-1,,2026-08-20T00:00:00,0,0,CASTOROIL 20AUG18DEC SPD,1,1,CASTOROILAUGDEC2026
NCDEX,21300954,4,GUARKORMA,GUARKORMAOCTFEB2027,FUTCOM,GUARKORMA-FUTCOM,21100121300954,NaN,NaN,500,1,5,10,-1,,2026-10-16T00:00:00,0,0,GUARKORMA 16OCT19FEB SPD,1,1,GUARKORMAOCTFEB2027
NCDEX,20933242,4,CASTOROIL,CASTOROILSEPOCT2026,FUTCOM,CASTOROIL-FUTCOM,21100120933242,NaN,NaN,200,0.5,2,100,-1,,2026-09-18T00:00:00,0,0,CASTOROIL 18SEP19OCT SPD,1,1,CASTOROILSEPOCT2026
NCDEX,20587266,4,GUARGUM5,GUARGUM5AUGOCT2026,FUTCOM,GUARGUM5-FUTCOM,21100120587266,NaN,NaN,250,1,5,10,-1,,2026-08-20T00:00:00,0,0,GUARGUM5 20AUG16OCT SPD,1,1,GUARGUM5AUGOCT2026
NCDEX,20936929,4,SESAMESEED,SESAMESEEDAUGNOV2026,FUTCOM,SESAMESEED-FUTCOM,21100120936929,NaN,NaN,250,5,5,10,-1,,2026-08-20T00:00:00,0,0,SESAMESEED 20AUG20NOV SPD,1,1,SESAMESEEDAUGNOV2026
NCDEX,20934574,4,GROUNDNUT,GROUNDNUTAUGOCT2026,FUTCOM,GROUNDNUT-FUTCOM,21100120934574,NaN,NaN,500,1,5,10,-1,,2026-08-20T00:00:00,0,0,GROUNDNUT 20AUG19OCT SPD,1,1,GROUNDNUTAUGOCT2026
NCDEX,21165019,4,GUARSEED10,GUARSEED10JANFEB2027,FUTCOM,GUARSEED10-FUTCOM,21100121165019,NaN,NaN,500,1,5,10,-1,,2027-01-20T00:00:00,0,0,GUARSEED10 20JAN19FEB SPD,1,1,GUARSEED10JANFEB2027
NCDEX,20787173,4,COTTON,COTTONOCTNOV2026,FUTCOM,COTTON-FUTCOM,21100120787173,NaN,NaN,50,10,1,25,-1,,2026-10-19T00:00:00,0,0,COTTON 19OCT20NOV SPD,1,1,COTTONOCTNOV2026
NCDEX,20791680,4,GUARGUM5,GUARGUM5OCTDEC2026,FUTCOM,GUARGUM5-FUTCOM,21100120791680,NaN,NaN,250,1,5,10,-1,,2026-10-16T00:00:00,0,0,GUARGUM5 16OCT18DEC SPD,1,1,GUARGUM5OCTDEC2026
NCDEX,21163733,4,COCUDAKL,COCUDAKLJANFEB2027,FUTCOM,COCUDAKL-FUTCOM,21100121163733,NaN,NaN,500,1,10,10,-1,,2027-01-20T00:00:00,0,0,COCUDAKL 20JAN19FEB SPD,1,1,COCUDAKLJANFEB2027
NCDEX,20790739,4,CASTOR,CASTORAUGDEC2026,FUTCOM,CASTOR-FUTCOM,21100120790739,NaN,NaN,500,1,5,10,-1,,2026-08-20T00:00:00,0,0,CASTOR 20AUG18DEC SPD,1,1,CASTORAUGDEC2026
NCDEX,20789502,4,COTTON,COTTONOCTAPR2027,FUTCOM,COTTON-FUTCOM,21100120789502,NaN,NaN,50,10,1,25,-1,,2026-10-19T00:00:00,0,0,COTTON 19OCT20APR SPD,1,1,COTTONOCTAPR2027
NCDEX,21019305,4,CASTOR,CASTOROCTNOV2026,FUTCOM,CASTOR-FUTCOM,21100121019305,NaN,NaN,500,1,5,10,-1,,2026-10-16T00:00:00,0,0,CASTOR 16OCT20NOV SPD,1,1,CASTOROCTNOV2026
NCDEX,21023972,4,YELLOWP,YELLOWPOCTDEC2026,FUTCOM,YELLOWP-FUTCOM,21100121023972,NaN,NaN,500,1,5,10,-1,,2026-10-19T00:00:00,0,0,YELLOWP 19OCT18DEC SPD,1,1,YELLOWPOCTDEC2026
NCDEX,20936373,4,SESAMESEED,SESAMESEEDAUGOCT2026,FUTCOM,SESAMESEED-FUTCOM,21100120936373,NaN,NaN,250,5,5,10,-1,,2026-08-20T00:00:00,0,0,SESAMESEED 20AUG19OCT SPD,1,1,SESAMESEEDAUGOCT2026
NCDEX,20934059,4,COCUDAKL,COCUDAKLSEPJAN2027,FUTCOM,COCUDAKL-FUTCOM,21100120934059,NaN,NaN,500,1,10,10,-1,,2026-09-18T00:00:00,0,0,COCUDAKL 18SEP20JAN SPD,1,1,COCUDAKLSEPJAN2027
NCDEX,20935643,4,GUARSEED10,GUARSEED10NOVFEB2027,FUTCOM,GUARSEED10-FUTCOM,21100120935643,NaN,NaN,500,1,5,10,-1,,2026-11-20T00:00:00,0,0,GUARSEED10 20NOV19FEB SPD,1,1,GUARSEED10NOVFEB2027
NCDEX,20704897,4,GUARSEED10,GUARSEED10SEPDEC2026,FUTCOM,GUARSEED10-FUTCOM,21100120704897,NaN,NaN,500,1,5,10,-1,,2026-09-18T00:00:00,0,0,GUARSEED10 18SEP18DEC SPD,1,1,GUARSEED10SEPDEC2026
NCDEX,21022903,4,SUNOIL,SUNOILSEPOCT2026,FUTCOM,SUNOIL-FUTCOM,21100121022903,NaN,NaN,500,0.1,5,100,-1,,2026-09-30T00:00:00,0,0,SUNOIL 30SEP30OCT SPD,1,1,SUNOILSEPOCT2026
NCDEX,21164246,4,COTWASOIL,COTWASOILJANFEB2027,FUTCOM,COTWASOIL-FUTCOM,21100121164246,NaN,NaN,500,0.1,1,100,-1,,2027-01-20T00:00:00,0,0,COTWASOIL 20JAN19FEB SPD,1,1,COTWASOILJANFEB2027
NCDEX,20794079,4,MAIZE,MAIZEAUGDEC2026,FUTCOM,MAIZE-FUTCOM,21100120794079,NaN,NaN,500,1,10,10,-1,,2026-08-20T00:00:00,0,0,MAIZE 20AUG18DEC SPD,1,1,MAIZEAUGDEC2026
NCDEX,21300932,4,GUARKORMA,GUARKORMAOCTNOV2026,FUTCOM,GUARKORMA-FUTCOM,21100121300932,NaN,NaN,500,1,5,10,-1,,2026-10-16T00:00:00,0,0,GUARKORMA 16OCT20NOV SPD,1,1,GUARKORMAOCTNOV2026
NCDEX,20791857,4,ISABGOL,ISABGOLAUGSEP2026,FUTCOM,ISABGOL-FUTCOM,21100120791857,NaN,NaN,150,5,3,10,-1,,2026-08-20T00:00:00,0,0,ISABGOL 20AUG18SEP SPD,1,1,ISABGOLAUGSEP2026
NCDEX,20936157,4,JEERAMINI,JEERAMINISEPDEC2026,FUTCOM,JEERAMINI-FUTCOM,21100120936157,NaN,NaN,50,5,1,10,-1,,2026-09-18T00:00:00,0,0,JEERAMINI 18SEP18DEC SPD,1,1,JEERAMINISEPDEC2026
NCDEX,21022131,4,JEERAUNJHA,JEERAUNJHAOCTNOV2026,FUTCOM,JEERAUNJHA-FUTCOM,21100121022131,NaN,NaN,150,5,3,10,-1,,2026-10-19T00:00:00,0,0,JEERAUNJHA 19OCT20NOV SPD,1,1,JEERAUNJHAOCTNOV2026
NCDEX,21165276,4,ISABGOL,ISABGOLNOVDEC2026,FUTCOM,ISABGOL-FUTCOM,21100121165276,NaN,NaN,150,5,3,10,-1,,2026-11-20T00:00:00,0,0,ISABGOL 20NOV18DEC SPD,1,1,ISABGOLNOVDEC2026
NCDEX,21023416,4,YELLOWP,YELLOWPOCTNOV2026,FUTCOM,YELLOWP-FUTCOM,21100121023416,NaN,NaN,500,1,5,10,-1,,2026-10-19T00:00:00,0,0,YELLOWP 19OCT20NOV SPD,1,1,YELLOWPOCTNOV2026
NCDEX,20933499,4,COCUDAKL,COCUDAKLSEPDEC2026,FUTCOM,COCUDAKL-FUTCOM,21100120933499,NaN,NaN,500,1,10,10,-1,,2026-09-18T00:00:00,0,0,COCUDAKL 18SEP18DEC SPD,1,1,COCUDAKLSEPDEC2026
NCDEX,21164761,4,GUARGUM5,GUARGUM5JANFEB2027,FUTCOM,GUARGUM5-FUTCOM,21100121164761,NaN,NaN,250,1,5,10,-1,,2027-01-20T00:00:00,0,0,GUARGUM5 20JAN19FEB SPD,1,1,GUARGUM5JANFEB2027
NCDEX,20792708,4,JEERAUNJHA,JEERAUNJHAAUGOCT2026,FUTCOM,JEERAUNJHA-FUTCOM,21100120792708,NaN,NaN,150,5,3,10,-1,,2026-08-20T00:00:00,0,0,JEERAUNJHA 20AUG19OCT SPD,1,1,JEERAUNJHAAUGOCT2026
NCDEX,20792022,4,COTWASOIL,COTWASOILAUGFEB2027,FUTCOM,COTWASOIL-FUTCOM,21100120792022,NaN,NaN,500,0.1,1,100,-1,,2026-08-20T00:00:00,0,0,COTWASOIL 20AUG19FEB SPD,1,1,COTWASOILAUGFEB2027
NCDEX,20703746,4,GUARGUM5,GUARGUM5SEPOCT2026,FUTCOM,GUARGUM5-FUTCOM,21100120703746,NaN,NaN,250,1,5,10,-1,,2026-09-18T00:00:00,0,0,GUARGUM5 18SEP16OCT SPD,1,1,GUARGUM5SEPOCT2026
NCDEX,20792628,4,MAIZE,MAIZEAUGSEP2026,FUTCOM,MAIZE-FUTCOM,21100120792628,NaN,NaN,500,1,10,10,-1,,2026-08-20T00:00:00,0,0,MAIZE 20AUG18SEP SPD,1,1,MAIZEAUGSEP2026
NCDEX,20586926,4,GUARGUM5,GUARGUM5AUGSEP2026,FUTCOM,GUARGUM5-FUTCOM,21100120586926,NaN,NaN,250,1,5,10,-1,,2026-08-20T00:00:00,0,0,GUARGUM5 20AUG18SEP SPD,1,1,GUARGUM5AUGSEP2026
NCDEX,20932728,4,BARLEYJPR,BARLEYJPRSEPOCT2026,FUTCOM,BARLEYJPR-FUTCOM,21100120932728,NaN,NaN,500,0.5,10,10,-1,,2026-09-18T00:00:00,0,0,BARLEYJPR 18SEP19OCT SPD,1,1,BARLEYJPRSEPOCT2026
NCDEX,21281657,4,PEPPER,PEPPEROCTNOV2026,FUTCOM,PEPPER-FUTCOM,21100121281657,NaN,NaN,50,0.1,1,1000,-1,,2026-10-19T00:00:00,0,0,PEPPER 19OCT20NOV SPD,1,1,PEPPEROCTNOV2026
NCDEX,21166819,4,SUNOIL,SUNOILOCTNOV2026,FUTCOM,SUNOIL-FUTCOM,21100121166819,NaN,NaN,500,0.1,5,100,-1,,2026-10-30T00:00:00,0,0,SUNOIL 30OCT30NOV SPD,1,1,SUNOILOCTNOV2026
NCDEX,20934529,4,GUARSEED10,GUARSEED10NOVDEC2026,FUTCOM,GUARSEED10-FUTCOM,21100120934529,NaN,NaN,500,1,5,10,-1,,2026-11-20T00:00:00,0,0,GUARSEED10 20NOV18DEC SPD,1,1,GUARSEED10NOVDEC2026
NCDEX,20793267,4,JEERAUNJHA,JEERAUNJHAAUGNOV2026,FUTCOM,JEERAUNJHA-FUTCOM,21100120793267,NaN,NaN,150,5,3,10,-1,,2026-08-20T00:00:00,0,0,JEERAUNJHA 20AUG20NOV SPD,1,1,JEERAUNJHAAUGNOV2026
NCDEX,20790482,4,BARLEYJPR,BARLEYJPRAUGDEC2026,FUTCOM,BARLEYJPR-FUTCOM,21100120790482,NaN,NaN,500,0.5,10,10,-1,,2026-08-20T00:00:00,0,0,BARLEYJPR 20AUG18DEC SPD,1,1,BARLEYJPRAUGDEC2026
NCDEX,21021657,4,GUARGUM5,GUARGUM5DECFEB2027,FUTCOM,GUARGUM5-FUTCOM,21100121021657,NaN,NaN,250,1,5,10,-1,,2026-12-18T00:00:00,0,0,GUARGUM5 18DEC19FEB SPD,1,1,GUARGUM5DECFEB2027
NCDEX,21300677,4,GUARKORMA,GUARKORMASEPDEC2026,FUTCOM,GUARKORMA-FUTCOM,21100121300677,NaN,NaN,500,1,5,10,-1,,2026-09-18T00:00:00,0,0,GUARKORMA 18SEP18DEC SPD,1,1,GUARKORMASEPDEC2026
NCDEX,21300933,4,GUARKORMA,GUARKORMAOCTDEC2026,FUTCOM,GUARKORMA-FUTCOM,21100121300933,NaN,NaN,500,1,5,10,-1,,2026-10-16T00:00:00,0,0,GUARKORMA 16OCT18DEC SPD,1,1,GUARKORMAOCTDEC2026
NCDEX,20790956,4,COTTON,COTTONOCTJAN2027,FUTCOM,COTTON-FUTCOM,21100120790956,NaN,NaN,50,10,1,25,-1,,2026-10-19T00:00:00,0,0,COTTON 19OCT20JAN SPD,1,1,COTTONOCTJAN2027
NCDEX,21019819,4,COCUDAKL,COCUDAKLDECJAN2027,FUTCOM,COCUDAKL-FUTCOM,21100121019819,NaN,NaN,500,1,10,10,-1,,2026-12-18T00:00:00,0,0,COCUDAKL 18DEC20JAN SPD,1,1,COCUDAKLDECJAN2027
NCDEX,21161187,4,COTTON,COTTONJANFEB2027,FUTCOM,COTTON-FUTCOM,21100121161187,NaN,NaN,50,10,1,25,-1,,2027-01-20T00:00:00,0,0,COTTON 20JAN19FEB SPD,1,1,COTTONJANFEB2027
NCDEX,20192739,4,COTTON,COTTONNOVFEB2027,FUTCOM,COTTON-FUTCOM,21100120192739,NaN,NaN,50,10,1,25,-1,,2026-11-20T00:00:00,0,0,COTTON 20NOV19FEB SPD,1,1,COTTONNOVFEB2027
NCDEX,20937186,4,STEEL,STEELAUGNOV2026,FUTCOM,STEEL-FUTCOM,21100120937186,NaN,NaN,500,10,10,1,-1,,2026-08-20T00:00:00,0,0,STEEL 20AUG20NOV SPD,1,1,STEELAUGNOV2026
NCDEX,20588211,4,KAPAS,KAPASFEBAPR2027,FUTCOM,KAPAS-FUTCOM,21100120588211,NaN,NaN,50,0.5,1,200,-1,,2027-02-26T00:00:00,0,0,KAPAS 26FEB30APR SPD,1,1,KAPASFEBAPR2027
NCDEX,21282016,4,PEPPER,PEPPERNOVDEC2026,FUTCOM,PEPPER-FUTCOM,21100121282016,NaN,NaN,50,0.1,1,1000,-1,,2026-11-20T00:00:00,0,0,PEPPER 20NOV18DEC SPD,1,1,PEPPERNOVDEC2026
NCDEX,20935128,4,GROUNDNUT,GROUNDNUTAUGNOV2026,FUTCOM,GROUNDNUT-FUTCOM,21100120935128,NaN,NaN,500,1,5,10,-1,,2026-08-20T00:00:00,0,0,GROUNDNUT 20AUG20NOV SPD,1,1,GROUNDNUTAUGNOV2026
NCDEX,20794249,4,YELLOWP,YELLOWPAUGOCT2026,FUTCOM,YELLOWP-FUTCOM,21100120794249,NaN,NaN,500,1,5,10,-1,,2026-08-20T00:00:00,0,0,YELLOWP 20AUG19OCT SPD,1,1,YELLOWPAUGOCT2026
NCDEX,21166562,4,STEEL,STEELOCTNOV2026,FUTCOM,STEEL-FUTCOM,21100121166562,NaN,NaN,500,10,10,1,-1,,2026-10-19T00:00:00,0,0,STEEL 19OCT20NOV SPD,1,1,STEELOCTNOV2026
NCDEX,21281400,4,PEPPER,PEPPERSEPOCT2026,FUTCOM,PEPPER-FUTCOM,21100121281400,NaN,NaN,50,0.1,1,1000,-1,,2026-09-18T00:00:00,0,0,PEPPER 18SEP19OCT SPD,1,1,PEPPERSEPOCT2026
NCDEX,20705753,4,GUARGUM5,GUARGUM5SEPFEB2027,FUTCOM,GUARGUM5-FUTCOM,21100120705753,NaN,NaN,250,1,5,10,-1,,2026-09-18T00:00:00,0,0,GUARGUM5 18SEP19FEB SPD,1,1,GUARGUM5SEPFEB2027
NCDEX,20586238,4,COTTON,COTTONFEBAPR2027,FUTCOM,COTTON-FUTCOM,21100120586238,NaN,NaN,50,10,1,25,-1,,2027-02-19T00:00:00,0,0,COTTON 19FEB20APR SPD,1,1,COTTONFEBAPR2027
NCDEX,21020076,4,COTTON,COTTONDECJAN2027,FUTCOM,COTTON-FUTCOM,21100121020076,NaN,NaN,50,10,1,25,-1,,2026-12-18T00:00:00,0,0,COTTON 18DEC20JAN SPD,1,1,COTTONDECJAN2027
NCDEX,20793010,4,JEERAMINI,JEERAMINIAUGNOV2026,FUTCOM,JEERAMINI-FUTCOM,21100120793010,NaN,NaN,50,5,1,10,-1,,2026-08-20T00:00:00,0,0,JEERAMINI 20AUG20NOV SPD,1,1,JEERAMINIAUGNOV2026
NCDEX,21020886,4,COTWASOIL,COTWASOILDECFEB2027,FUTCOM,COTWASOIL-FUTCOM,21100121020886,NaN,NaN,500,0.1,1,100,-1,,2026-12-18T00:00:00,0,0,COTWASOIL 18DEC19FEB SPD,1,1,COTWASOILDECFEB2027
NCDEX,20587523,4,GUARSEED10,GUARSEED10AUGOCT2026,FUTCOM,GUARSEED10-FUTCOM,21100120587523,NaN,NaN,500,1,5,10,-1,,2026-08-20T00:00:00,0,0,GUARSEED10 20AUG16OCT SPD,1,1,GUARSEED10AUGOCT2026
NCDEX,20792114,4,JEERAMINI,JEERAMINIAUGSEP2026,FUTCOM,JEERAMINI-FUTCOM,21100120792114,NaN,NaN,50,5,1,10,-1,,2026-08-20T00:00:00,0,0,JEERAMINI 20AUG18SEP SPD,1,1,JEERAMINIAUGSEP2026
NCDEX,21281401,4,PEPPER,PEPPERSEPNOV2026,FUTCOM,PEPPER-FUTCOM,21100121281401,NaN,NaN,50,0.1,1,1000,-1,,2026-09-18T00:00:00,0,0,PEPPER 18SEP20NOV SPD,1,1,PEPPERSEPNOV2026
NCDEX,21019048,4,BARLEYJPR,BARLEYJPROCTNOV2026,FUTCOM,BARLEYJPR-FUTCOM,21100121019048,NaN,NaN,500,0.5,10,10,-1,,2026-10-19T00:00:00,0,0,BARLEYJPR 19OCT20NOV SPD,1,1,BARLEYJPROCTNOV2026
NCDEX,20789882,4,CASTOROIL,CASTOROILAUGOCT2026,FUTCOM,CASTOROIL-FUTCOM,21100120789882,NaN,NaN,200,0.5,2,100,-1,,2026-08-20T00:00:00,0,0,CASTOROIL 20AUG19OCT SPD,1,1,CASTOROILAUGOCT2026
NCDEX,20789033,4,BARLEYJPR,BARLEYJPRAUGSEP2026,FUTCOM,BARLEYJPR-FUTCOM,21100120789033,NaN,NaN,500,0.5,10,10,-1,,2026-08-20T00:00:00,0,0,BARLEYJPR 20AUG18SEP SPD,1,1,BARLEYJPRAUGSEP2026
NCDEX,20933802,4,CASTOROIL,CASTOROILSEPNOV2026,FUTCOM,CASTOROIL-FUTCOM,21100120933802,NaN,NaN,200,0.5,2,100,-1,,2026-09-18T00:00:00,0,0,CASTOROIL 18SEP20NOV SPD,1,1,CASTOROILSEPNOV2026
NCDEX,20791937,4,GUARSEED10,GUARSEED10OCTDEC2026,FUTCOM,GUARSEED10-FUTCOM,21100120791937,NaN,NaN,500,1,5,10,-1,,2026-10-16T00:00:00,0,0,GUARSEED10 16OCT18DEC SPD,1,1,GUARSEED10OCTDEC2026
NCDEX,20587183,4,GUARSEED10,GUARSEED10AUGSEP2026,FUTCOM,GUARSEED10-FUTCOM,21100120587183,NaN,NaN,500,1,5,10,-1,,2026-08-20T00:00:00,0,0,GUARSEED10 20AUG18SEP SPD,1,1,GUARSEED10AUGSEP2026
